ride_id,driver_id,customer_id,vehicle_id,start_time,end_time,distance_km,fare_amount,payment_id,rating,city
R000001,D0208,C00927,V0024,2025-04-16 11:09:00,2025-04-16 11:48:00,10.91,180.92,P000001,4.6,Hyderabad
R000002,D0151,C01575,V0270,2024-05-21 08:23:00,2024-05-21 08:32:00,1.9,40.2,P000002,4.2,Pune
R000003,D0076,C00974,V0230,2025-08-19 07:14:00,2025-08-19 07:40:00,4.91,98.92,P000003,4.5,Bangalore
R000004,D0079,C01219,V0087,2024-09-19 09:05:00,2024-09-19 09:31:00,4.74,96.88,P000004,4.6,Hyderabad
R000005,D0104,C00888,V0290,2025-08-07 12:36:00,2025-08-07 13:03:00,5.42,68.36,P000005,5.0,Ahmedabad
R000006,D0158,C01459,V0266,2024-08-10 23:04:00,2024-08-10 23:10:00,2.32,67.84,P000006,4.9,Chennai
R000007,D0270,C01579,V0127,2024-11-28 15:11:00,2024-11-28 15:24:00,3.71,84.52,P000007,4.3,Bangalore
R000008,D0258,C01539,V0078,2025-05-14 22:44:00,2025-05-14 23:06:00,3.99,43.94,P000008,4.7,Chennai
R000009,D0200,C00611,V0014,2025-08-13 03:38:00,2025-08-13 04:18:00,11.3,87.8,P000009,4.4,Bangalore
R000010,D0062,C00724,V0241,2024-11-03 01:46:00,2024-11-03 02:00:00,4.96,99.52,P000010,4.5,Hyderabad
R000011,D0065,C00273,V0025,2025-08-13 12:05:00,2025-08-13 12:38:00,7.34,84.04,P000011,3.9,Mumbai
R000012,D0083,C01841,V0149,2024-02-27 10:22:00,2024-02-27 10:41:00,3.6,83.2,P000012,4.5,Hyderabad
R000013,D0064,C00086,V0296,2025-03-20 13:59:00,2025-03-20 14:21:00,4.44,56.64,P000013,4.4,Chennai
R000014,D0014,C00201,V0071,2024-05-03 07:47:00,2024-05-03 07:52:00,2.28,67.36,P000014,4.2,Chennai
R000015,D0144,C01914,V0105,2024-01-12 20:49:00,2024-01-12 22:05:00,24.54,177.24,P000015,4.2,Bangalore
R000016,D0272,C00468,V0288,2025-01-26 01:19:00,2025-01-26 01:30:00,1.94,31.64,P000016,3.8,Hyderabad
R000017,D0249,C01057,V0290,2025-06-20 01:20:00,2025-06-20 01:34:00,1.54,37.32,P000017,3.8,Kolkata
R000018,D0228,C00090,V0124,2025-07-06 18:09:00,2025-07-06 18:26:00,2.57,70.84,P000018,4.6,Pune
R000019,D0205,C00712,V0166,2024-11-30 16:44:00,2024-11-30 17:13:00,7.37,128.44,P000019,4.4,Bangalore
R000020,D0216,C01367,V0188,2024-08-14 04:03:00,2024-08-14 04:44:00,9.28,99.24,P000020,4.5,Hyderabad
R000021,D0132,C00285,V0058,2025-02-06 14:48:00,2025-02-06 14:52:00,3.24,39.44,P000021,4.8,Chennai
R000022,D0129,C00487,V0300,2025-08-12 16:05:00,2025-08-12 16:22:00,2.05,64.6,P000022,5.0,Mumbai
R000023,D0109,C01108,V0152,2024-08-15 13:18:00,2024-08-15 13:33:00,4.4,80.2,P000023,4.5,Delhi
R000024,D0141,C01145,V0240,2025-02-07 04:08:00,2025-02-07 04:31:00,6.08,112.96,P000024,4.2,Ahmedabad
R000025,D0104,C00902,V0290,2024-12-10 02:30:00,2024-12-10 02:42:00,1.65,38.2,P000025,4.7,Ahmedabad
R000026,D0238,C01265,V0110,2025-08-08 23:03:00,2025-08-08 23:25:00,3.93,87.16,P000026,5.0,Kolkata
R000027,D0274,C01698,V0024,2025-07-15 12:16:00,2025-07-15 12:22:00,1.63,69.56,P000027,4.6,Kolkata
R000028,D0008,C01687,V0203,2024-03-28 12:32:00,2024-03-28 12:46:00,2.15,52.9,P000028,4.4,Chennai
R000029,D0299,C01183,V0280,2025-03-20 22:08:00,2025-03-20 22:21:00,0.74,58.88,P000029,4.5,Mumbai
R000030,D0126,C00320,V0290,2024-05-18 15:35:00,2024-05-18 15:50:00,1.14,34.12,P000030,4.6,Delhi
R000031,D0249,C01997,V0290,2024-07-21 15:25:00,2024-07-21 15:40:00,2.29,43.32,P000031,4.3,Kolkata
R000032,D0244,C00554,V0244,2025-08-08 06:35:00,2025-08-08 06:51:00,1.54,68.48,P000032,4.4,Bangalore
R000033,D0080,C00040,V0165,2025-06-20 07:15:00,2025-06-20 07:34:00,6.28,57.68,P000033,5.0,Kolkata
R000034,D0174,C01637,V0148,2024-03-14 08:49:00,2024-03-14 08:56:00,2.18,86.16,P000034,4.5,Hyderabad
R000035,D0044,C00770,V0170,2025-03-16 10:43:00,2025-03-16 10:55:00,1.39,28.34,P000035,5.0,Ahmedabad
R000036,D0152,C01539,V0015,2025-08-12 02:07:00,2025-08-12 02:19:00,4.1,57.8,P000036,4.1,Chennai
R000037,D0092,C01747,V0196,2025-02-27 13:23:00,2025-02-27 14:51:00,25.39,344.68,P000037,3.7,Bangalore
R000038,D0295,C01160,V0002,2024-12-22 06:20:00,2024-12-22 06:42:00,3.86,96.32,P000038,4.4,Kolkata
R000039,D0004,C00200,V0096,2024-12-18 19:41:00,2024-12-18 20:05:00,1.45,57.4,P000039,4.7,Pune
R000040,D0205,C01427,V0166,2024-01-25 09:10:00,2024-01-25 09:34:00,5.78,109.36,P000040,4.8,Bangalore
R000041,D0217,C00091,V0289,2024-12-24 19:52:00,2024-12-24 20:05:00,3.31,79.72,P000041,5.0,Kolkata
R000042,D0126,C00204,V0290,2025-03-28 19:09:00,2025-03-28 19:33:00,5.21,66.68,P000042,4.6,Delhi
R000043,D0026,C01078,V0066,2025-03-27 01:59:00,2025-03-27 02:18:00,4.53,47.18,P000043,4.3,Hyderabad
R000044,D0207,C00591,V0110,2024-08-27 06:43:00,2024-08-27 06:54:00,1.73,70.76,P000044,4.5,Pune
R000045,D0168,C01944,V0007,2025-01-17 04:48:00,2025-01-17 05:08:00,4.5,47.0,P000045,4.6,Ahmedabad
R000046,D0039,C01910,V0072,2024-03-28 03:47:00,2024-03-28 04:35:00,9.24,75.44,P000046,4.8,Delhi
R000047,D0028,C01893,V0240,2024-02-25 07:39:00,2024-02-25 07:57:00,0.74,58.88,P000047,4.9,Bangalore
R000048,D0017,C00337,V0170,2024-05-31 09:00:00,2024-05-31 09:18:00,3.82,42.92,P000048,4.2,Mumbai
R000049,D0125,C01485,V0055,2024-12-17 22:51:00,2024-12-17 23:03:00,3.43,81.16,P000049,4.4,Delhi
R000050,D0285,C00654,V0054,2024-04-23 09:28:00,2024-04-23 10:01:00,7.64,141.68,P000050,4.7,Chennai
R000051,D0017,C01262,V0170,2025-04-27 00:21:00,2025-04-27 00:38:00,1.79,40.74,P000051,4.7,Mumbai
R000052,D0251,C00415,V0041,2024-08-02 23:34:00,2024-08-03 00:15:00,10.21,162.52,P000052,4.6,Pune
R000053,D0260,C00785,V0070,2024-08-04 06:34:00,2024-08-04 07:02:00,4.2,45.2,P000053,4.5,Chennai
R000054,D0154,C00940,V0064,2025-06-19 08:35:00,2025-06-19 08:52:00,2.38,68.56,P000054,4.9,Hyderabad
R000055,D0004,C00674,V0096,2025-05-09 19:46:00,2025-05-09 20:04:00,4.56,94.72,P000055,4.8,Pune
R000056,D0246,C01612,V0079,2024-05-24 22:44:00,2024-05-24 23:14:00,4.45,60.6,P000056,4.8,Mumbai
R000057,D0116,C00360,V0057,2024-01-19 12:37:00,2024-01-19 12:56:00,3.41,52.28,P000057,4.1,Bangalore
R000058,D0083,C00177,V0149,2025-06-23 01:16:00,2025-06-23 01:33:00,2.5,80.0,P000058,4.5,Hyderabad
R000059,D0270,C00023,V0127,2024-06-23 01:18:00,2024-06-23 01:27:00,1.91,62.92,P000059,5.0,Bangalore
R000060,D0126,C00133,V0290,2024-07-24 22:39:00,2024-07-24 22:45:00,2.28,43.24,P000060,4.4,Delhi
R000061,D0079,C01703,V0087,2024-10-04 01:29:00,2024-10-04 01:46:00,4.48,93.76,P000061,5.0,Hyderabad
R000062,D0099,C01175,V0260,2024-01-09 02:24:00,2024-01-09 02:36:00,1.0,33.0,P000062,4.1,Bangalore
R000063,D0118,C01043,V0253,2024-10-04 21:54:00,2024-10-04 22:13:00,5.01,50.06,P000063,4.1,Kolkata
R000064,D0273,C01783,V0261,2025-01-03 03:01:00,2025-01-03 03:38:00,8.23,90.84,P000064,5.0,Chennai
R000065,D0283,C00518,V0090,2024-10-26 20:24:00,2024-10-26 20:48:00,4.85,98.2,P000065,4.4,Delhi
R000066,D0215,C01128,V0188,2024-08-24 12:32:00,2024-08-24 12:47:00,1.86,39.88,P000066,4.2,Mumbai
R000067,D0008,C01953,V0203,2024-04-11 10:31:00,2024-04-11 11:05:00,10.72,104.32,P000067,4.7,Chennai
R000068,D0207,C00417,V0110,2025-06-28 02:11:00,2025-06-28 02:30:00,5.32,103.84,P000068,4.5,Pune
R000069,D0137,C00983,V0259,2024-07-22 16:29:00,2024-07-22 17:09:00,9.28,151.36,P000069,4.3,Bangalore
R000070,D0072,C00024,V0184,2025-07-28 22:01:00,2025-07-28 22:13:00,1.5,68.0,P000070,4.9,Mumbai
R000071,D0018,C00635,V0057,2024-02-10 07:59:00,2024-02-10 08:29:00,7.68,96.44,P000071,4.0,Hyderabad
R000072,D0047,C00943,V0054,2025-06-26 09:21:00,2025-06-26 09:46:00,5.42,105.04,P000072,4.2,Chennai
R000073,D0047,C00832,V0054,2025-05-16 12:47:00,2025-05-16 13:12:00,4.42,93.04,P000073,4.8,Chennai
R000074,D0079,C00844,V0087,2024-06-09 00:22:00,2024-06-09 00:38:00,4.71,96.52,P000074,4.3,Hyderabad
R000075,D0088,C00835,V0200,2024-12-26 11:40:00,2024-12-26 12:00:00,3.78,85.36,P000075,5.0,Mumbai
R000076,D0118,C01637,V0253,2024-11-05 07:32:00,2024-11-05 08:04:00,5.8,74.8,P000076,3.9,Kolkata
R000077,D0169,C00518,V0019,2024-10-09 01:40:00,2024-10-09 02:05:00,6.41,126.92,P000077,4.7,Pune
R000078,D0162,C00343,V0020,2024-09-20 12:56:00,2024-09-20 13:44:00,13.76,205.12,P000078,5.0,Mumbai
R000079,D0067,C01390,V0199,2024-01-31 17:17:00,2024-01-31 17:28:00,1.23,54.76,P000079,3.8,Mumbai
R000080,D0245,C01473,V0172,2024-08-18 04:21:00,2024-08-18 04:50:00,5.95,111.4,P000080,4.5,Bangalore
R000081,D0291,C01763,V0051,2025-02-06 21:08:00,2025-02-06 21:21:00,3.02,76.24,P000081,5.0,Bangalore
R000082,D0202,C00552,V0043,2024-03-30 23:24:00,2024-03-30 23:50:00,6.17,57.02,P000082,4.7,Hyderabad
R000083,D0022,C01052,V0284,2025-06-17 21:39:00,2025-06-17 21:56:00,1.94,63.28,P000083,4.7,Bangalore
R000084,D0143,C00975,V0084,2024-08-20 13:15:00,2024-08-20 13:28:00,1.48,57.76,P000084,5.0,Chennai
R000085,D0193,C00609,V0157,2025-08-09 04:27:00,2025-08-09 04:39:00,1.14,26.84,P000085,5.0,Hyderabad
R000086,D0121,C00374,V0192,2024-11-15 19:21:00,2024-11-15 19:38:00,5.96,55.76,P000086,4.5,Kolkata
R000087,D0165,C00003,V0010,2025-04-04 17:08:00,2025-04-04 17:15:00,3.56,82.72,P000087,4.7,Delhi
R000088,D0119,C01681,V0044,2024-07-30 20:08:00,2024-07-30 20:28:00,2.03,64.36,P000088,4.8,Bangalore
R000089,D0193,C01694,V0157,2025-08-17 17:43:00,2025-08-17 18:05:00,2.41,34.46,P000089,5.0,Hyderabad
R000090,D0017,C00179,V0170,2024-07-26 04:19:00,2024-07-26 04:41:00,5.43,52.58,P000090,5.0,Mumbai
R000091,D0147,C01398,V0153,2025-06-20 04:27:00,2025-06-20 04:44:00,2.38,34.28,P000091,4.5,Ahmedabad
R000092,D0230,C00436,V0052,2024-05-28 20:59:00,2024-05-28 21:34:00,10.03,160.36,P000092,4.6,Chennai
R000093,D0104,C01447,V0290,2025-08-01 05:20:00,2025-08-01 06:07:00,13.44,132.52,P000093,5.0,Ahmedabad
R000094,D0244,C00828,V0244,2024-03-10 17:34:00,2024-03-10 17:53:00,2.41,68.92,P000094,5.0,Bangalore
R000095,D0002,C01533,V0119,2024-05-01 05:20:00,2024-05-01 05:23:00,1.9,31.4,P000095,4.6,Delhi
R000096,D0120,C00368,V0214,2024-05-29 23:01:00,2024-05-29 23:17:00,4.23,45.38,P000096,4.9,Chennai
R000097,D0231,C01485,V0107,2024-11-22 13:26:00,2024-11-22 13:59:00,5.92,111.04,P000097,4.6,Kolkata
R000098,D0116,C01779,V0057,2024-11-06 14:47:00,2024-11-06 15:03:00,1.52,37.16,P000098,4.9,Bangalore
R000099,D0223,C01715,V0299,2024-10-07 04:49:00,2024-10-07 05:03:00,1.73,60.76,P000099,5.0,Hyderabad
R000100,D0124,C01062,V0088,2024-07-11 03:08:00,2024-07-11 03:56:00,13.9,136.2,P000100,4.8,Hyderabad
R000101,D0038,C00282,V0099,2024-07-08 00:48:00,2024-07-08 00:56:00,3.91,43.46,P000101,4.5,Bangalore
R000102,D0227,C01453,V0128,2024-09-30 19:36:00,2024-09-30 19:53:00,0.99,32.92,P000102,3.9,Bangalore
R000103,D0244,C01283,V0244,2024-08-24 19:14:00,2024-08-24 19:22:00,1.31,65.72,P000103,4.8,Bangalore
R000104,D0076,C00413,V0230,2024-08-24 21:01:00,2024-08-24 21:23:00,4.05,98.6,P000104,4.5,Bangalore
R000105,D0228,C01901,V0124,2025-01-02 02:44:00,2025-01-02 03:20:00,7.9,134.8,P000105,4.3,Pune
R000106,D0193,C00431,V0157,2025-05-03 04:32:00,2025-05-03 04:47:00,1.71,30.26,P000106,4.1,Hyderabad
R000107,D0109,C01291,V0152,2025-04-25 22:41:00,2025-04-25 23:04:00,4.76,63.08,P000107,4.3,Delhi
R000108,D0158,C01533,V0266,2025-01-17 05:54:00,2025-01-17 06:05:00,3.11,77.32,P000108,4.3,Chennai
R000109,D0210,C00852,V0295,2025-01-31 15:30:00,2025-01-31 16:03:00,7.51,130.12,P000109,4.1,Chennai
R000110,D0290,C01409,V0102,2024-05-20 05:12:00,2024-05-20 05:38:00,7.46,84.68,P000110,4.3,Delhi
R000111,D0228,C00166,V0124,2024-08-19 01:26:00,2024-08-19 01:41:00,2.02,64.24,P000111,4.8,Pune
R000112,D0044,C01255,V0170,2024-01-16 08:26:00,2024-01-16 08:40:00,2.63,35.78,P000112,4.8,Ahmedabad
R000113,D0188,C00558,V0074,2024-08-15 23:42:00,2024-08-15 23:57:00,5.15,111.8,P000113,5.0,Kolkata
R000114,D0119,C01940,V0044,2024-07-26 06:04:00,2024-07-26 06:21:00,3.73,84.76,P000114,4.7,Bangalore
R000115,D0078,C00806,V0047,2024-06-30 14:55:00,2024-06-30 15:26:00,10.32,117.56,P000115,4.1,Bangalore
R000116,D0265,C00529,V0120,2025-05-16 22:20:00,2025-05-16 22:36:00,2.98,48.84,P000116,4.6,Bangalore
R000117,D0294,C01799,V0133,2025-04-13 07:27:00,2025-04-13 07:50:00,5.16,60.96,P000117,4.8,Bangalore
R000118,D0079,C01618,V0087,2025-02-18 01:38:00,2025-02-18 02:12:00,7.81,133.72,P000118,4.8,Hyderabad
R000119,D0119,C00779,V0044,2025-01-24 23:20:00,2025-01-24 23:46:00,3.21,78.52,P000119,4.5,Bangalore
R000120,D0163,C00572,V0286,2025-02-07 19:47:00,2025-02-07 20:18:00,3.7,42.2,P000120,5.0,Chennai
R000121,D0160,C00530,V0102,2025-08-08 19:34:00,2025-08-08 20:07:00,9.13,98.04,P000121,4.8,Chennai
R000122,D0062,C01284,V0241,2025-06-21 20:56:00,2025-06-21 21:20:00,3.9,106.8,P000122,4.1,Hyderabad
R000123,D0133,C01667,V0080,2024-02-09 16:06:00,2024-02-09 16:44:00,12.12,121.96,P000123,4.4,Pune
R000124,D0076,C00802,V0230,2025-04-07 14:52:00,2025-04-07 15:11:00,2.71,72.52,P000124,5.0,Bangalore
R000125,D0256,C01035,V0211,2024-02-13 07:33:00,2024-02-13 07:50:00,2.53,35.18,P000125,4.7,Chennai
R000126,D0185,C01072,V0053,2025-07-04 12:47:00,2025-07-04 13:10:00,5.39,68.12,P000126,5.0,Chennai
R000127,D0223,C01857,V0299,2024-02-10 17:24:00,2024-02-10 17:40:00,4.38,92.56,P000127,4.1,Hyderabad
R000128,D0172,C01552,V0198,2025-06-12 20:03:00,2025-06-12 20:15:00,2.91,84.92,P000128,4.8,Kolkata
R000129,D0225,C01159,V0106,2024-07-13 09:28:00,2024-07-13 09:45:00,3.09,69.72,P000129,4.4,Kolkata
R000130,D0120,C01650,V0214,2025-02-11 09:49:00,2025-02-11 10:26:00,6.9,61.4,P000130,3.7,Chennai
R000131,D0064,C01616,V0296,2024-10-19 14:10:00,2024-10-19 14:29:00,3.09,38.54,P000131,5.0,Chennai
R000132,D0132,C00210,V0058,2025-03-08 09:39:00,2025-03-08 09:47:00,2.41,54.46,P000132,4.3,Chennai
R000133,D0259,C01921,V0239,2024-02-25 22:33:00,2024-02-25 22:51:00,3.15,97.8,P000133,4.8,Mumbai
R000134,D0137,C00382,V0259,2024-05-25 14:53:00,2024-05-25 14:58:00,1.11,63.32,P000134,4.0,Bangalore
R000135,D0015,C01776,V0216,2025-04-07 02:46:00,2025-04-07 03:00:00,3.5,53.0,P000135,3.9,Delhi
R000136,D0097,C01172,V0288,2025-05-27 03:11:00,2025-05-27 03:34:00,3.42,40.52,P000136,4.7,Mumbai
R000137,D0248,C01380,V0124,2025-08-22 22:34:00,2025-08-22 22:48:00,1.12,53.44,P000137,4.9,Kolkata
R000138,D0159,C01201,V0080,2024-05-18 12:26:00,2024-05-18 12:41:00,1.59,37.72,P000138,4.9,Bangalore
R000139,D0104,C01325,V0290,2024-11-27 14:01:00,2024-11-27 14:56:00,17.99,178.92,P000139,4.6,Ahmedabad
R000140,D0004,C00308,V0096,2024-07-02 14:37:00,2024-07-02 14:56:00,5.24,102.88,P000140,4.6,Pune
R000141,D0012,C01508,V0075,2024-07-25 14:05:00,2024-07-25 14:18:00,2.28,43.24,P000141,4.6,Delhi
R000142,D0047,C00492,V0054,2024-09-13 10:44:00,2024-09-13 11:09:00,5.21,122.52,P000142,4.6,Chennai
R000143,D0197,C00292,V0172,2024-06-16 22:46:00,2024-06-16 23:39:00,16.63,239.56,P000143,5.0,Pune
R000144,D0070,C00825,V0283,2024-05-06 02:07:00,2024-05-06 02:13:00,1.84,62.08,P000144,4.6,Kolkata
R000145,D0208,C00468,V0024,2025-04-05 20:23:00,2025-04-05 20:54:00,8.59,143.08,P000145,5.0,Hyderabad
R000146,D0146,C00538,V0269,2024-03-28 16:45:00,2024-03-28 17:07:00,2.54,70.48,P000146,4.0,Kolkata
R000147,D0043,C01154,V0284,2025-01-28 23:50:00,2025-01-29 00:10:00,2.64,81.68,P000147,4.5,Hyderabad
R000148,D0124,C00200,V0088,2025-06-07 19:10:00,2025-06-07 19:33:00,3.28,51.24,P000148,5.0,Hyderabad
R000149,D0093,C01578,V0255,2025-01-22 17:24:00,2025-01-22 17:40:00,3.28,89.36,P000149,4.4,Ahmedabad
R000150,D0242,C01497,V0221,2024-02-14 05:58:00,2024-02-14 06:15:00,1.33,55.96,P000150,4.4,Ahmedabad
R000151,D0218,C00566,V0221,2024-12-09 18:55:00,2024-12-09 19:28:00,6.84,122.08,P000151,5.0,Bangalore
R000152,D0148,C01022,V0095,2024-06-02 05:55:00,2024-06-02 06:08:00,1.19,27.14,P000152,4.8,Delhi
R000153,D0050,C01421,V0033,2024-05-28 05:49:00,2024-05-28 06:27:00,10.09,161.08,P000153,4.9,Kolkata
R000154,D0110,C00718,V0289,2024-02-22 13:19:00,2024-02-22 13:43:00,7.06,124.72,P000154,4.3,Hyderabad
R000155,D0196,C01065,V0174,2024-11-12 23:49:00,2024-11-13 00:08:00,4.6,95.2,P000155,5.0,Pune
R000156,D0040,C01615,V0294,2025-04-01 09:40:00,2025-04-01 10:03:00,3.27,79.24,P000156,4.7,Bangalore
R000157,D0221,C01545,V0220,2024-07-04 03:57:00,2024-07-04 04:00:00,1.2,27.2,P000157,4.3,Delhi
R000158,D0183,C01435,V0231,2024-05-14 06:00:00,2024-05-14 06:15:00,1.79,40.74,P000158,4.8,Bangalore
R000159,D0113,C00741,V0134,2024-09-16 00:29:00,2024-09-16 01:59:00,28.82,385.84,P000159,4.6,Ahmedabad
R000160,D0203,C01364,V0233,2025-05-24 15:34:00,2025-05-24 16:50:00,22.97,315.64,P000160,4.0,Pune
R000161,D0119,C01962,V0044,2024-01-06 19:56:00,2024-01-06 20:08:00,2.47,69.64,P000161,4.4,Bangalore
R000162,D0170,C01318,V0132,2025-05-20 07:13:00,2025-05-20 07:25:00,1.44,57.28,P000162,4.0,Ahmedabad
R000163,D0032,C01666,V0015,2025-05-02 14:26:00,2025-05-02 15:18:00,16.26,155.08,P000163,5.0,Bangalore
R000164,D0003,C01810,V0159,2025-03-28 02:38:00,2025-03-28 03:02:00,2.71,72.52,P000164,4.4,Delhi
R000165,D0036,C00246,V0002,2024-01-07 07:56:00,2024-01-07 08:29:00,6.65,119.8,P000165,4.6,Chennai
R000166,D0265,C01867,V0120,2025-07-14 08:39:00,2025-07-14 08:55:00,2.97,48.76,P000166,4.1,Bangalore
R000167,D0067,C00936,V0199,2025-07-24 06:03:00,2025-07-24 06:16:00,1.81,61.72,P000167,4.9,Mumbai
R000168,D0198,C01619,V0010,2024-07-08 04:03:00,2024-07-08 04:22:00,3.25,79.0,P000168,4.8,Hyderabad
R000169,D0250,C00654,V0028,2024-12-23 01:09:00,2024-12-23 01:12:00,1.04,26.24,P000169,4.0,Chennai
R000170,D0184,C00295,V0077,2024-02-03 21:36:00,2024-02-03 21:47:00,1.87,62.44,P000170,4.9,Hyderabad
R000171,D0195,C00206,V0247,2024-11-01 10:58:00,2024-11-01 11:14:00,4.88,64.04,P000171,4.5,Ahmedabad
R000172,D0004,C01472,V0096,2024-03-30 01:06:00,2024-03-30 01:09:00,2.67,72.04,P000172,4.4,Pune
R000173,D0076,C00765,V0230,2025-03-02 05:10:00,2025-03-02 05:15:00,0.87,50.44,P000173,4.4,Bangalore
R000174,D0122,C01561,V0273,2024-10-18 19:42:00,2024-10-18 19:51:00,1.49,28.94,P000174,5.0,Pune
R000175,D0068,C01808,V0258,2025-08-09 17:11:00,2025-08-09 17:33:00,4.02,57.16,P000175,3.8,Ahmedabad
R000176,D0163,C00763,V0286,2025-04-11 23:37:00,2025-04-11 23:54:00,2.12,32.72,P000176,4.4,Chennai
R000177,D0246,C00012,V0079,2025-01-03 01:05:00,2025-01-03 01:28:00,4.54,81.32,P000177,4.5,Mumbai
R000178,D0234,C01821,V0158,2024-11-02 10:23:00,2024-11-02 10:59:00,8.9,96.2,P000178,4.2,Delhi
R000179,D0066,C00638,V0234,2025-01-23 02:48:00,2025-01-23 03:00:00,1.43,67.16,P000179,4.0,Ahmedabad
R000180,D0274,C01972,V0024,2025-03-13 17:04:00,2025-03-13 18:13:00,24.36,342.32,P000180,4.6,Kolkata
R000181,D0100,C01765,V0116,2024-10-26 15:08:00,2024-10-26 15:18:00,1.67,30.02,P000181,4.8,Kolkata
R000182,D0256,C01343,V0211,2024-05-04 22:55:00,2024-05-04 23:03:00,2.39,34.34,P000182,4.0,Chennai
R000183,D0005,C01815,V0047,2024-10-08 10:33:00,2024-10-08 11:04:00,5.36,77.88,P000183,4.1,Pune
R000184,D0291,C01414,V0051,2025-02-27 16:13:00,2025-02-27 16:45:00,6.65,119.8,P000184,4.0,Bangalore
R000185,D0223,C01274,V0299,2024-08-02 19:03:00,2024-08-02 19:27:00,5.03,100.36,P000185,4.6,Hyderabad
R000186,D0263,C01727,V0248,2024-04-21 18:46:00,2024-04-21 19:16:00,8.11,89.88,P000186,4.7,Kolkata
R000187,D0053,C00462,V0112,2025-06-25 02:30:00,2025-06-25 02:48:00,1.95,83.4,P000187,4.7,Bangalore
R000188,D0042,C00030,V0291,2024-10-21 13:38:00,2024-10-21 14:09:00,6.2,114.4,P000188,4.2,Bangalore
R000189,D0275,C01654,V0051,2024-11-20 08:33:00,2024-11-20 08:48:00,1.83,61.96,P000189,4.3,Ahmedabad
R000190,D0196,C00834,V0174,2025-08-11 19:22:00,2025-08-11 19:43:00,4.06,88.72,P000190,4.1,Pune
R000191,D0141,C01410,V0240,2024-05-12 19:36:00,2024-05-12 19:58:00,3.18,78.16,P000191,3.6,Ahmedabad
R000192,D0026,C00847,V0066,2025-05-23 16:46:00,2025-05-23 17:23:00,11.19,107.14,P000192,4.2,Hyderabad
R000193,D0151,C00318,V0270,2025-05-24 15:51:00,2025-05-24 16:19:00,5.63,70.04,P000193,4.9,Pune
R000194,D0011,C01778,V0218,2024-07-03 19:14:00,2024-07-03 19:34:00,4.05,88.6,P000194,4.5,Bangalore
R000195,D0118,C00630,V0253,2024-10-24 06:00:00,2024-10-24 06:47:00,11.28,87.68,P000195,4.5,Kolkata
R000196,D0199,C00826,V0282,2024-05-01 00:29:00,2024-05-01 00:46:00,1.87,62.44,P000196,5.0,Chennai
R000197,D0277,C00609,V0084,2024-04-30 23:54:00,2024-05-01 00:11:00,2.75,73.0,P000197,4.1,Bangalore
R000198,D0034,C00318,V0254,2024-07-31 19:26:00,2024-07-31 19:56:00,8.94,147.28,P000198,4.6,Delhi
R000199,D0252,C00417,V0093,2025-02-27 01:21:00,2025-02-27 01:40:00,2.04,64.48,P000199,4.6,Delhi
R000200,D0219,C01798,V0063,2024-12-24 17:51:00,2024-12-24 18:18:00,4.54,61.32,P000200,4.7,Ahmedabad
R000201,D0095,C00046,V0047,2024-08-05 00:40:00,2024-08-05 00:49:00,1.6,37.8,P000201,3.6,Ahmedabad
R000202,D0078,C01435,V0047,2024-07-25 22:18:00,2024-07-25 22:36:00,2.25,63.0,P000202,4.0,Bangalore
R000203,D0079,C01842,V0087,2024-09-17 02:19:00,2024-09-17 02:47:00,5.37,104.44,P000203,4.8,Hyderabad
R000204,D0202,C00038,V0043,2024-11-03 16:35:00,2024-11-03 16:43:00,3.32,39.92,P000204,4.6,Hyderabad
R000205,D0287,C01828,V0078,2024-11-27 00:07:00,2024-11-27 00:40:00,5.42,52.52,P000205,4.3,Hyderabad
R000206,D0106,C00926,V0090,2024-12-07 10:25:00,2024-12-07 10:50:00,2.41,68.92,P000206,4.1,Kolkata
R000207,D0191,C01259,V0050,2025-08-05 19:01:00,2025-08-05 19:38:00,10.61,119.88,P000207,4.8,Bangalore
R000208,D0121,C00283,V0192,2024-06-28 06:21:00,2024-06-28 06:35:00,2.19,33.14,P000208,5.0,Kolkata
R000209,D0281,C00067,V0294,2024-12-12 21:30:00,2024-12-12 21:49:00,6.38,126.56,P000209,4.5,Delhi
R000210,D0095,C01239,V0047,2025-04-30 01:41:00,2025-04-30 01:53:00,4.24,58.92,P000210,4.0,Ahmedabad
R000211,D0228,C00840,V0124,2024-05-19 15:09:00,2024-05-19 15:56:00,15.82,249.84,P000211,4.0,Pune
R000212,D0019,C01619,V0250,2025-04-16 17:57:00,2025-04-16 18:16:00,2.54,80.48,P000212,4.5,Chennai
R000213,D0180,C00568,V0172,2024-12-09 14:50:00,2024-12-09 15:40:00,14.51,214.12,P000213,4.0,Pune
R000214,D0147,C00915,V0153,2025-02-27 23:03:00,2025-02-27 23:47:00,13.09,98.54,P000214,4.9,Ahmedabad
R000215,D0273,C01001,V0261,2025-06-17 09:36:00,2025-06-17 09:56:00,3.17,60.36,P000215,4.6,Chennai
R000216,D0264,C01852,V0097,2024-11-19 17:34:00,2024-11-19 18:10:00,7.17,126.04,P000216,4.6,Mumbai
R000217,D0020,C01147,V0227,2024-01-20 06:36:00,2024-01-20 07:27:00,15.34,224.08,P000217,4.4,Hyderabad
R000218,D0208,C00467,V0024,2024-12-05 11:04:00,2024-12-05 11:27:00,2.79,73.48,P000218,4.7,Hyderabad
R000219,D0191,C00109,V0050,2024-06-01 08:53:00,2024-06-01 09:18:00,5.89,72.12,P000219,4.7,Bangalore
R000220,D0209,C01657,V0239,2024-02-01 10:24:00,2024-02-01 10:45:00,2.73,72.76,P000220,4.6,Mumbai
R000221,D0207,C01879,V0110,2025-07-01 05:36:00,2025-07-01 06:00:00,6.65,129.8,P000221,4.6,Pune
R000222,D0075,C01437,V0067,2025-02-02 05:38:00,2025-02-02 05:58:00,4.15,68.2,P000222,5.0,Hyderabad
R000223,D0012,C00370,V0075,2024-04-29 09:45:00,2024-04-29 09:58:00,1.35,35.8,P000223,4.1,Delhi
R000224,D0115,C01535,V0049,2024-11-18 22:02:00,2024-11-18 22:37:00,6.72,60.32,P000224,4.2,Bangalore
R000225,D0193,C01840,V0157,2024-10-05 13:05:00,2024-10-05 13:19:00,3.14,38.84,P000225,5.0,Hyderabad
R000226,D0196,C01349,V0174,2025-05-23 07:23:00,2025-05-23 07:50:00,5.79,109.48,P000226,5.0,Pune
R000227,D0300,C00217,V0271,2025-04-07 09:13:00,2025-04-07 09:24:00,4.25,101.0,P000227,4.6,Pune
R000228,D0002,C00790,V0119,2025-06-21 09:11:00,2025-06-21 09:25:00,3.04,48.24,P000228,4.7,Delhi
R000229,D0173,C00433,V0188,2024-04-24 11:50:00,2024-04-24 12:16:00,5.38,68.04,P000229,4.9,Bangalore
R000230,D0037,C01323,V0032,2024-02-08 06:58:00,2024-02-08 07:32:00,7.94,77.64,P000230,4.6,Chennai
R000231,D0027,C01670,V0126,2024-04-04 14:32:00,2024-04-04 14:44:00,3.32,39.92,P000231,4.4,Ahmedabad
R000232,D0219,C00219,V0063,2024-01-26 15:57:00,2024-01-26 16:16:00,1.11,43.88,P000232,5.0,Ahmedabad
R000233,D0100,C01957,V0116,2025-05-27 04:12:00,2025-05-27 04:28:00,5.36,52.16,P000233,4.9,Kolkata
R000234,D0223,C00557,V0299,2024-12-14 15:46:00,2024-12-14 16:06:00,2.41,68.92,P000234,4.4,Hyderabad
R000235,D0199,C01054,V0282,2025-06-20 09:49:00,2025-06-20 10:06:00,2.92,75.04,P000235,5.0,Chennai
R000236,D0046,C00087,V0271,2024-12-01 04:49:00,2024-12-01 05:02:00,1.93,63.16,P000236,4.1,Delhi
R000237,D0205,C00732,V0166,2024-04-10 16:43:00,2024-04-10 17:04:00,4.91,98.92,P000237,3.8,Bangalore
R000238,D0091,C01580,V0293,2024-05-15 06:46:00,2024-05-15 06:59:00,2.2,66.4,P000238,4.4,Bangalore
R000239,D0049,C00290,V0057,2024-02-07 14:24:00,2024-02-07 15:04:00,7.91,88.28,P000239,4.2,Chennai
R000240,D0024,C01024,V0091,2025-06-18 03:00:00,2025-06-18 03:17:00,1.07,52.84,P000240,4.9,Ahmedabad
R000241,D0220,C00079,V0088,2024-11-14 01:43:00,2024-11-14 02:07:00,4.08,57.64,P000241,4.4,Bangalore
R000242,D0253,C01335,V0158,2024-03-30 10:29:00,2024-03-30 11:17:00,16.42,176.36,P000242,5.0,Ahmedabad
R000243,D0156,C01022,V0033,2024-02-17 03:33:00,2024-02-17 03:53:00,3.82,85.84,P000243,4.4,Delhi
R000244,D0281,C01767,V0294,2024-11-15 00:36:00,2024-11-15 00:57:00,4.67,96.04,P000244,4.7,Delhi
R000245,D0111,C01162,V0154,2024-11-15 20:57:00,2024-11-15 21:08:00,1.29,27.74,P000245,4.9,Ahmedabad
R000246,D0143,C01534,V0084,2024-08-02 10:12:00,2024-08-02 10:40:00,7.01,124.12,P000246,4.3,Chennai
R000247,D0087,C01980,V0219,2024-07-16 09:17:00,2024-07-16 09:45:00,5.33,103.96,P000247,3.9,Hyderabad
R000248,D0177,C01046,V0028,2025-06-29 10:49:00,2025-06-29 11:14:00,3.19,39.14,P000248,4.5,Kolkata
R000249,D0249,C00150,V0290,2025-03-27 21:07:00,2025-03-27 21:19:00,4.09,57.72,P000249,4.4,Kolkata
R000250,D0047,C01530,V0054,2024-10-06 04:10:00,2024-10-06 05:01:00,16.7,250.4,P000250,4.1,Chennai
R000251,D0128,C00805,V0218,2024-10-07 03:00:00,2024-10-07 03:07:00,0.99,51.88,P000251,4.7,Bangalore
R000252,D0060,C00893,V0084,2025-07-27 16:06:00,2025-07-27 16:23:00,3.53,82.36,P000252,4.1,Hyderabad
R000253,D0285,C00909,V0054,2024-07-30 17:22:00,2024-07-30 17:33:00,1.74,80.88,P000253,4.8,Chennai
R000254,D0222,C01200,V0051,2025-07-16 10:17:00,2025-07-16 10:35:00,5.24,102.88,P000254,4.9,Chennai
R000255,D0147,C01563,V0153,2024-05-24 22:51:00,2024-05-24 23:09:00,1.99,31.94,P000255,4.9,Ahmedabad
R000256,D0279,C01697,V0029,2024-10-17 18:15:00,2024-10-17 19:00:00,13.86,206.32,P000256,4.4,Chennai
R000257,D0262,C01091,V0293,2024-06-24 02:19:00,2024-06-24 02:38:00,2.86,74.32,P000257,4.3,Mumbai
R000258,D0160,C00044,V0102,2024-12-12 17:28:00,2024-12-12 17:48:00,5.21,66.68,P000258,4.2,Chennai
R000259,D0124,C00284,V0088,2024-02-21 04:01:00,2024-02-21 04:19:00,3.64,54.12,P000259,4.6,Hyderabad
R000260,D0081,C01881,V0049,2025-04-27 21:03:00,2025-04-27 21:32:00,9.34,76.04,P000260,4.6,Delhi
R000261,D0198,C00790,V0010,2024-04-18 12:03:00,2024-04-18 12:18:00,2.3,77.6,P000261,5.0,Hyderabad
R000262,D0013,C00236,V0006,2024-03-29 13:25:00,2024-03-29 13:50:00,8.23,90.84,P000262,4.7,Ahmedabad
R000263,D0272,C01657,V0288,2024-07-02 22:38:00,2024-07-02 23:35:00,13.33,99.98,P000263,4.6,Hyderabad
R000264,D0154,C01022,V0064,2025-04-01 19:22:00,2025-04-01 19:34:00,1.25,55.0,P000264,3.9,Hyderabad
R000265,D0252,C01556,V0093,2024-11-15 10:52:00,2024-11-15 11:46:00,16.65,239.8,P000265,3.8,Delhi
R000266,D0110,C00957,V0289,2024-07-21 22:48:00,2024-07-21 23:01:00,2.03,64.36,P000266,4.8,Hyderabad
R000267,D0162,C01965,V0020,2025-06-30 02:59:00,2025-06-30 03:12:00,2.79,73.48,P000267,4.1,Mumbai
R000268,D0190,C01917,V0066,2025-04-21 18:08:00,2025-04-21 18:30:00,8.58,71.48,P000268,4.2,Mumbai
R000269,D0211,C01138,V0150,2024-04-05 22:29:00,2024-04-05 22:43:00,1.4,56.2,P000269,4.5,Bangalore
R000270,D0027,C01974,V0126,2024-04-09 14:19:00,2024-04-09 14:38:00,3.11,38.66,P000270,3.6,Ahmedabad
R000271,D0081,C01511,V0049,2025-04-21 15:14:00,2025-04-21 15:45:00,6.47,68.82,P000271,4.6,Delhi
R000272,D0048,C00411,V0054,2024-08-17 04:55:00,2024-08-17 05:11:00,2.33,67.96,P000272,5.0,Bangalore
R000273,D0257,C00381,V0127,2024-09-21 11:25:00,2024-09-21 11:35:00,0.89,60.68,P000273,4.3,Kolkata
R000274,D0151,C00440,V0270,2024-07-06 22:58:00,2024-07-06 23:09:00,1.34,35.72,P000274,4.4,Pune
R000275,D0010,C00141,V0097,2024-12-04 10:29:00,2024-12-04 10:38:00,1.98,63.76,P000275,4.3,Delhi
R000276,D0158,C00491,V0266,2025-05-14 00:04:00,2025-05-14 00:24:00,4.25,91.0,P000276,4.8,Chennai
R000277,D0086,C00948,V0024,2025-05-01 03:22:00,2025-05-01 03:36:00,2.94,75.28,P000277,5.0,Ahmedabad
R000278,D0265,C01261,V0120,2025-05-05 14:54:00,2025-05-05 15:11:00,2.16,62.28,P000278,3.6,Bangalore
R000279,D0265,C00857,V0120,2024-06-23 09:49:00,2024-06-23 10:01:00,2.12,51.96,P000279,4.5,Bangalore
R000280,D0156,C00219,V0033,2024-12-22 19:36:00,2024-12-22 20:08:00,9.7,156.4,P000280,4.8,Delhi
R000281,D0062,C01165,V0241,2024-05-10 16:06:00,2024-05-10 17:30:00,25.9,350.8,P000281,4.2,Hyderabad
R000282,D0132,C00354,V0058,2025-02-19 22:50:00,2025-02-19 23:04:00,0.99,25.94,P000282,4.4,Chennai
R000283,D0139,C01152,V0084,2024-04-19 10:35:00,2024-04-19 10:44:00,1.91,62.92,P000283,4.4,Mumbai
R000284,D0141,C01396,V0240,2024-03-13 09:34:00,2024-03-13 10:16:00,8.5,152.0,P000284,3.8,Ahmedabad
R000285,D0026,C01103,V0066,2025-04-17 12:37:00,2025-04-17 12:58:00,2.31,33.86,P000285,4.9,Hyderabad
R000286,D0155,C01521,V0272,2025-02-27 07:39:00,2025-02-27 07:42:00,0.58,23.48,P000286,5.0,Ahmedabad
R000287,D0188,C00719,V0074,2024-09-06 17:10:00,2024-09-06 17:55:00,11.87,182.44,P000287,4.4,Kolkata
R000288,D0001,C02000,V0080,2025-05-08 12:04:00,2025-05-08 12:43:00,11.11,113.88,P000288,4.6,Bangalore
R000289,D0294,C01708,V0133,2024-12-14 06:52:00,2024-12-14 07:17:00,5.4,52.4,P000289,5.0,Bangalore
R000290,D0055,C01328,V0237,2025-03-17 13:36:00,2025-03-17 14:02:00,5.79,119.48,P000290,4.3,Chennai
R000291,D0179,C01367,V0299,2024-12-16 17:44:00,2024-12-16 18:28:00,12.74,192.88,P000291,4.0,Ahmedabad
R000292,D0063,C00535,V0033,2024-08-29 05:42:00,2024-08-29 05:55:00,2.56,70.72,P000292,5.0,Delhi
R000293,D0125,C00069,V0055,2024-03-20 23:59:00,2024-03-21 00:27:00,4.93,99.16,P000293,5.0,Delhi
R000294,D0198,C00676,V0010,2025-08-10 15:07:00,2025-08-10 15:21:00,1.54,68.48,P000294,4.7,Hyderabad
R000295,D0079,C00592,V0087,2025-04-19 10:35:00,2025-04-19 10:51:00,2.53,70.36,P000295,5.0,Hyderabad
R000296,D0141,C01540,V0240,2024-04-09 14:11:00,2024-04-09 14:35:00,6.1,113.2,P000296,4.7,Ahmedabad
R000297,D0251,C01462,V0041,2024-11-11 12:04:00,2024-11-11 12:28:00,1.82,61.84,P000297,4.7,Pune
R000298,D0273,C01842,V0261,2024-04-21 21:52:00,2024-04-21 22:15:00,9.0,97.0,P000298,4.7,Chennai
R000299,D0167,C00749,V0088,2025-01-23 10:31:00,2025-01-23 10:45:00,2.79,47.32,P000299,4.3,Mumbai
R000300,D0246,C01150,V0079,2024-03-03 02:13:00,2024-03-03 02:46:00,6.67,78.36,P000300,5.0,Mumbai
R000301,D0059,C01092,V0187,2024-05-22 18:57:00,2024-05-22 19:39:00,8.43,161.16,P000301,4.9,Ahmedabad
R000302,D0164,C00947,V0146,2024-01-01 04:42:00,2024-01-01 04:55:00,1.71,58.68,P000302,4.3,Kolkata
R000303,D0276,C01316,V0012,2024-06-01 14:34:00,2024-06-01 14:54:00,2.22,66.64,P000303,4.5,Chennai
R000304,D0159,C00434,V0080,2024-10-25 12:39:00,2024-10-25 13:12:00,8.67,94.36,P000304,4.8,Bangalore
R000305,D0133,C00947,V0080,2025-08-14 14:12:00,2025-08-14 14:21:00,1.27,35.16,P000305,4.5,Pune
R000306,D0254,C00195,V0110,2024-07-29 21:56:00,2024-07-29 22:28:00,7.0,124.0,P000306,5.0,Bangalore
R000307,D0035,C00149,V0027,2024-11-20 09:36:00,2024-11-20 10:10:00,10.99,171.88,P000307,4.5,Ahmedabad
R000308,D0286,C00261,V0092,2024-11-07 13:45:00,2024-11-07 14:03:00,4.78,63.24,P000308,5.0,Pune
R000309,D0218,C01111,V0221,2024-12-18 02:37:00,2024-12-18 02:46:00,1.07,62.84,P000309,4.7,Bangalore
R000310,D0265,C01666,V0120,2024-01-09 19:32:00,2024-01-09 19:58:00,3.18,50.44,P000310,4.3,Bangalore
R000311,D0084,C00951,V0261,2025-02-17 04:54:00,2025-02-17 05:16:00,4.96,64.68,P000311,4.2,Chennai
R000312,D0163,C00348,V0286,2024-10-28 01:23:00,2024-10-28 02:01:00,7.59,65.54,P000312,4.8,Chennai
R000313,D0018,C01293,V0057,2025-07-16 01:00:00,2025-07-16 01:11:00,1.24,34.92,P000313,3.8,Hyderabad
R000314,D0255,C00995,V0104,2025-07-27 11:07:00,2025-07-27 11:36:00,6.99,123.88,P000314,4.1,Pune
R000315,D0174,C01774,V0148,2024-10-15 00:15:00,2024-10-15 00:25:00,1.63,79.56,P000315,4.0,Hyderabad
R000316,D0139,C00751,V0084,2025-03-18 22:37:00,2025-03-18 22:57:00,2.73,82.76,P000316,4.8,Mumbai
R000317,D0185,C00541,V0053,2025-02-07 20:20:00,2025-02-07 20:30:00,1.9,40.2,P000317,4.8,Chennai
R000318,D0005,C01662,V0047,2025-01-26 12:24:00,2025-01-26 12:53:00,7.09,101.72,P000318,5.0,Pune
R000319,D0200,C00137,V0014,2025-03-21 17:13:00,2025-03-21 17:39:00,4.67,68.02,P000319,4.0,Bangalore
R000320,D0174,C01886,V0148,2024-06-26 15:08:00,2024-06-26 15:35:00,6.18,114.16,P000320,4.4,Hyderabad
R000321,D0140,C00251,V0051,2024-07-11 17:24:00,2024-07-11 17:46:00,5.58,106.96,P000321,3.6,Ahmedabad
R000322,D0275,C00765,V0051,2025-01-03 13:09:00,2025-01-03 13:38:00,6.45,117.4,P000322,4.5,Ahmedabad
R000323,D0068,C00456,V0258,2024-10-22 21:08:00,2024-10-22 21:25:00,1.85,39.8,P000323,4.6,Ahmedabad
R000324,D0116,C01222,V0057,2024-05-17 00:04:00,2024-05-17 00:54:00,12.92,128.36,P000324,4.9,Bangalore
R000325,D0222,C00637,V0051,2024-01-17 04:46:00,2024-01-17 05:21:00,7.84,134.08,P000325,4.1,Chennai
R000326,D0042,C01647,V0291,2025-05-13 21:27:00,2025-05-13 21:38:00,1.56,58.72,P000326,4.1,Bangalore
R000327,D0222,C01131,V0051,2024-05-19 02:08:00,2024-05-19 02:11:00,1.64,59.68,P000327,4.3,Chennai
R000328,D0047,C01342,V0054,2025-03-01 14:57:00,2025-03-01 15:10:00,3.91,96.92,P000328,4.7,Chennai
R000329,D0156,C00941,V0033,2025-03-11 19:11:00,2025-03-11 19:32:00,2.46,69.52,P000329,4.4,Delhi
R000330,D0128,C01411,V0218,2025-04-10 16:27:00,2025-04-10 16:44:00,4.04,88.48,P000330,4.4,Bangalore
R000331,D0218,C00844,V0221,2025-07-19 14:24:00,2025-07-19 15:13:00,13.3,199.6,P000331,4.4,Bangalore
R000332,D0004,C01423,V0096,2024-12-29 07:11:00,2024-12-29 08:13:00,17.46,249.52,P000332,5.0,Pune
R000333,D0207,C01377,V0110,2025-03-10 19:00:00,2025-03-10 19:07:00,0.8,49.6,P000333,5.0,Pune
R000334,D0021,C01115,V0241,2025-08-14 15:54:00,2025-08-14 16:15:00,2.05,64.6,P000334,5.0,Mumbai
R000335,D0128,C00640,V0218,2024-08-30 22:32:00,2024-08-30 23:03:00,11.14,173.68,P000335,4.0,Bangalore
R000336,D0137,C00043,V0259,2024-10-02 13:59:00,2024-10-02 14:23:00,2.63,71.56,P000336,3.7,Bangalore
R000337,D0194,C00681,V0057,2025-07-13 18:23:00,2025-07-13 18:34:00,3.06,49.48,P000337,5.0,Delhi
R000338,D0269,C01571,V0140,2024-02-04 01:36:00,2024-02-04 02:19:00,12.54,200.48,P000338,4.5,Chennai
R000339,D0044,C00006,V0170,2025-05-09 22:23:00,2025-05-09 22:36:00,2.49,34.94,P000339,4.6,Ahmedabad
R000340,D0077,C00720,V0276,2024-04-25 18:30:00,2024-04-25 18:37:00,1.58,58.96,P000340,4.6,Chennai
R000341,D0104,C00241,V0290,2024-03-22 04:46:00,2024-03-22 05:00:00,1.75,39.0,P000341,4.5,Ahmedabad
R000342,D0184,C00230,V0077,2025-06-23 08:29:00,2025-06-23 09:08:00,9.11,149.32,P000342,4.6,Hyderabad
R000343,D0093,C01085,V0255,2025-06-13 02:33:00,2025-06-13 02:57:00,6.17,114.04,P000343,5.0,Ahmedabad
R000344,D0290,C00968,V0102,2024-03-31 07:30:00,2024-03-31 07:39:00,2.91,48.28,P000344,4.9,Delhi
R000345,D0062,C01096,V0241,2024-03-20 21:40:00,2024-03-20 22:01:00,5.52,106.24,P000345,4.5,Hyderabad
R000346,D0087,C00989,V0219,2025-07-06 18:19:00,2025-07-06 18:37:00,2.45,69.4,P000346,5.0,Hyderabad
R000347,D0132,C00292,V0058,2024-02-24 10:34:00,2024-02-24 11:00:00,3.58,41.48,P000347,4.4,Chennai
R000348,D0088,C01434,V0200,2024-01-12 15:29:00,2024-01-12 15:50:00,5.77,129.24,P000348,4.5,Mumbai
R000349,D0168,C00205,V0007,2025-06-08 15:36:00,2025-06-08 16:22:00,13.39,100.34,P000349,3.2,Ahmedabad
R000350,D0135,C00412,V0146,2024-12-05 13:22:00,2024-12-05 14:04:00,11.42,116.36,P000350,4.7,Kolkata
R000351,D0163,C01974,V0286,2024-10-28 09:10:00,2024-10-28 09:23:00,1.52,29.12,P000351,4.6,Chennai
R000352,D0183,C01081,V0231,2024-02-06 22:59:00,2024-02-06 23:35:00,11.61,89.66,P000352,4.5,Bangalore
R000353,D0260,C01687,V0070,2024-11-07 23:50:00,2024-11-08 00:09:00,4.9,49.4,P000353,4.5,Chennai
R000354,D0047,C00307,V0054,2025-07-31 08:03:00,2025-07-31 08:12:00,1.21,54.52,P000354,4.7,Chennai
R000355,D0076,C00046,V0230,2025-04-29 18:10:00,2025-04-29 18:39:00,6.28,115.36,P000355,4.5,Bangalore
R000356,D0032,C00768,V0015,2025-08-09 01:42:00,2025-08-09 02:03:00,5.9,72.2,P000356,4.6,Bangalore
R000357,D0055,C01666,V0237,2024-10-25 23:39:00,2024-10-25 23:56:00,3.6,83.2,P000357,4.0,Chennai
R000358,D0281,C00964,V0294,2024-01-28 09:31:00,2024-01-28 09:46:00,1.41,56.92,P000358,4.9,Delhi
R000359,D0185,C01079,V0053,2024-03-25 04:32:00,2024-03-25 04:51:00,4.29,59.32,P000359,4.2,Chennai
R000360,D0050,C00489,V0033,2024-03-19 08:16:00,2024-03-19 08:27:00,1.88,62.56,P000360,5.0,Kolkata
R000361,D0266,C00313,V0133,2024-05-15 19:17:00,2024-05-15 19:47:00,8.45,70.7,P000361,4.1,Kolkata
R000362,D0084,C00721,V0261,2024-10-08 08:00:00,2024-10-08 08:33:00,7.73,96.84,P000362,5.0,Chennai
R000363,D0172,C01246,V0198,2024-04-24 19:11:00,2024-04-24 19:34:00,3.97,87.64,P000363,4.4,Kolkata
R000364,D0277,C00703,V0084,2024-06-03 21:28:00,2024-06-03 22:16:00,13.4,200.8,P000364,4.8,Bangalore
R000365,D0281,C01999,V0294,2025-01-13 05:16:00,2025-01-13 05:39:00,3.84,96.08,P000365,5.0,Delhi
R000366,D0243,C00945,V0114,2024-08-29 15:11:00,2024-08-29 15:26:00,1.76,61.12,P000366,5.0,Bangalore
R000367,D0270,C00136,V0127,2025-06-24 01:21:00,2025-06-24 01:38:00,2.97,75.64,P000367,4.3,Bangalore
R000368,D0071,C00662,V0263,2024-03-27 04:38:00,2024-03-27 05:02:00,3.47,40.82,P000368,5.0,Pune
R000369,D0265,C00666,V0120,2024-06-06 15:48:00,2024-06-06 15:59:00,2.3,43.4,P000369,4.4,Bangalore
R000370,D0236,C00239,V0150,2025-02-26 12:15:00,2025-02-26 12:39:00,4.7,72.6,P000370,4.1,Kolkata
R000371,D0202,C01341,V0043,2025-03-26 23:40:00,2025-03-27 00:04:00,5.03,50.18,P000371,4.3,Hyderabad
R000372,D0105,C00396,V0248,2024-06-20 06:36:00,2024-06-20 06:56:00,2.63,46.04,P000372,5.0,Pune
R000373,D0297,C01437,V0282,2024-12-19 01:41:00,2024-12-19 02:06:00,3.26,99.12,P000373,4.7,Bangalore
R000374,D0226,C01629,V0183,2024-09-27 03:03:00,2024-09-27 03:33:00,8.5,142.0,P000374,4.7,Ahmedabad
R000375,D0160,C00548,V0102,2024-06-20 14:25:00,2024-06-20 14:52:00,9.48,110.84,P000375,4.5,Chennai
R000376,D0134,C01472,V0287,2025-05-02 09:30:00,2025-05-02 09:53:00,6.61,119.32,P000376,5.0,Mumbai
R000377,D0103,C00057,V0235,2025-06-29 07:24:00,2025-06-29 07:54:00,7.97,77.82,P000377,5.0,Ahmedabad
R000378,D0214,C01674,V0186,2025-02-03 15:16:00,2025-02-03 15:34:00,5.9,110.8,P000378,4.8,Pune
R000379,D0128,C01503,V0218,2024-05-28 16:55:00,2024-05-28 17:09:00,2.91,74.92,P000379,5.0,Bangalore
R000380,D0079,C01080,V0087,2025-03-21 00:18:00,2025-03-21 00:53:00,8.81,145.72,P000380,4.8,Hyderabad
R000381,D0255,C00838,V0104,2025-04-04 12:43:00,2025-04-04 12:51:00,1.05,62.6,P000381,5.0,Pune
R000382,D0269,C00154,V0140,2024-11-19 16:43:00,2024-11-19 17:09:00,7.11,145.32,P000382,4.6,Chennai
R000383,D0034,C01494,V0254,2024-02-12 03:58:00,2024-02-12 04:24:00,7.36,128.32,P000383,4.2,Delhi
R000384,D0205,C01197,V0166,2025-06-28 20:22:00,2025-06-28 20:27:00,2.05,64.6,P000384,4.4,Bangalore
R000385,D0238,C01271,V0110,2025-03-18 19:58:00,2025-03-18 20:16:00,2.83,73.96,P000385,3.9,Kolkata
R000386,D0055,C01580,V0237,2024-10-06 10:17:00,2024-10-06 10:34:00,1.03,52.36,P000386,4.1,Chennai
R000387,D0047,C01514,V0054,2024-09-30 03:16:00,2024-09-30 04:10:00,13.5,202.0,P000387,4.3,Chennai
R000388,D0287,C01369,V0078,2025-08-21 12:29:00,2025-08-21 12:52:00,4.54,57.24,P000388,4.6,Hyderabad
R000389,D0095,C01273,V0047,2024-09-04 23:43:00,2024-09-04 23:56:00,3.35,51.8,P000389,5.0,Ahmedabad
R000390,D0073,C01724,V0238,2024-07-18 16:21:00,2024-07-18 16:24:00,1.96,40.68,P000390,3.9,Kolkata
R000391,D0134,C01499,V0287,2024-07-03 10:35:00,2024-07-03 10:45:00,2.73,72.76,P000391,4.6,Mumbai
R000392,D0251,C01448,V0041,2024-01-11 21:00:00,2024-01-11 21:15:00,3.45,81.4,P000392,4.1,Pune
R000393,D0202,C01293,V0043,2024-03-10 00:26:00,2024-03-10 00:49:00,6.41,58.46,P000393,4.4,Hyderabad
R000394,D0053,C00159,V0112,2024-04-10 16:06:00,2024-04-10 16:16:00,1.08,52.96,P000394,3.9,Bangalore
R000395,D0075,C01066,V0067,2025-04-01 11:14:00,2025-04-01 11:17:00,0.81,31.48,P000395,4.8,Hyderabad
R000396,D0217,C00900,V0289,2024-10-17 08:12:00,2024-10-17 08:15:00,1.27,55.24,P000396,5.0,Kolkata
R000397,D0195,C00643,V0247,2024-02-04 00:39:00,2024-02-04 00:56:00,4.07,57.56,P000397,4.1,Ahmedabad
R000398,D0061,C01064,V0232,2024-04-04 01:38:00,2024-04-04 02:11:00,5.53,106.36,P000398,4.7,Pune
R000399,D0202,C01320,V0043,2024-08-10 19:40:00,2024-08-10 19:57:00,2.87,37.22,P000399,4.3,Hyderabad
R000400,D0174,C01491,V0148,2024-05-04 22:07:00,2024-05-04 22:31:00,4.57,94.84,P000400,4.6,Hyderabad
R000401,D0188,C00287,V0074,2024-03-29 19:08:00,2024-03-29 19:49:00,11.15,183.8,P000401,4.5,Kolkata
R000402,D0114,C01711,V0119,2025-01-19 21:48:00,2025-01-19 21:59:00,2.31,43.86,P000402,4.3,Mumbai
R000403,D0241,C00499,V0277,2025-08-02 05:57:00,2025-08-02 06:30:00,5.13,76.04,P000403,4.3,Pune
R000404,D0260,C01419,V0070,2024-04-23 22:11:00,2024-04-23 22:32:00,3.45,40.7,P000404,5.0,Chennai
R000405,D0188,C00414,V0074,2024-09-16 09:29:00,2024-09-16 10:35:00,17.03,244.36,P000405,4.4,Kolkata
R000406,D0046,C01223,V0271,2024-03-18 20:29:00,2024-03-18 20:42:00,1.28,75.36,P000406,5.0,Delhi
R000407,D0045,C00568,V0195,2024-10-10 13:44:00,2024-10-10 14:07:00,2.74,46.92,P000407,4.1,Chennai
R000408,D0264,C01527,V0097,2024-11-27 08:10:00,2024-11-27 08:28:00,1.35,76.2,P000408,5.0,Mumbai
R000409,D0051,C01203,V0123,2024-03-16 08:49:00,2024-03-16 09:05:00,1.87,62.44,P000409,4.9,Delhi
R000410,D0287,C00299,V0078,2024-03-04 12:24:00,2024-03-04 13:02:00,9.17,85.02,P000410,4.3,Hyderabad
R000411,D0014,C00483,V0071,2024-12-06 01:16:00,2024-12-06 01:30:00,0.99,51.88,P000411,4.6,Chennai
R000412,D0109,C00724,V0152,2024-09-28 05:28:00,2024-09-28 05:43:00,4.22,58.76,P000412,4.5,Delhi
R000413,D0205,C00837,V0166,2024-03-12 15:59:00,2024-03-12 16:16:00,2.75,73.0,P000413,4.7,Bangalore
R000414,D0279,C01009,V0029,2024-07-24 19:25:00,2024-07-24 19:35:00,2.8,73.6,P000414,4.3,Chennai
R000415,D0033,C00224,V0281,2024-07-01 20:31:00,2024-07-01 20:38:00,1.24,54.88,P000415,5.0,Bangalore
R000416,D0093,C01765,V0255,2024-04-21 04:34:00,2024-04-21 04:54:00,2.43,69.16,P000416,4.5,Ahmedabad
R000417,D0101,C01425,V0274,2025-03-17 06:39:00,2025-03-17 06:47:00,2.6,71.2,P000417,4.3,Chennai
R000418,D0255,C00473,V0104,2024-04-18 14:45:00,2024-04-18 15:08:00,5.22,112.64,P000418,4.8,Pune
R000419,D0157,C00006,V0217,2024-09-22 03:02:00,2024-09-22 03:31:00,7.45,64.7,P000419,4.9,Delhi
R000420,D0038,C01154,V0099,2024-03-15 02:36:00,2024-03-15 03:30:00,16.32,127.92,P000420,4.9,Bangalore
R000421,D0221,C00274,V0220,2024-09-13 14:01:00,2024-09-13 14:08:00,1.31,27.86,P000421,4.1,Delhi
R000422,D0223,C00716,V0299,2025-05-24 04:41:00,2025-05-24 05:14:00,10.8,169.6,P000422,4.6,Hyderabad
R000423,D0024,C00361,V0091,2024-01-01 01:42:00,2024-01-01 02:16:00,5.41,104.92,P000423,4.6,Ahmedabad
R000424,D0003,C01262,V0159,2025-02-03 08:09:00,2025-02-03 08:22:00,1.52,78.24,P000424,5.0,Delhi
R000425,D0077,C00279,V0276,2024-12-03 12:36:00,2024-12-03 13:32:00,15.71,228.52,P000425,5.0,Chennai
R000426,D0294,C01923,V0133,2024-01-04 16:45:00,2024-01-04 16:54:00,2.12,32.72,P000426,4.0,Bangalore
R000427,D0045,C01319,V0195,2025-05-17 15:27:00,2025-05-17 15:32:00,0.95,32.6,P000427,5.0,Chennai
R000428,D0214,C01162,V0186,2025-02-17 23:49:00,2025-02-18 00:12:00,3.73,84.76,P000428,4.1,Pune
R000429,D0009,C01678,V0058,2024-03-12 17:14:00,2024-03-12 17:27:00,5.71,54.26,P000429,4.4,Delhi
R000430,D0001,C01945,V0080,2024-01-04 12:44:00,2024-01-04 13:49:00,19.53,181.24,P000430,5.0,Bangalore
R000431,D0247,C00607,V0258,2025-05-08 03:36:00,2025-05-08 03:40:00,1.89,40.12,P000431,5.0,Pune
R000432,D0011,C00401,V0218,2025-07-02 11:21:00,2025-07-02 11:39:00,5.57,106.84,P000432,5.0,Bangalore
R000433,D0084,C00424,V0261,2024-11-06 12:03:00,2024-11-06 12:21:00,5.45,68.6,P000433,4.7,Chennai
R000434,D0064,C01166,V0296,2024-04-02 11:34:00,2024-04-02 12:16:00,12.63,95.78,P000434,4.8,Chennai
R000435,D0068,C01495,V0258,2024-12-14 02:53:00,2024-12-14 03:04:00,1.95,50.6,P000435,3.9,Ahmedabad
R000436,D0060,C00711,V0084,2025-04-15 09:41:00,2025-04-15 10:02:00,2.86,74.32,P000436,4.6,Hyderabad
R000437,D0134,C00780,V0287,2024-07-26 05:35:00,2024-07-26 05:42:00,1.15,53.8,P000437,4.5,Mumbai
R000438,D0270,C01869,V0127,2024-02-10 12:42:00,2024-02-10 12:59:00,2.72,82.64,P000438,4.0,Bangalore
R000439,D0054,C01484,V0283,2024-07-14 09:44:00,2024-07-14 10:16:00,5.66,107.92,P000439,4.9,Mumbai
R000440,D0220,C01375,V0088,2025-02-03 03:40:00,2025-02-03 03:53:00,1.58,37.64,P000440,5.0,Bangalore
R000441,D0094,C01412,V0113,2025-01-02 15:05:00,2025-01-02 15:21:00,3.58,53.64,P000441,4.5,Chennai
R000442,D0136,C01161,V0081,2025-03-24 23:12:00,2025-03-24 23:39:00,8.51,93.08,P000442,4.1,Mumbai
R000443,D0296,C01922,V0067,2024-05-23 01:12:00,2024-05-23 01:48:00,11.72,118.76,P000443,4.4,Kolkata
R000444,D0032,C01437,V0015,2024-01-26 23:37:00,2024-01-26 23:50:00,3.14,50.12,P000444,4.7,Bangalore
R000445,D0141,C01873,V0240,2024-09-01 15:24:00,2024-09-01 16:09:00,12.7,192.4,P000445,4.4,Ahmedabad
R000446,D0166,C00160,V0279,2024-03-05 17:41:00,2024-03-05 18:03:00,6.33,125.96,P000446,5.0,Pune
R000447,D0273,C00995,V0261,2024-11-11 15:34:00,2024-11-11 16:15:00,11.15,114.2,P000447,5.0,Chennai
R000448,D0193,C01852,V0157,2025-04-05 00:02:00,2025-04-05 00:25:00,5.55,53.3,P000448,5.0,Hyderabad
R000449,D0195,C01010,V0247,2024-12-13 01:21:00,2024-12-13 01:41:00,3.5,53.0,P000449,4.9,Ahmedabad
R000450,D0058,C00768,V0165,2024-02-13 12:07:00,2024-02-13 12:31:00,8.19,69.14,P000450,5.0,Chennai
R000451,D0207,C00587,V0110,2024-08-04 20:42:00,2024-08-04 20:52:00,1.14,53.68,P000451,3.7,Pune
R000452,D0208,C01527,V0024,2025-06-19 14:43:00,2025-06-19 15:03:00,3.27,79.24,P000452,5.0,Hyderabad
R000453,D0047,C01536,V0054,2025-07-03 04:47:00,2025-07-03 05:00:00,0.99,51.88,P000453,4.7,Chennai
R000454,D0196,C01212,V0174,2025-08-16 07:59:00,2025-08-16 08:02:00,0.94,51.28,P000454,5.0,Pune
R000455,D0206,C01761,V0214,2024-03-14 01:47:00,2024-03-14 02:22:00,7.66,65.96,P000455,4.6,Delhi
R000456,D0265,C01588,V0120,2024-05-24 15:41:00,2024-05-24 16:13:00,8.97,96.76,P000456,4.7,Bangalore
R000457,D0290,C00099,V0102,2024-01-20 15:58:00,2024-01-20 16:16:00,5.41,68.28,P000457,4.6,Delhi
R000458,D0067,C00313,V0199,2024-02-16 07:44:00,2024-02-16 08:08:00,5.15,101.8,P000458,5.0,Mumbai
R000459,D0281,C00237,V0294,2024-05-13 00:11:00,2024-05-13 00:46:00,8.86,146.32,P000459,4.6,Delhi
R000460,D0233,C00107,V0240,2024-02-21 09:52:00,2024-02-21 10:14:00,0.81,59.72,P000460,4.4,Bangalore
R000461,D0255,C01363,V0104,2024-04-09 14:39:00,2024-04-09 14:44:00,0.74,58.88,P000461,4.8,Pune
R000462,D0020,C01098,V0227,2024-06-23 18:04:00,2024-06-23 18:10:00,2.43,69.16,P000462,4.7,Hyderabad
R000463,D0219,C01720,V0063,2024-04-18 03:31:00,2024-04-18 03:38:00,1.71,38.68,P000463,4.7,Ahmedabad
R000464,D0032,C00331,V0015,2024-08-13 02:51:00,2024-08-13 02:56:00,1.02,33.16,P000464,5.0,Bangalore
R000465,D0274,C01939,V0024,2024-07-26 13:21:00,2024-07-26 13:50:00,5.32,103.84,P000465,4.0,Kolkata
R000466,D0291,C00516,V0051,2025-02-15 10:07:00,2025-02-15 10:31:00,5.93,111.16,P000466,4.8,Bangalore
R000467,D0065,C01889,V0025,2025-08-12 17:08:00,2025-08-12 17:26:00,1.33,37.98,P000467,4.5,Mumbai
R000468,D0134,C01835,V0287,2024-11-25 06:48:00,2024-11-25 06:57:00,1.55,58.6,P000468,4.0,Mumbai
R000469,D0171,C00424,V0263,2024-02-16 18:11:00,2024-02-16 18:50:00,10.24,81.44,P000469,3.9,Mumbai
R000470,D0037,C00678,V0032,2024-12-09 02:07:00,2024-12-09 02:49:00,11.37,88.22,P000470,4.0,Chennai
R000471,D0121,C00502,V0192,2024-10-07 04:48:00,2024-10-07 05:07:00,1.77,40.62,P000471,4.1,Kolkata
R000472,D0162,C01971,V0020,2025-03-01 05:44:00,2025-03-01 06:11:00,5.41,104.92,P000472,4.9,Mumbai
R000473,D0244,C01389,V0244,2025-01-13 17:10:00,2025-01-13 17:30:00,2.87,74.44,P000473,4.5,Bangalore
R000474,D0088,C00544,V0200,2025-03-25 07:59:00,2025-03-25 08:17:00,3.84,86.08,P000474,5.0,Mumbai
R000475,D0233,C00285,V0240,2025-08-18 01:08:00,2025-08-18 01:20:00,0.89,50.68,P000475,4.8,Bangalore
R000476,D0186,C01963,V0257,2024-04-12 20:39:00,2024-04-12 21:00:00,4.1,57.8,P000476,5.0,Bangalore
R000477,D0208,C00540,V0024,2025-01-20 05:01:00,2025-01-20 05:25:00,7.0,124.0,P000477,4.4,Hyderabad
R000478,D0269,C00321,V0140,2025-05-13 02:00:00,2025-05-13 02:14:00,2.77,73.24,P000478,5.0,Chennai
R000479,D0228,C00429,V0124,2024-01-08 05:59:00,2024-01-08 06:21:00,4.21,90.52,P000479,4.8,Pune
R000480,D0273,C00383,V0261,2024-04-01 22:41:00,2024-04-01 22:56:00,1.03,33.24,P000480,4.4,Chennai
R000481,D0200,C01854,V0014,2024-10-17 13:44:00,2024-10-17 14:07:00,5.69,74.14,P000481,4.3,Bangalore
R000482,D0162,C00702,V0020,2025-05-02 22:08:00,2025-05-02 22:21:00,1.62,59.44,P000482,5.0,Mumbai
R000483,D0045,C00375,V0195,2024-07-30 04:40:00,2024-07-30 04:52:00,1.7,38.6,P000483,4.8,Chennai
R000484,D0160,C01455,V0102,2024-10-04 16:28:00,2024-10-04 16:48:00,3.28,51.24,P000484,4.9,Chennai
R000485,D0248,C01529,V0124,2025-02-25 07:11:00,2025-02-25 07:31:00,3.16,87.92,P000485,4.6,Kolkata
R000486,D0012,C01901,V0075,2024-02-08 19:11:00,2024-02-08 19:32:00,1.56,37.48,P000486,4.0,Delhi
R000487,D0224,C01712,V0019,2025-05-26 19:05:00,2025-05-26 19:31:00,4.06,88.72,P000487,4.6,Ahmedabad
R000488,D0205,C00955,V0166,2024-11-04 11:26:00,2024-11-04 11:55:00,7.4,128.8,P000488,4.5,Bangalore
R000489,D0292,C00847,V0194,2024-01-05 17:15:00,2024-01-05 17:25:00,1.33,75.96,P000489,4.7,Hyderabad
R000490,D0068,C01645,V0258,2024-07-15 03:33:00,2024-07-15 03:39:00,1.49,36.92,P000490,4.6,Ahmedabad
R000491,D0032,C01223,V0015,2024-04-07 19:23:00,2024-04-07 19:41:00,3.93,66.44,P000491,4.7,Bangalore
R000492,D0079,C01650,V0087,2025-07-06 16:14:00,2025-07-06 16:46:00,8.01,136.12,P000492,4.9,Hyderabad
R000493,D0055,C00724,V0237,2025-04-20 20:42:00,2025-04-20 21:10:00,8.26,149.12,P000493,4.4,Chennai
R000494,D0263,C01706,V0248,2024-08-01 08:03:00,2024-08-01 08:53:00,12.16,122.28,P000494,4.7,Kolkata
R000495,D0188,C00310,V0074,2024-07-17 03:50:00,2024-07-17 04:37:00,14.43,223.16,P000495,4.5,Kolkata
R000496,D0045,C01480,V0195,2024-06-01 21:54:00,2024-06-01 22:37:00,12.27,123.16,P000496,4.5,Chennai
R000497,D0251,C00024,V0041,2025-04-30 15:11:00,2025-04-30 15:34:00,3.81,85.72,P000497,4.3,Pune
R000498,D0024,C01689,V0091,2024-06-12 21:59:00,2024-06-12 22:32:00,6.19,114.28,P000498,3.8,Ahmedabad
R000499,D0225,C01023,V0106,2024-02-14 01:41:00,2024-02-14 01:55:00,1.06,33.48,P000499,4.7,Kolkata
R000500,D0186,C01209,V0257,2025-01-07 09:13:00,2025-01-07 09:27:00,3.14,50.12,P000500,4.7,Bangalore
R000501,D0292,C00456,V0194,2025-03-21 08:21:00,2025-03-21 08:35:00,3.95,97.4,P000501,4.8,Hyderabad
R000502,D0248,C01388,V0124,2025-04-09 01:06:00,2025-04-09 01:09:00,2.33,67.96,P000502,4.7,Kolkata
R000503,D0057,C01272,V0198,2024-02-23 17:11:00,2024-02-23 17:40:00,5.17,102.04,P000503,4.8,Chennai
R000504,D0186,C01117,V0257,2024-06-10 00:31:00,2024-06-10 01:11:00,8.42,92.36,P000504,5.0,Bangalore
R000505,D0076,C01625,V0230,2025-06-11 03:04:00,2025-06-11 03:31:00,7.14,125.68,P000505,5.0,Bangalore
R000506,D0179,C01642,V0299,2024-08-28 23:28:00,2024-08-29 00:04:00,8.64,143.68,P000506,4.3,Ahmedabad
R000507,D0010,C01764,V0097,2025-08-16 10:26:00,2025-08-16 10:37:00,3.33,79.96,P000507,4.7,Delhi
R000508,D0191,C00590,V0050,2024-07-22 23:43:00,2024-07-22 23:56:00,3.92,66.36,P000508,4.8,Bangalore
R000509,D0008,C00156,V0203,2024-11-29 07:49:00,2024-11-29 08:44:00,15.11,120.66,P000509,4.4,Chennai
R000510,D0191,C01989,V0050,2024-04-22 10:14:00,2024-04-22 10:53:00,9.69,102.52,P000510,3.5,Bangalore
R000511,D0279,C01060,V0029,2024-04-10 07:47:00,2024-04-10 08:03:00,2.36,88.32,P000511,4.6,Chennai
R000512,D0164,C01943,V0146,2025-02-26 06:24:00,2025-02-26 07:39:00,25.23,246.84,P000512,4.1,Kolkata
R000513,D0085,C00963,V0225,2024-08-13 02:30:00,2024-08-13 02:47:00,3.36,51.88,P000513,4.9,Chennai
R000514,D0053,C00415,V0112,2025-08-22 15:03:00,2025-08-22 15:24:00,4.66,95.92,P000514,4.6,Bangalore
R000515,D0284,C00623,V0175,2025-03-22 04:13:00,2025-03-22 04:30:00,2.51,80.12,P000515,5.0,Delhi
R000516,D0142,C00082,V0264,2025-04-10 05:24:00,2025-04-10 05:48:00,2.38,34.28,P000516,4.6,Hyderabad
R000517,D0219,C01651,V0063,2025-01-17 04:29:00,2025-01-17 04:43:00,2.23,42.84,P000517,4.5,Ahmedabad
R000518,D0001,C00744,V0080,2024-07-17 20:22:00,2024-07-17 20:37:00,3.08,49.64,P000518,4.2,Bangalore
R000519,D0015,C00331,V0216,2024-10-03 06:21:00,2024-10-03 06:37:00,2.53,45.24,P000519,4.3,Delhi
R000520,D0230,C00199,V0052,2024-05-10 01:44:00,2024-05-10 01:51:00,1.72,60.64,P000520,3.8,Chennai
R000521,D0174,C00082,V0148,2025-08-05 01:17:00,2025-08-05 01:41:00,6.01,132.12,P000521,4.9,Hyderabad
R000522,D0018,C00741,V0057,2024-05-19 03:54:00,2024-05-19 04:50:00,17.29,183.32,P000522,4.1,Hyderabad
R000523,D0190,C01724,V0066,2025-04-21 14:26:00,2025-04-21 14:42:00,3.8,42.8,P000523,4.8,Mumbai
R000524,D0106,C00131,V0090,2024-06-24 10:14:00,2024-06-24 10:56:00,9.06,148.72,P000524,4.7,Kolkata
R000525,D0124,C00742,V0088,2024-10-29 19:10:00,2024-10-29 19:33:00,1.43,36.44,P000525,4.6,Hyderabad
R000526,D0115,C00863,V0049,2024-06-23 18:35:00,2024-06-23 18:50:00,2.78,36.68,P000526,4.7,Bangalore
R000527,D0109,C00847,V0152,2024-08-23 02:26:00,2024-08-23 03:01:00,11.52,127.16,P000527,4.7,Delhi
R000528,D0125,C01651,V0055,2025-06-18 15:55:00,2025-06-18 16:29:00,10.3,163.6,P000528,5.0,Delhi
R000529,D0234,C00356,V0158,2024-08-09 18:30:00,2024-08-09 18:48:00,1.8,39.4,P000529,4.5,Delhi
R000530,D0187,C01932,V0192,2025-04-18 08:00:00,2025-04-18 08:20:00,7.31,63.86,P000530,4.9,Delhi
R000531,D0143,C01461,V0084,2025-03-14 23:55:00,2025-03-15 00:13:00,3.05,76.6,P000531,4.5,Chennai
R000532,D0124,C01608,V0088,2024-09-09 07:20:00,2024-09-09 07:28:00,2.41,44.28,P000532,4.5,Hyderabad
R000533,D0295,C01438,V0002,2025-03-20 18:14:00,2025-03-20 18:23:00,2.0,64.0,P000533,4.9,Kolkata
R000534,D0019,C00587,V0250,2024-06-01 18:57:00,2024-06-01 19:21:00,3.22,78.64,P000534,4.6,Chennai
R000535,D0160,C00748,V0102,2024-01-06 13:02:00,2024-01-06 13:18:00,4.62,61.96,P000535,4.7,Chennai
R000536,D0145,C01214,V0195,2024-02-11 15:46:00,2024-02-11 16:03:00,4.83,63.64,P000536,4.7,Pune
R000537,D0080,C01888,V0165,2025-05-31 01:27:00,2025-05-31 01:42:00,2.07,42.42,P000537,4.5,Kolkata
R000538,D0109,C00881,V0152,2025-06-27 12:30:00,2025-06-27 12:46:00,1.87,39.96,P000538,4.8,Delhi
R000539,D0096,C01812,V0145,2024-04-10 14:31:00,2024-04-10 14:52:00,4.12,89.44,P000539,4.7,Delhi
R000540,D0218,C01654,V0221,2024-09-03 02:35:00,2024-09-03 03:11:00,7.41,128.92,P000540,5.0,Bangalore
R000541,D0252,C00296,V0093,2024-01-13 22:46:00,2024-01-13 22:56:00,1.06,52.72,P000541,5.0,Delhi
R000542,D0234,C01994,V0158,2025-02-20 06:08:00,2025-02-20 06:11:00,0.92,32.36,P000542,4.7,Delhi
R000543,D0052,C00221,V0059,2025-01-02 09:15:00,2025-01-02 09:35:00,2.52,70.24,P000543,5.0,Chennai
R000544,D0073,C01893,V0238,2024-04-02 00:30:00,2024-04-02 00:55:00,2.33,43.64,P000544,4.8,Kolkata
R000545,D0285,C00475,V0054,2024-11-08 05:45:00,2024-11-08 05:59:00,2.95,85.4,P000545,4.7,Chennai
R000546,D0214,C01060,V0186,2025-04-15 18:47:00,2025-04-15 19:09:00,4.12,89.44,P000546,4.3,Pune
R000547,D0074,C00682,V0267,2025-08-20 00:29:00,2025-08-20 00:51:00,4.44,93.28,P000547,4.6,Chennai
R000548,D0260,C00057,V0070,2025-04-19 04:55:00,2025-04-19 05:38:00,9.15,74.9,P000548,4.4,Chennai
R000549,D0180,C00091,V0172,2025-02-19 05:50:00,2025-02-19 06:14:00,3.96,87.52,P000549,4.3,Pune
R000550,D0066,C00828,V0234,2025-01-14 20:29:00,2025-01-14 20:47:00,3.66,83.92,P000550,5.0,Ahmedabad
R000551,D0153,C01407,V0279,2024-01-02 20:04:00,2024-01-02 20:13:00,3.26,79.12,P000551,4.6,Kolkata
R000552,D0006,C01582,V0277,2025-01-29 22:21:00,2025-01-29 22:32:00,1.44,36.52,P000552,4.6,Pune
R000553,D0251,C01288,V0041,2025-06-27 01:18:00,2025-06-27 01:47:00,5.35,124.2,P000553,4.7,Pune
R000554,D0013,C01023,V0006,2025-03-12 08:44:00,2025-03-12 09:15:00,5.99,72.92,P000554,4.1,Ahmedabad
R000555,D0136,C01761,V0081,2025-07-09 18:50:00,2025-07-09 19:18:00,6.87,79.96,P000555,3.9,Mumbai
R000556,D0033,C00347,V0281,2024-07-31 21:05:00,2024-07-31 21:17:00,2.16,65.92,P000556,4.8,Bangalore
R000557,D0299,C00582,V0280,2024-12-09 23:59:00,2024-12-10 00:10:00,1.97,73.64,P000557,4.3,Mumbai
R000558,D0084,C00590,V0261,2024-02-26 16:58:00,2024-02-26 17:06:00,2.04,41.32,P000558,4.8,Chennai
R000559,D0033,C01457,V0281,2025-01-07 01:07:00,2025-01-07 01:19:00,3.93,87.16,P000559,5.0,Bangalore
R000560,D0018,C01244,V0057,2025-01-27 11:29:00,2025-01-27 11:50:00,1.31,35.48,P000560,4.8,Hyderabad
R000561,D0098,C00489,V0187,2024-02-11 11:23:00,2024-02-11 11:35:00,1.04,52.48,P000561,4.9,Delhi
R000562,D0157,C01260,V0217,2024-06-28 20:35:00,2024-06-28 20:48:00,3.75,42.5,P000562,5.0,Delhi
R000563,D0028,C01290,V0240,2024-03-09 17:45:00,2024-03-09 18:02:00,3.35,80.2,P000563,4.5,Bangalore
R000564,D0186,C01906,V0257,2024-07-28 04:21:00,2024-07-28 05:22:00,16.56,157.48,P000564,4.3,Bangalore
R000565,D0115,C00224,V0049,2024-09-01 17:07:00,2024-09-01 17:32:00,3.38,40.28,P000565,5.0,Bangalore
R000566,D0201,C00296,V0211,2025-05-04 23:48:00,2025-05-05 00:01:00,4.79,48.74,P000566,4.6,Bangalore
R000567,D0108,C00021,V0105,2025-08-17 22:13:00,2025-08-17 22:41:00,8.39,70.34,P000567,4.5,Delhi
R000568,D0028,C01229,V0240,2024-08-18 10:22:00,2024-08-18 10:42:00,4.41,92.92,P000568,4.4,Bangalore
R000569,D0104,C00511,V0290,2024-09-30 16:43:00,2024-09-30 16:51:00,2.88,48.04,P000569,5.0,Ahmedabad
R000570,D0288,C01438,V0214,2025-03-09 08:03:00,2025-03-09 08:49:00,9.19,75.14,P000570,4.6,Kolkata
R000571,D0134,C01914,V0287,2024-03-05 11:22:00,2024-03-05 11:53:00,11.12,173.44,P000571,4.3,Mumbai
R000572,D0176,C01452,V0141,2025-04-08 15:32:00,2025-04-08 15:56:00,1.11,26.66,P000572,4.9,Pune
R000573,D0010,C01312,V0097,2025-06-23 03:30:00,2025-06-23 04:15:00,11.11,173.32,P000573,4.1,Delhi
R000574,D0166,C00325,V0279,2025-06-28 21:52:00,2025-06-28 22:15:00,2.49,79.88,P000574,5.0,Pune
R000575,D0059,C00284,V0187,2025-06-29 09:28:00,2025-06-29 09:33:00,1.35,56.2,P000575,4.9,Ahmedabad
R000576,D0109,C01564,V0152,2025-01-11 21:44:00,2025-01-11 22:15:00,6.82,79.56,P000576,4.5,Delhi
R000577,D0190,C01452,V0066,2024-03-08 06:57:00,2024-03-08 07:23:00,5.96,55.76,P000577,4.5,Mumbai
R000578,D0239,C01029,V0038,2025-04-13 02:05:00,2025-04-13 02:18:00,5.04,85.32,P000578,4.4,Pune
R000579,D0202,C00314,V0043,2025-02-04 05:18:00,2025-02-04 05:54:00,10.21,91.26,P000579,5.0,Hyderabad
R000580,D0138,C01632,V0027,2024-03-19 03:10:00,2024-03-19 03:35:00,7.05,124.6,P000580,4.8,Delhi
R000581,D0065,C00658,V0025,2024-10-09 03:44:00,2024-10-09 04:04:00,3.92,43.52,P000581,5.0,Mumbai
R000582,D0100,C01383,V0116,2024-05-31 15:09:00,2024-05-31 15:42:00,7.78,66.68,P000582,4.8,Kolkata
R000583,D0176,C00266,V0141,2024-07-28 16:40:00,2024-07-28 17:07:00,7.0,62.0,P000583,4.3,Pune
R000584,D0025,C00356,V0217,2024-01-24 09:26:00,2024-01-24 09:56:00,8.55,71.3,P000584,5.0,Pune
R000585,D0216,C00356,V0188,2025-07-08 04:30:00,2025-07-08 04:59:00,6.68,78.44,P000585,4.7,Hyderabad
R000586,D0126,C01095,V0290,2024-12-21 13:28:00,2024-12-21 14:00:00,10.41,108.28,P000586,4.5,Delhi
R000587,D0188,C00772,V0074,2024-01-22 09:12:00,2024-01-22 09:24:00,2.12,65.44,P000587,4.4,Kolkata
R000588,D0224,C00131,V0019,2024-03-05 00:55:00,2024-03-05 01:17:00,5.24,102.88,P000588,4.4,Ahmedabad
R000589,D0065,C00095,V0025,2024-08-25 16:41:00,2024-08-25 16:50:00,3.42,40.52,P000589,4.9,Mumbai
R000590,D0044,C01580,V0170,2024-12-09 13:37:00,2024-12-09 13:42:00,0.94,25.64,P000590,4.8,Ahmedabad
R000591,D0130,C00384,V0215,2024-12-17 20:41:00,2024-12-17 20:54:00,3.37,51.96,P000591,4.5,Hyderabad
R000592,D0248,C00094,V0124,2024-11-30 15:37:00,2024-11-30 16:05:00,6.82,121.84,P000592,4.9,Kolkata
R000593,D0042,C01309,V0291,2025-06-26 17:28:00,2025-06-26 17:38:00,1.06,52.72,P000593,5.0,Bangalore
R000594,D0291,C01565,V0051,2025-04-13 09:36:00,2025-04-13 10:00:00,8.3,139.6,P000594,4.3,Bangalore
R000595,D0078,C00168,V0047,2024-05-15 09:10:00,2024-05-15 09:56:00,10.87,111.96,P000595,4.6,Bangalore
R000596,D0078,C01219,V0047,2024-09-23 07:30:00,2024-09-23 07:51:00,4.01,67.08,P000596,4.5,Bangalore
R000597,D0212,C00529,V0161,2025-01-15 09:49:00,2025-01-15 10:58:00,20.91,155.46,P000597,4.8,Mumbai
R000598,D0291,C01984,V0051,2024-02-18 04:22:00,2024-02-18 04:30:00,1.38,56.56,P000598,4.1,Bangalore
R000599,D0136,C00830,V0081,2024-10-18 14:10:00,2024-10-18 14:37:00,6.75,99.0,P000599,5.0,Mumbai
R000600,D0017,C00879,V0170,2024-06-13 22:34:00,2024-06-13 22:46:00,1.08,26.48,P000600,4.0,Mumbai
R000601,D0040,C01160,V0294,2024-10-19 05:11:00,2024-10-19 05:43:00,8.02,136.24,P000601,3.9,Bangalore
R000602,D0214,C01880,V0186,2024-06-06 05:15:00,2024-06-06 05:29:00,1.01,62.12,P000602,4.0,Pune
R000603,D0139,C01039,V0084,2024-04-29 01:20:00,2024-04-29 01:33:00,2.29,67.48,P000603,3.6,Mumbai
R000604,D0147,C01897,V0153,2025-08-11 04:28:00,2025-08-11 04:44:00,4.38,46.28,P000604,4.5,Ahmedabad
R000605,D0162,C00305,V0020,2024-09-23 11:11:00,2024-09-23 11:26:00,3.81,85.72,P000605,4.8,Mumbai
R000606,D0001,C00075,V0080,2024-07-29 17:45:00,2024-07-29 18:07:00,2.85,47.8,P000606,4.2,Bangalore
R000607,D0226,C01929,V0183,2024-02-05 21:20:00,2024-02-05 21:43:00,4.28,91.36,P000607,4.3,Ahmedabad
R000608,D0001,C01775,V0080,2024-12-18 04:23:00,2024-12-18 05:03:00,11.34,115.72,P000608,4.9,Bangalore
R000609,D0013,C01950,V0006,2025-04-04 17:10:00,2025-04-04 17:25:00,4.11,57.88,P000609,5.0,Ahmedabad
R000610,D0125,C01156,V0055,2025-06-30 09:07:00,2025-06-30 09:29:00,4.55,94.6,P000610,4.4,Delhi
R000611,D0262,C01435,V0293,2024-01-26 12:59:00,2024-01-26 13:29:00,6.63,119.56,P000611,5.0,Mumbai
R000612,D0162,C00059,V0020,2025-05-26 04:29:00,2025-05-26 04:47:00,3.47,81.64,P000612,4.4,Mumbai
R000613,D0123,C01259,V0247,2024-11-23 04:00:00,2024-11-23 04:30:00,6.06,73.48,P000613,4.7,Pune
R000614,D0272,C00571,V0288,2025-07-13 16:21:00,2025-07-13 16:29:00,1.78,30.68,P000614,5.0,Hyderabad
R000615,D0167,C01947,V0088,2024-10-29 15:57:00,2024-10-29 16:27:00,6.33,75.64,P000615,4.8,Mumbai
R000616,D0186,C00446,V0257,2024-10-23 18:42:00,2024-10-23 18:54:00,2.86,47.88,P000616,5.0,Bangalore
R000617,D0048,C00256,V0054,2024-05-30 18:46:00,2024-05-30 19:32:00,11.21,174.52,P000617,4.5,Bangalore
R000618,D0025,C01429,V0217,2025-03-28 10:44:00,2025-03-28 11:09:00,3.25,39.5,P000618,4.4,Pune
R000619,D0173,C00742,V0188,2024-04-25 23:30:00,2024-04-25 23:46:00,1.74,38.92,P000619,4.3,Bangalore
R000620,D0280,C00305,V0047,2024-02-11 04:43:00,2024-02-11 04:57:00,1.9,50.2,P000620,4.3,Chennai
R000621,D0217,C01335,V0289,2025-07-18 03:19:00,2025-07-18 03:35:00,3.5,82.0,P000621,4.5,Kolkata
R000622,D0202,C01590,V0043,2024-01-26 12:39:00,2024-01-26 14:00:00,22.84,157.04,P000622,5.0,Hyderabad
R000623,D0048,C01519,V0054,2024-08-13 14:22:00,2024-08-13 14:36:00,3.92,87.04,P000623,5.0,Bangalore
R000624,D0120,C00111,V0214,2024-04-04 10:03:00,2024-04-04 11:01:00,15.63,113.78,P000624,4.6,Chennai
R000625,D0199,C00382,V0282,2024-07-18 18:33:00,2024-07-18 18:48:00,2.41,68.92,P000625,4.3,Chennai
R000626,D0143,C01268,V0084,2024-08-15 08:12:00,2024-08-15 08:27:00,2.2,86.4,P000626,5.0,Chennai
R000627,D0233,C01184,V0240,2024-01-24 02:34:00,2024-01-24 03:04:00,9.62,165.44,P000627,4.2,Bangalore
R000628,D0113,C01313,V0134,2025-04-01 21:42:00,2025-04-01 22:00:00,3.18,78.16,P000628,5.0,Ahmedabad
R000629,D0038,C00291,V0099,2024-03-30 16:25:00,2024-03-30 16:37:00,2.34,34.04,P000629,5.0,Bangalore
R000630,D0167,C00849,V0088,2024-07-18 15:20:00,2024-07-18 15:35:00,4.46,70.68,P000630,4.6,Mumbai
R000631,D0159,C00828,V0080,2025-06-07 01:58:00,2025-06-07 02:44:00,12.52,135.16,P000631,4.3,Bangalore
R000632,D0076,C01367,V0230,2025-01-04 12:09:00,2025-01-04 12:35:00,1.92,63.04,P000632,4.5,Bangalore
R000633,D0110,C01831,V0289,2025-03-13 11:24:00,2025-03-13 11:46:00,3.95,87.4,P000633,4.1,Hyderabad
R000634,D0032,C00194,V0015,2025-01-16 00:18:00,2025-01-16 00:36:00,2.38,54.04,P000634,4.3,Bangalore
R000635,D0160,C00131,V0102,2024-12-19 11:19:00,2024-12-19 11:35:00,2.16,52.28,P000635,3.8,Chennai
R000636,D0098,C01966,V0187,2025-04-01 17:05:00,2025-04-01 17:41:00,8.52,142.24,P000636,4.5,Delhi
R000637,D0210,C00400,V0295,2024-08-08 23:56:00,2024-08-09 00:19:00,4.8,97.6,P000637,4.4,Chennai
R000638,D0098,C00492,V0187,2025-03-30 23:26:00,2025-03-30 23:58:00,7.95,145.4,P000638,4.9,Delhi
R000639,D0220,C01514,V0088,2025-03-29 09:10:00,2025-03-29 09:26:00,5.28,67.24,P000639,3.9,Bangalore
R000640,D0292,C01017,V0194,2025-03-10 23:57:00,2025-03-11 00:17:00,6.55,118.6,P000640,4.4,Hyderabad
R000641,D0109,C00759,V0152,2025-02-28 04:53:00,2025-02-28 05:09:00,3.17,50.36,P000641,4.7,Delhi
R000642,D0126,C01264,V0290,2024-03-29 04:13:00,2024-03-29 04:29:00,0.79,31.32,P000642,4.7,Delhi
R000643,D0129,C01608,V0300,2024-11-06 15:55:00,2024-11-06 16:03:00,0.88,50.56,P000643,4.9,Mumbai
R000644,D0193,C00666,V0157,2025-06-21 10:04:00,2025-06-21 10:19:00,2.24,33.44,P000644,4.7,Hyderabad
R000645,D0251,C01474,V0041,2025-01-19 02:00:00,2025-01-19 02:22:00,3.88,86.56,P000645,4.2,Pune
R000646,D0212,C00197,V0161,2025-02-23 20:58:00,2025-02-23 21:14:00,4.69,68.14,P000646,4.6,Mumbai
R000647,D0225,C00686,V0106,2024-10-06 13:11:00,2024-10-06 13:33:00,3.61,53.88,P000647,4.8,Kolkata
R000648,D0247,C01954,V0258,2025-07-23 14:45:00,2025-07-23 15:27:00,9.61,101.88,P000648,3.7,Pune
R000649,D0186,C01535,V0257,2025-08-04 04:12:00,2025-08-04 04:58:00,13.5,133.0,P000649,4.5,Bangalore
R000650,D0161,C00584,V0095,2024-07-09 12:18:00,2024-07-09 12:53:00,9.16,84.96,P000650,4.1,Hyderabad
R000651,D0095,C00241,V0047,2025-07-21 15:02:00,2025-07-21 15:45:00,9.92,104.36,P000651,4.6,Ahmedabad
R000652,D0053,C01989,V0112,2024-11-05 18:19:00,2024-11-05 18:42:00,1.71,60.52,P000652,4.8,Bangalore
R000653,D0149,C00541,V0192,2025-05-20 17:47:00,2025-05-20 17:58:00,1.24,27.44,P000653,4.7,Ahmedabad
R000654,D0080,C01325,V0165,2025-04-19 07:01:00,2025-04-19 07:22:00,2.87,37.22,P000654,4.4,Kolkata
R000655,D0265,C01656,V0120,2024-01-03 04:16:00,2024-01-03 04:25:00,1.27,35.16,P000655,4.3,Bangalore
R000656,D0085,C01977,V0225,2024-11-03 20:53:00,2024-11-03 21:32:00,11.34,125.72,P000656,4.5,Chennai
R000657,D0029,C01580,V0069,2025-04-28 03:41:00,2025-04-28 03:51:00,0.59,23.54,P000657,4.8,Ahmedabad
R000658,D0072,C01522,V0184,2024-10-21 13:11:00,2024-10-21 13:19:00,2.27,67.24,P000658,4.4,Mumbai
R000659,D0168,C00628,V0007,2025-05-18 22:41:00,2025-05-18 23:37:00,14.52,107.12,P000659,5.0,Ahmedabad
R000660,D0066,C01582,V0234,2024-09-07 00:07:00,2024-09-07 00:30:00,3.78,85.36,P000660,4.1,Ahmedabad
R000661,D0022,C00636,V0284,2024-10-10 15:04:00,2024-10-10 15:19:00,2.55,70.6,P000661,4.7,Bangalore
R000662,D0300,C01155,V0271,2025-01-05 18:30:00,2025-01-05 18:37:00,1.28,65.36,P000662,4.6,Pune
R000663,D0077,C01513,V0276,2025-08-02 13:55:00,2025-08-02 14:09:00,3.41,80.92,P000663,4.8,Chennai
R000664,D0123,C00803,V0247,2024-09-21 20:43:00,2024-09-21 21:22:00,9.11,97.88,P000664,4.7,Pune
R000665,D0118,C01128,V0253,2025-05-02 22:52:00,2025-05-02 23:10:00,1.48,28.88,P000665,4.8,Kolkata
R000666,D0163,C01125,V0286,2024-05-02 11:32:00,2024-05-02 11:55:00,7.23,73.38,P000666,4.7,Chennai
R000667,D0208,C01872,V0024,2025-08-12 00:54:00,2025-08-12 01:01:00,1.41,56.92,P000667,4.4,Hyderabad
R000668,D0265,C00887,V0120,2024-09-22 05:37:00,2024-09-22 06:14:00,8.37,91.96,P000668,4.4,Bangalore
R000669,D0158,C00473,V0266,2024-02-29 04:20:00,2024-02-29 05:05:00,12.32,197.84,P000669,5.0,Chennai
R000670,D0174,C00740,V0148,2025-04-17 22:08:00,2025-04-17 22:22:00,3.37,80.44,P000670,4.6,Hyderabad
R000671,D0103,C01518,V0235,2024-12-31 05:03:00,2024-12-31 06:07:00,17.76,126.56,P000671,5.0,Ahmedabad
R000672,D0179,C00674,V0299,2024-10-06 11:26:00,2024-10-06 11:38:00,2.79,73.48,P000672,4.8,Ahmedabad
R000673,D0010,C00131,V0097,2024-12-30 01:18:00,2024-12-30 01:40:00,4.19,90.28,P000673,5.0,Delhi
R000674,D0084,C01579,V0261,2024-10-25 16:40:00,2024-10-25 16:50:00,0.81,31.48,P000674,4.8,Chennai
R000675,D0158,C00351,V0266,2024-03-19 16:12:00,2024-03-19 16:30:00,2.76,73.12,P000675,4.7,Chennai
R000676,D0107,C00404,V0124,2024-07-06 03:38:00,2024-07-06 03:54:00,3.31,79.72,P000676,4.5,Pune
R000677,D0205,C00843,V0166,2024-06-20 17:20:00,2024-06-20 17:45:00,4.02,98.24,P000677,5.0,Bangalore
R000678,D0129,C00031,V0300,2024-11-19 21:51:00,2024-11-19 22:04:00,0.87,50.44,P000678,4.7,Mumbai
R000679,D0030,C00359,V0164,2024-11-04 08:43:00,2024-11-04 09:02:00,2.28,33.68,P000679,4.8,Hyderabad
R000680,D0245,C01948,V0172,2025-01-06 03:34:00,2025-01-06 03:44:00,1.71,60.52,P000680,4.3,Bangalore
R000681,D0133,C01628,V0080,2025-08-16 11:52:00,2025-08-16 12:13:00,3.38,52.04,P000681,5.0,Pune
R000682,D0126,C01733,V0290,2024-05-27 00:08:00,2024-05-27 00:19:00,4.62,61.96,P000682,4.2,Delhi
R000683,D0118,C01469,V0253,2025-06-14 09:23:00,2025-06-14 09:43:00,3.12,48.72,P000683,4.4,Kolkata
R000684,D0274,C00470,V0024,2025-05-11 13:21:00,2025-05-11 13:41:00,6.92,123.04,P000684,4.5,Kolkata
R000685,D0022,C00357,V0284,2024-06-15 03:13:00,2024-06-15 03:23:00,2.81,73.72,P000685,4.1,Bangalore
R000686,D0106,C01600,V0090,2024-06-07 16:14:00,2024-06-07 16:33:00,4.73,96.76,P000686,4.2,Kolkata
R000687,D0065,C00060,V0025,2024-07-11 17:39:00,2024-07-11 17:55:00,2.47,34.82,P000687,4.4,Mumbai
R000688,D0211,C01822,V0150,2025-06-22 17:45:00,2025-06-22 18:25:00,11.83,119.64,P000688,4.3,Bangalore
R000689,D0210,C00412,V0295,2025-07-18 22:48:00,2025-07-18 23:08:00,3.71,84.52,P000689,4.9,Chennai
R000690,D0007,C01414,V0031,2024-04-26 13:29:00,2024-04-26 13:52:00,5.31,51.86,P000690,4.7,Ahmedabad
R000691,D0119,C00372,V0044,2024-03-19 03:52:00,2024-03-19 04:02:00,2.1,65.2,P000691,4.5,Bangalore
R000692,D0172,C01670,V0198,2024-05-14 00:30:00,2024-05-14 00:57:00,4.84,98.08,P000692,4.7,Kolkata
R000693,D0119,C01739,V0044,2024-12-22 09:44:00,2024-12-22 09:59:00,1.89,62.68,P000693,4.2,Bangalore
R000694,D0176,C00236,V0141,2025-01-06 04:52:00,2025-01-06 04:59:00,1.69,30.14,P000694,4.8,Pune
R000695,D0030,C01722,V0164,2025-03-28 19:33:00,2025-03-28 19:44:00,3.16,38.96,P000695,4.6,Hyderabad
R000696,D0006,C01795,V0277,2024-12-16 05:45:00,2024-12-16 06:11:00,5.68,80.44,P000696,5.0,Pune
R000697,D0075,C01100,V0067,2024-11-07 00:47:00,2024-11-07 01:00:00,2.51,45.08,P000697,4.8,Hyderabad
R000698,D0031,C01328,V0263,2024-05-01 07:08:00,2024-05-01 07:25:00,6.11,56.66,P000698,4.2,Mumbai
R000699,D0226,C01427,V0183,2024-05-25 22:14:00,2024-05-25 22:33:00,1.79,61.48,P000699,4.5,Ahmedabad
R000700,D0242,C00615,V0221,2024-11-10 04:13:00,2024-11-10 04:29:00,1.55,58.6,P000700,4.9,Ahmedabad
R000701,D0293,C00024,V0198,2024-05-13 02:27:00,2024-05-13 02:42:00,1.81,61.72,P000701,4.3,Hyderabad
R000702,D0273,C00764,V0261,2024-04-24 02:01:00,2024-04-24 02:10:00,2.66,46.28,P000702,4.6,Chennai
R000703,D0248,C00353,V0124,2025-05-10 13:02:00,2025-05-10 13:22:00,4.33,111.96,P000703,4.6,Kolkata
R000704,D0281,C01778,V0294,2024-07-20 03:02:00,2024-07-20 03:35:00,5.58,106.96,P000704,5.0,Delhi
R000705,D0038,C00597,V0099,2025-06-09 18:03:00,2025-06-09 18:14:00,1.28,27.68,P000705,4.6,Bangalore
R000706,D0096,C01341,V0145,2025-04-25 03:58:00,2025-04-25 04:50:00,11.17,194.04,P000706,4.5,Delhi
R000707,D0250,C01508,V0028,2024-09-16 01:04:00,2024-09-16 01:18:00,4.34,46.04,P000707,4.9,Chennai
R000708,D0191,C00922,V0050,2024-11-04 21:00:00,2024-11-04 21:18:00,3.25,51.0,P000708,4.3,Bangalore
R000709,D0144,C01172,V0105,2024-04-08 03:58:00,2024-04-08 04:19:00,3.09,38.54,P000709,4.6,Bangalore
R000710,D0083,C01637,V0149,2024-07-29 18:57:00,2024-07-29 19:15:00,2.1,65.2,P000710,4.1,Hyderabad
R000711,D0024,C01738,V0091,2024-07-23 05:42:00,2024-07-23 05:56:00,3.26,79.12,P000711,3.8,Ahmedabad
R000712,D0223,C01905,V0299,2024-12-25 00:05:00,2024-12-25 00:36:00,6.95,123.4,P000712,4.1,Hyderabad
R000713,D0222,C01235,V0051,2024-05-29 23:17:00,2024-05-29 23:59:00,12.81,193.72,P000713,4.4,Chennai
R000714,D0201,C01541,V0211,2025-08-16 11:22:00,2025-08-16 11:45:00,2.95,47.7,P000714,4.9,Bangalore
R000715,D0136,C00951,V0081,2024-06-13 16:49:00,2024-06-13 17:22:00,9.16,98.28,P000715,5.0,Mumbai
R000716,D0076,C00010,V0230,2024-09-04 16:36:00,2024-09-04 16:39:00,1.43,77.16,P000716,5.0,Bangalore
R000717,D0188,C00183,V0074,2024-03-10 03:52:00,2024-03-10 04:51:00,16.12,233.44,P000717,5.0,Kolkata
R000718,D0059,C00630,V0187,2025-08-15 00:33:00,2025-08-15 00:57:00,4.99,109.88,P000718,4.9,Ahmedabad
R000719,D0068,C00473,V0258,2024-08-10 22:12:00,2024-08-10 22:24:00,1.27,35.16,P000719,4.1,Ahmedabad
R000720,D0197,C00107,V0172,2024-10-15 05:57:00,2024-10-15 06:01:00,0.84,70.08,P000720,4.0,Pune
R000721,D0001,C00721,V0080,2025-07-04 00:46:00,2025-07-04 02:03:00,25.09,245.72,P000721,4.2,Bangalore
R000722,D0229,C00140,V0266,2024-04-11 06:58:00,2024-04-11 07:13:00,3.22,88.64,P000722,4.1,Bangalore
R000723,D0246,C00287,V0079,2025-05-31 22:30:00,2025-05-31 22:50:00,4.0,77.0,P000723,5.0,Mumbai
R000724,D0116,C01552,V0057,2025-01-10 22:37:00,2025-01-10 23:16:00,9.66,102.28,P000724,3.6,Bangalore
R000725,D0042,C00314,V0291,2024-07-08 14:43:00,2024-07-08 15:02:00,4.1,99.2,P000725,4.0,Bangalore
R000726,D0251,C01071,V0041,2024-04-19 05:53:00,2024-04-19 06:11:00,2.49,89.88,P000726,4.4,Pune
R000727,D0215,C01074,V0188,2024-12-29 12:27:00,2024-12-29 13:01:00,6.08,73.64,P000727,4.4,Mumbai
R000728,D0280,C01396,V0047,2024-08-07 16:14:00,2024-08-07 16:38:00,5.38,78.04,P000728,4.5,Chennai
R000729,D0297,C00558,V0282,2025-02-21 03:48:00,2025-02-21 04:07:00,2.45,69.4,P000729,4.3,Bangalore
R000730,D0027,C00699,V0126,2024-11-17 03:29:00,2024-11-17 03:45:00,3.59,51.54,P000730,4.4,Ahmedabad
R000731,D0045,C01297,V0195,2024-04-22 16:08:00,2024-04-22 16:19:00,3.4,62.2,P000731,4.3,Chennai
R000732,D0129,C01680,V0300,2025-05-22 11:45:00,2025-05-22 12:08:00,3.28,79.36,P000732,3.6,Mumbai
R000733,D0170,C01923,V0132,2024-10-22 17:46:00,2024-10-22 17:57:00,2.91,74.92,P000733,4.0,Ahmedabad
R000734,D0010,C01256,V0097,2024-02-11 02:20:00,2024-02-11 02:33:00,3.07,86.84,P000734,4.1,Delhi
R000735,D0003,C01455,V0159,2025-05-20 03:24:00,2025-05-20 03:40:00,6.48,117.76,P000735,4.3,Delhi
R000736,D0251,C01076,V0041,2024-10-17 14:38:00,2024-10-17 14:54:00,4.04,88.48,P000736,5.0,Pune
R000737,D0060,C01176,V0084,2024-11-15 21:53:00,2024-11-15 22:05:00,4.38,92.56,P000737,4.3,Hyderabad
R000738,D0246,C00576,V0079,2025-03-30 07:35:00,2025-03-30 07:45:00,1.85,39.8,P000738,5.0,Mumbai
R000739,D0028,C00401,V0240,2025-02-21 09:54:00,2025-02-21 09:57:00,1.09,53.08,P000739,4.2,Bangalore
R000740,D0012,C00984,V0075,2025-03-14 06:54:00,2025-03-14 07:05:00,4.36,69.88,P000740,4.8,Delhi
R000741,D0163,C00496,V0286,2024-03-12 15:43:00,2024-03-12 15:56:00,1.68,30.08,P000741,4.2,Chennai
R000742,D0292,C00135,V0194,2025-01-11 05:00:00,2025-01-11 05:07:00,2.9,74.8,P000742,4.5,Hyderabad
R000743,D0124,C00410,V0088,2025-05-18 21:06:00,2025-05-18 21:11:00,0.87,41.96,P000743,4.4,Hyderabad
R000744,D0104,C01396,V0290,2025-02-09 14:33:00,2025-02-09 14:53:00,4.22,58.76,P000744,3.7,Ahmedabad
R000745,D0222,C01768,V0051,2024-03-28 03:09:00,2024-03-28 03:17:00,1.94,63.28,P000745,4.9,Chennai
R000746,D0174,C00215,V0148,2025-02-08 12:44:00,2025-02-08 12:53:00,3.42,81.04,P000746,4.2,Hyderabad
R000747,D0246,C00034,V0079,2024-04-14 23:59:00,2024-04-15 00:30:00,6.65,78.2,P000747,5.0,Mumbai
R000748,D0108,C01358,V0105,2024-06-21 02:23:00,2024-06-21 02:51:00,5.09,70.54,P000748,5.0,Delhi
R000749,D0130,C00407,V0215,2024-07-22 10:12:00,2024-07-22 10:17:00,1.41,36.28,P000749,4.0,Hyderabad
R000750,D0190,C01188,V0066,2025-02-17 03:14:00,2025-02-17 03:25:00,2.52,55.12,P000750,5.0,Mumbai
R000751,D0262,C01662,V0293,2025-03-10 23:31:00,2025-03-10 23:49:00,1.91,62.92,P000751,4.7,Mumbai
R000752,D0068,C01072,V0258,2024-10-12 22:49:00,2024-10-12 23:04:00,3.03,49.24,P000752,4.5,Ahmedabad
R000753,D0215,C01811,V0188,2025-08-18 18:17:00,2025-08-18 18:48:00,6.61,77.88,P000753,4.2,Mumbai
R000754,D0130,C01899,V0215,2025-02-13 11:30:00,2025-02-13 12:01:00,8.34,91.72,P000754,4.1,Hyderabad
R000755,D0239,C00994,V0038,2025-02-18 15:32:00,2025-02-18 15:52:00,2.09,41.72,P000755,5.0,Pune
R000756,D0166,C01798,V0279,2024-10-12 04:49:00,2024-10-12 05:03:00,3.31,79.72,P000756,4.6,Pune
R000757,D0094,C01839,V0113,2025-04-10 03:07:00,2025-04-10 03:17:00,1.47,36.76,P000757,5.0,Chennai
R000758,D0207,C00980,V0110,2024-09-13 15:31:00,2024-09-13 16:07:00,8.5,142.0,P000758,4.7,Pune
R000759,D0044,C00488,V0170,2024-08-24 20:08:00,2024-08-24 20:38:00,5.89,55.34,P000759,4.4,Ahmedabad
R000760,D0092,C01299,V0196,2024-01-31 03:47:00,2024-01-31 04:10:00,3.72,94.64,P000760,5.0,Bangalore
R000761,D0256,C01085,V0211,2024-02-24 02:31:00,2024-02-24 02:49:00,4.35,46.1,P000761,4.3,Chennai
R000762,D0289,C00148,V0187,2024-01-28 05:24:00,2024-01-28 05:59:00,10.01,170.12,P000762,4.7,Mumbai
R000763,D0183,C01763,V0231,2024-11-30 04:19:00,2024-11-30 04:36:00,4.16,44.96,P000763,5.0,Bangalore
R000764,D0162,C00599,V0020,2024-04-08 02:42:00,2024-04-08 03:00:00,2.28,67.36,P000764,4.3,Mumbai
R000765,D0015,C01243,V0216,2025-06-16 15:50:00,2025-06-16 16:02:00,1.78,39.24,P000765,4.1,Delhi
R000766,D0131,C01825,V0148,2025-04-22 06:18:00,2025-04-22 06:34:00,2.19,66.28,P000766,4.8,Pune
R000767,D0165,C00649,V0010,2025-05-24 15:32:00,2025-05-24 15:54:00,4.1,89.2,P000767,4.8,Delhi
R000768,D0249,C01744,V0290,2024-09-24 17:21:00,2024-09-24 17:45:00,6.31,75.48,P000768,4.1,Kolkata
R000769,D0176,C01020,V0141,2025-07-07 17:01:00,2025-07-07 17:14:00,1.89,31.34,P000769,5.0,Pune
R000770,D0198,C00559,V0010,2024-02-02 13:56:00,2024-02-02 14:09:00,2.03,64.36,P000770,4.3,Hyderabad
R000771,D0190,C00240,V0066,2024-05-01 12:28:00,2024-05-01 12:50:00,2.99,37.94,P000771,4.9,Mumbai
R000772,D0111,C00117,V0154,2024-11-18 12:28:00,2024-11-18 12:55:00,4.09,64.54,P000772,4.5,Ahmedabad
R000773,D0263,C01669,V0248,2025-04-15 01:02:00,2025-04-15 01:30:00,6.0,73.0,P000773,4.5,Kolkata
R000774,D0198,C00894,V0010,2024-06-30 17:42:00,2024-06-30 17:50:00,3.18,78.16,P000774,4.5,Hyderabad
R000775,D0009,C01948,V0058,2024-11-06 22:10:00,2024-11-06 22:43:00,5.26,51.56,P000775,5.0,Delhi
R000776,D0180,C01138,V0172,2025-05-18 13:08:00,2025-05-18 13:18:00,0.89,50.68,P000776,5.0,Pune
R000777,D0044,C00429,V0170,2024-11-15 22:24:00,2024-11-15 22:38:00,3.42,40.52,P000777,4.8,Ahmedabad
R000778,D0008,C00477,V0203,2025-05-14 03:36:00,2025-05-14 04:07:00,7.06,62.36,P000778,4.0,Chennai
R000779,D0125,C01671,V0055,2025-05-17 21:35:00,2025-05-17 21:42:00,1.02,52.24,P000779,4.9,Delhi
R000780,D0046,C01060,V0271,2025-07-06 18:30:00,2025-07-06 19:01:00,8.26,149.12,P000780,4.9,Delhi
R000781,D0107,C00807,V0124,2025-05-02 17:54:00,2025-05-02 18:43:00,14.36,212.32,P000781,4.6,Pune
R000782,D0154,C01867,V0064,2024-06-09 16:03:00,2024-06-09 16:30:00,6.84,122.08,P000782,4.6,Hyderabad
R000783,D0286,C00933,V0092,2025-02-04 08:31:00,2025-02-04 09:00:00,6.15,74.2,P000783,5.0,Pune
R000784,D0076,C00936,V0230,2025-01-21 19:43:00,2025-01-21 20:00:00,1.18,64.16,P000784,4.9,Bangalore
R000785,D0045,C01971,V0195,2024-12-27 09:20:00,2024-12-27 09:46:00,5.68,70.44,P000785,4.5,Chennai
R000786,D0184,C01998,V0077,2024-03-03 00:37:00,2024-03-03 00:56:00,3.17,88.04,P000786,4.7,Hyderabad
R000787,D0257,C01752,V0127,2024-02-16 04:53:00,2024-02-16 05:15:00,3.9,86.8,P000787,4.4,Kolkata
R000788,D0122,C01487,V0273,2025-01-10 11:51:00,2025-01-10 12:19:00,7.57,65.42,P000788,4.0,Pune
R000789,D0219,C01877,V0063,2025-08-20 00:48:00,2025-08-20 01:08:00,2.62,45.96,P000789,4.7,Ahmedabad
R000790,D0243,C00827,V0114,2024-12-15 12:06:00,2024-12-15 12:38:00,6.68,120.16,P000790,5.0,Bangalore
R000791,D0180,C00797,V0172,2025-03-14 11:22:00,2025-03-14 11:38:00,2.38,68.56,P000791,4.6,Pune
R000792,D0285,C01951,V0054,2025-02-25 11:03:00,2025-02-25 11:19:00,2.32,77.84,P000792,3.9,Chennai
R000793,D0144,C00371,V0105,2024-09-07 07:15:00,2024-09-07 07:51:00,9.23,75.38,P000793,4.6,Bangalore
R000794,D0264,C01832,V0097,2024-11-15 18:05:00,2024-11-15 18:36:00,8.7,144.4,P000794,4.6,Mumbai
R000795,D0242,C01915,V0221,2024-03-08 09:07:00,2024-03-08 09:21:00,1.35,56.2,P000795,4.0,Ahmedabad
R000796,D0206,C00178,V0214,2024-12-11 05:01:00,2024-12-11 05:40:00,10.17,81.02,P000796,4.8,Delhi
R000797,D0163,C00816,V0286,2025-07-05 10:02:00,2025-07-05 10:40:00,12.76,96.56,P000797,4.8,Chennai
R000798,D0152,C00124,V0015,2025-04-16 21:55:00,2025-04-16 23:24:00,25.11,225.88,P000798,4.8,Chennai
R000799,D0262,C01014,V0293,2025-03-08 18:32:00,2025-03-08 18:47:00,1.42,67.04,P000799,4.5,Mumbai
R000800,D0028,C01772,V0240,2025-03-07 08:01:00,2025-03-07 08:40:00,9.0,148.0,P000800,4.4,Bangalore
R000801,D0217,C01778,V0289,2025-04-25 18:01:00,2025-04-25 18:55:00,15.66,227.92,P000801,4.4,Kolkata
R000802,D0106,C01291,V0090,2024-11-20 12:36:00,2024-11-20 12:48:00,2.09,65.08,P000802,4.7,Kolkata
R000803,D0287,C01022,V0078,2025-02-03 10:36:00,2025-02-03 10:53:00,4.89,49.34,P000803,4.2,Hyderabad
R000804,D0155,C01354,V0272,2024-04-10 15:06:00,2024-04-10 15:27:00,4.99,49.94,P000804,4.4,Ahmedabad
R000805,D0048,C01840,V0054,2024-07-29 10:31:00,2024-07-29 11:24:00,17.26,247.12,P000805,4.7,Bangalore
R000806,D0253,C00150,V0158,2025-05-29 21:21:00,2025-05-29 21:39:00,2.63,46.04,P000806,4.9,Ahmedabad
R000807,D0133,C01689,V0080,2024-06-19 19:19:00,2024-06-19 19:59:00,10.91,122.28,P000807,4.5,Pune
R000808,D0275,C00452,V0051,2025-01-07 13:12:00,2025-01-07 13:42:00,7.07,124.84,P000808,4.2,Ahmedabad
R000809,D0175,C01459,V0202,2025-05-23 20:54:00,2025-05-23 21:06:00,1.4,56.8,P000809,4.5,Bangalore
R000810,D0285,C01535,V0054,2024-03-18 17:13:00,2024-03-18 17:21:00,1.19,54.28,P000810,5.0,Chennai
R000811,D0177,C01341,V0028,2024-10-21 08:03:00,2024-10-21 08:26:00,3.74,62.44,P000811,4.4,Kolkata
R000812,D0125,C00661,V0055,2024-10-31 18:25:00,2024-10-31 18:56:00,3.65,83.8,P000812,5.0,Delhi
R000813,D0209,C01749,V0239,2024-08-19 19:47:00,2024-08-19 20:06:00,2.2,66.4,P000813,4.2,Mumbai
R000814,D0111,C01853,V0154,2024-04-04 22:54:00,2024-04-04 23:15:00,4.61,67.66,P000814,4.8,Ahmedabad
R000815,D0163,C01715,V0286,2025-08-15 03:37:00,2025-08-15 03:56:00,4.51,57.06,P000815,5.0,Chennai
R000816,D0111,C00095,V0154,2024-12-10 08:04:00,2024-12-10 08:30:00,6.07,66.42,P000816,4.4,Ahmedabad
R000817,D0220,C01000,V0088,2025-08-03 16:30:00,2025-08-03 16:49:00,2.83,47.64,P000817,3.5,Bangalore
R000818,D0021,C01792,V0241,2025-03-13 06:22:00,2025-03-13 07:20:00,13.15,197.8,P000818,4.7,Mumbai
R000819,D0033,C01281,V0281,2024-03-19 20:52:00,2024-03-19 21:05:00,0.81,49.72,P000819,4.4,Bangalore
R000820,D0117,C01912,V0021,2024-11-05 16:51:00,2024-11-05 17:06:00,2.32,67.84,P000820,5.0,Hyderabad
R000821,D0156,C01576,V0033,2024-11-03 13:42:00,2024-11-03 13:58:00,4.34,92.08,P000821,4.2,Delhi
R000822,D0153,C00962,V0279,2025-07-06 10:12:00,2025-07-06 10:32:00,3.62,93.44,P000822,4.7,Kolkata
R000823,D0274,C01427,V0024,2025-02-28 12:16:00,2025-02-28 12:35:00,4.66,105.92,P000823,4.3,Kolkata
R000824,D0021,C01699,V0241,2025-06-11 14:42:00,2025-06-11 15:32:00,15.96,231.52,P000824,5.0,Mumbai
R000825,D0100,C00413,V0116,2025-07-14 05:56:00,2025-07-14 06:07:00,2.72,36.32,P000825,5.0,Kolkata
R000826,D0217,C01735,V0289,2024-01-20 20:45:00,2024-01-20 21:14:00,7.47,139.64,P000826,4.2,Kolkata
R000827,D0202,C01142,V0043,2025-06-12 05:36:00,2025-06-12 05:48:00,2.2,43.2,P000827,4.5,Hyderabad
R000828,D0168,C00478,V0007,2025-05-26 06:42:00,2025-05-26 06:52:00,1.91,31.46,P000828,5.0,Ahmedabad
R000829,D0029,C00621,V0069,2025-04-23 08:59:00,2025-04-23 09:02:00,1.4,38.4,P000829,4.5,Ahmedabad
R000830,D0125,C00164,V0055,2025-06-29 19:54:00,2025-06-29 20:06:00,2.5,70.0,P000830,5.0,Delhi
R000831,D0275,C01885,V0051,2025-03-20 18:46:00,2025-03-20 19:09:00,6.64,119.68,P000831,4.8,Ahmedabad
R000832,D0284,C00137,V0175,2024-03-02 16:12:00,2024-03-02 16:32:00,4.25,91.0,P000832,4.5,Delhi
R000833,D0159,C01600,V0080,2025-01-08 14:09:00,2025-01-08 14:31:00,2.88,48.04,P000833,4.9,Bangalore
R000834,D0093,C01629,V0255,2024-09-03 04:47:00,2024-09-03 05:11:00,3.99,97.88,P000834,4.3,Ahmedabad
R000835,D0190,C00198,V0066,2024-11-03 13:26:00,2024-11-03 14:00:00,9.57,87.42,P000835,4.8,Mumbai
R000836,D0206,C01474,V0214,2024-11-22 02:40:00,2024-11-22 02:54:00,3.85,53.1,P000836,5.0,Delhi
R000837,D0190,C00921,V0066,2024-07-27 13:17:00,2024-07-27 13:41:00,5.51,63.06,P000837,3.7,Mumbai
R000838,D0127,C01698,V0123,2024-10-20 20:10:00,2024-10-20 20:41:00,4.46,93.52,P000838,4.6,Kolkata
R000839,D0299,C01202,V0280,2024-09-19 21:38:00,2024-09-19 22:01:00,3.0,86.0,P000839,4.4,Mumbai
R000840,D0064,C01064,V0296,2024-08-29 12:15:00,2024-08-29 12:42:00,7.85,67.1,P000840,4.3,Chennai
R000841,D0209,C01470,V0239,2024-04-26 04:12:00,2024-04-26 04:24:00,1.94,63.28,P000841,3.9,Mumbai
R000842,D0165,C01915,V0010,2024-01-29 07:51:00,2024-01-29 08:08:00,3.05,86.6,P000842,4.9,Delhi
R000843,D0071,C00513,V0263,2024-11-13 14:31:00,2024-11-13 14:46:00,2.43,34.58,P000843,4.4,Pune
R000844,D0016,C00720,V0285,2025-07-27 13:27:00,2025-07-27 13:45:00,4.71,96.52,P000844,4.6,Delhi
R000845,D0242,C00776,V0221,2024-02-07 06:10:00,2024-02-07 06:40:00,5.91,110.92,P000845,4.1,Ahmedabad
R000846,D0248,C01236,V0124,2024-10-06 04:01:00,2024-10-06 04:16:00,1.01,52.12,P000846,4.9,Kolkata
R000847,D0205,C00869,V0166,2024-09-21 08:42:00,2024-09-21 09:14:00,5.05,100.6,P000847,4.6,Bangalore
R000848,D0010,C01136,V0097,2025-07-17 05:41:00,2025-07-17 05:53:00,2.04,64.48,P000848,4.3,Delhi
R000849,D0046,C00226,V0271,2024-02-13 23:31:00,2024-02-13 23:45:00,1.68,70.16,P000849,4.6,Delhi
R000850,D0119,C00240,V0044,2024-01-21 01:55:00,2024-01-21 02:10:00,5.02,110.24,P000850,4.4,Bangalore
R000851,D0143,C00170,V0084,2024-03-26 10:38:00,2024-03-26 10:55:00,2.94,75.28,P000851,4.4,Chennai
R000852,D0166,C00320,V0279,2024-11-01 02:57:00,2024-11-01 03:10:00,2.7,72.4,P000852,4.7,Pune
R000853,D0114,C01819,V0119,2025-02-20 11:42:00,2025-02-20 12:01:00,4.06,44.36,P000853,4.8,Mumbai
R000854,D0042,C00120,V0291,2024-04-02 12:53:00,2024-04-02 13:05:00,1.2,54.4,P000854,4.6,Bangalore
R000855,D0219,C00955,V0063,2024-05-23 07:07:00,2024-05-23 07:24:00,4.02,57.16,P000855,5.0,Ahmedabad
R000856,D0272,C01369,V0288,2025-08-07 23:32:00,2025-08-07 23:48:00,3.75,42.5,P000856,5.0,Hyderabad
R000857,D0187,C01559,V0192,2024-05-03 16:42:00,2024-05-03 17:32:00,12.66,95.96,P000857,3.8,Delhi
R000858,D0129,C00576,V0300,2025-08-17 16:16:00,2025-08-17 16:32:00,1.91,82.92,P000858,4.4,Mumbai
R000859,D0077,C00104,V0276,2025-05-23 02:15:00,2025-05-23 02:30:00,1.95,63.4,P000859,4.5,Chennai
R000860,D0044,C01066,V0170,2024-05-05 10:21:00,2024-05-05 10:54:00,5.97,65.82,P000860,4.3,Ahmedabad
R000861,D0030,C00065,V0164,2025-08-21 23:24:00,2025-08-21 23:33:00,1.93,31.58,P000861,5.0,Hyderabad
R000862,D0116,C00052,V0057,2024-08-29 13:13:00,2024-08-29 13:43:00,8.63,94.04,P000862,4.5,Bangalore
R000863,D0187,C00878,V0192,2024-05-27 03:11:00,2024-05-27 03:36:00,2.93,37.58,P000863,4.5,Delhi
R000864,D0105,C00522,V0248,2024-08-07 08:28:00,2024-08-07 08:45:00,1.31,35.48,P000864,5.0,Pune
R000865,D0294,C00229,V0133,2025-02-22 08:55:00,2025-02-22 09:13:00,2.8,46.8,P000865,4.7,Bangalore
R000866,D0090,C00488,V0234,2024-02-27 15:34:00,2024-02-27 15:53:00,5.22,102.64,P000866,4.6,Bangalore
R000867,D0180,C00202,V0172,2025-01-18 22:07:00,2025-01-18 22:14:00,1.77,61.24,P000867,4.4,Pune
R000868,D0205,C01768,V0166,2024-11-20 17:27:00,2024-11-20 17:30:00,2.42,69.04,P000868,4.7,Bangalore
R000869,D0132,C01240,V0058,2025-05-01 21:15:00,2025-05-01 21:28:00,1.63,29.78,P000869,5.0,Chennai
R000870,D0272,C01886,V0288,2024-10-11 04:23:00,2024-10-11 04:40:00,4.29,45.74,P000870,4.7,Hyderabad
R000871,D0031,C01097,V0263,2025-05-01 22:23:00,2025-05-01 22:46:00,2.91,37.46,P000871,4.2,Mumbai
R000872,D0207,C00953,V0110,2024-11-11 00:41:00,2024-11-11 00:54:00,3.71,84.52,P000872,5.0,Pune
R000873,D0145,C01758,V0195,2024-02-05 23:42:00,2024-02-06 00:02:00,1.87,39.96,P000873,4.9,Pune
R000874,D0243,C00370,V0114,2024-02-25 22:58:00,2024-02-25 23:15:00,1.15,53.8,P000874,4.9,Bangalore
R000875,D0130,C00949,V0215,2024-09-02 08:35:00,2024-09-02 08:55:00,1.54,37.32,P000875,4.9,Hyderabad
R000876,D0236,C00658,V0150,2025-01-28 09:40:00,2025-01-28 09:50:00,1.88,40.04,P000876,4.5,Kolkata
R000877,D0107,C00856,V0124,2025-01-06 21:07:00,2025-01-06 21:18:00,1.14,53.68,P000877,5.0,Pune
R000878,D0102,C01915,V0094,2025-07-01 07:54:00,2025-07-01 08:21:00,6.93,80.44,P000878,5.0,Chennai
R000879,D0217,C00252,V0289,2025-03-29 12:00:00,2025-03-29 12:41:00,11.06,182.72,P000879,4.9,Kolkata
R000880,D0195,C00851,V0247,2025-02-06 08:19:00,2025-02-06 08:50:00,7.82,87.56,P000880,4.6,Ahmedabad
R000881,D0233,C00582,V0240,2024-04-02 07:19:00,2024-04-02 07:33:00,5.26,103.12,P000881,5.0,Bangalore
R000882,D0112,C00781,V0229,2024-08-03 05:58:00,2024-08-03 06:27:00,5.08,50.48,P000882,4.9,Kolkata
R000883,D0103,C01154,V0235,2025-03-25 20:20:00,2025-03-25 20:53:00,7.41,64.46,P000883,4.7,Ahmedabad
R000884,D0173,C00357,V0188,2025-02-20 01:17:00,2025-02-20 01:29:00,1.75,39.0,P000884,4.8,Bangalore
R000885,D0136,C01147,V0081,2024-03-23 15:30:00,2024-03-23 15:52:00,5.69,80.52,P000885,4.6,Mumbai
R000886,D0103,C00487,V0235,2025-02-26 10:45:00,2025-02-26 10:58:00,1.05,26.3,P000886,4.7,Ahmedabad
R000887,D0028,C00294,V0240,2025-03-08 03:52:00,2025-03-08 04:11:00,4.16,89.92,P000887,4.9,Bangalore
R000888,D0034,C01248,V0254,2024-06-13 22:16:00,2024-06-13 22:41:00,1.33,55.96,P000888,4.8,Delhi
R000889,D0051,C01462,V0123,2025-06-02 02:22:00,2025-06-02 02:45:00,6.99,123.88,P000889,4.8,Delhi
R000890,D0256,C00166,V0211,2025-03-06 19:46:00,2025-03-06 20:05:00,1.86,31.16,P000890,5.0,Chennai
R000891,D0025,C01650,V0217,2025-07-14 23:20:00,2025-07-14 23:35:00,3.92,43.52,P000891,4.8,Pune
R000892,D0221,C01946,V0220,2025-04-09 22:01:00,2025-04-09 22:14:00,1.78,30.68,P000892,4.7,Delhi
R000893,D0242,C01798,V0221,2024-02-23 20:41:00,2024-02-23 21:10:00,4.81,97.72,P000893,4.1,Ahmedabad
R000894,D0229,C00896,V0266,2024-07-07 20:28:00,2024-07-07 20:49:00,4.99,109.88,P000894,4.4,Bangalore
R000895,D0005,C01328,V0047,2024-05-19 00:25:00,2024-05-19 00:44:00,6.72,78.76,P000895,3.9,Pune
R000896,D0167,C00344,V0088,2024-07-23 20:19:00,2024-07-23 20:39:00,6.05,73.4,P000896,4.5,Mumbai
R000897,D0036,C00213,V0002,2024-11-17 18:05:00,2024-11-17 18:44:00,10.05,160.6,P000897,4.6,Chennai
R000898,D0237,C00312,V0023,2024-04-23 05:15:00,2024-04-23 05:27:00,3.34,61.72,P000898,4.5,Ahmedabad
R000899,D0232,C01246,V0160,2025-06-12 22:49:00,2025-06-12 23:12:00,7.04,72.24,P000899,4.1,Ahmedabad
R000900,D0175,C01436,V0202,2024-05-13 19:43:00,2024-05-13 19:59:00,1.96,63.52,P000900,4.0,Bangalore
R000901,D0184,C00397,V0077,2025-02-24 10:28:00,2025-02-24 11:04:00,10.92,171.04,P000901,5.0,Hyderabad
R000902,D0114,C00249,V0119,2025-05-04 23:08:00,2025-05-04 23:15:00,1.29,27.74,P000902,4.7,Mumbai
R000903,D0034,C00762,V0254,2024-09-23 05:43:00,2024-09-23 06:02:00,3.43,81.16,P000903,5.0,Delhi
R000904,D0155,C01276,V0272,2024-12-01 09:12:00,2024-12-01 09:27:00,2.79,36.74,P000904,4.2,Ahmedabad
R000905,D0214,C01462,V0186,2024-03-27 13:23:00,2024-03-27 13:50:00,4.65,105.8,P000905,4.7,Pune
R000906,D0101,C00152,V0274,2024-07-05 12:56:00,2024-07-05 13:11:00,4.07,88.84,P000906,4.4,Chennai
R000907,D0166,C00560,V0279,2025-01-21 18:14:00,2025-01-21 18:34:00,4.89,98.68,P000907,5.0,Pune
R000908,D0151,C00392,V0270,2024-01-22 00:59:00,2024-01-22 01:34:00,8.06,89.48,P000908,4.7,Pune
R000909,D0039,C01106,V0072,2025-07-25 20:39:00,2025-07-25 21:25:00,11.97,91.82,P000909,4.3,Delhi
R000910,D0012,C01184,V0075,2024-08-22 02:29:00,2024-08-22 02:45:00,3.8,55.4,P000910,4.2,Delhi
R000911,D0005,C00166,V0047,2024-07-22 08:44:00,2024-07-22 09:08:00,4.22,58.76,P000911,4.9,Pune
R000912,D0114,C00242,V0119,2024-06-21 01:25:00,2024-06-21 01:28:00,1.76,40.56,P000912,4.4,Mumbai
R000913,D0131,C01957,V0148,2025-03-15 19:16:00,2025-03-15 19:34:00,2.47,89.64,P000913,4.6,Pune
R000914,D0018,C01328,V0057,2024-06-01 02:23:00,2024-06-01 02:34:00,1.02,33.16,P000914,4.4,Hyderabad
R000915,D0142,C01867,V0264,2024-06-23 18:07:00,2024-06-23 18:23:00,4.37,46.22,P000915,4.5,Hyderabad
R000916,D0282,C01832,V0148,2024-01-15 22:33:00,2024-01-15 22:52:00,3.46,81.52,P000916,4.2,Hyderabad
R000917,D0188,C00161,V0074,2025-03-21 14:52:00,2025-03-21 15:09:00,4.01,108.12,P000917,5.0,Kolkata
R000918,D0131,C01807,V0148,2025-05-21 03:14:00,2025-05-21 04:08:00,14.01,208.12,P000918,4.3,Pune
R000919,D0294,C00188,V0133,2024-07-27 06:55:00,2024-07-27 07:12:00,2.69,46.14,P000919,4.4,Bangalore
R000920,D0099,C00104,V0260,2024-09-29 09:47:00,2024-09-29 10:06:00,5.14,66.12,P000920,4.9,Bangalore
R000921,D0099,C01151,V0260,2025-05-21 12:08:00,2025-05-21 12:50:00,13.77,135.16,P000921,4.1,Bangalore
R000922,D0087,C01860,V0219,2025-03-17 06:38:00,2025-03-17 07:19:00,9.3,151.6,P000922,4.8,Hyderabad
R000923,D0161,C01258,V0095,2024-08-08 09:46:00,2024-08-08 09:53:00,1.52,29.12,P000923,4.4,Hyderabad
R000924,D0290,C01692,V0102,2024-07-12 13:11:00,2024-07-12 13:32:00,3.73,64.84,P000924,4.7,Delhi
R000925,D0228,C01863,V0124,2025-02-22 04:01:00,2025-02-22 04:38:00,9.93,159.16,P000925,4.9,Pune
R000926,D0170,C00576,V0132,2024-10-24 08:15:00,2024-10-24 09:21:00,18.99,267.88,P000926,4.6,Ahmedabad
R000927,D0261,C00287,V0214,2025-04-06 07:23:00,2025-04-06 08:07:00,12.6,95.6,P000927,4.2,Pune
R000928,D0102,C01738,V0094,2025-08-19 21:41:00,2025-08-19 21:56:00,1.63,38.04,P000928,4.5,Chennai
R000929,D0256,C00416,V0211,2025-04-14 02:00:00,2025-04-14 02:15:00,4.97,49.82,P000929,4.3,Chennai
R000930,D0282,C00204,V0148,2025-04-25 04:55:00,2025-04-25 05:06:00,2.95,75.4,P000930,4.2,Hyderabad
R000931,D0057,C01679,V0198,2024-11-27 22:25:00,2024-11-27 22:54:00,4.65,115.8,P000931,5.0,Chennai
R000932,D0181,C01531,V0222,2024-08-05 22:24:00,2024-08-05 22:37:00,3.06,38.36,P000932,4.8,Bangalore
R000933,D0048,C01164,V0054,2025-03-09 23:38:00,2025-03-09 23:54:00,2.52,80.24,P000933,4.6,Bangalore
R000934,D0260,C01787,V0070,2024-09-19 02:06:00,2024-09-19 02:35:00,6.53,59.18,P000934,4.3,Chennai
R000935,D0251,C00848,V0041,2025-07-24 01:03:00,2025-07-24 01:28:00,4.8,117.6,P000935,5.0,Pune
R000936,D0242,C00797,V0221,2024-12-06 07:30:00,2024-12-06 07:45:00,2.01,64.12,P000936,4.7,Ahmedabad
R000937,D0166,C01966,V0279,2024-12-28 19:42:00,2024-12-28 19:56:00,2.84,74.08,P000937,4.8,Pune
R000938,D0042,C00769,V0291,2024-02-16 00:16:00,2024-02-16 00:48:00,6.46,117.52,P000938,4.3,Bangalore
R000939,D0210,C00874,V0295,2025-05-31 19:24:00,2025-05-31 19:36:00,1.25,55.0,P000939,4.6,Chennai
R000940,D0111,C01233,V0154,2024-11-05 12:42:00,2024-11-05 13:08:00,6.64,59.84,P000940,5.0,Ahmedabad
R000941,D0079,C00936,V0087,2025-01-14 04:57:00,2025-01-14 05:27:00,5.3,113.6,P000941,4.1,Hyderabad
R000942,D0200,C00222,V0014,2025-07-26 01:37:00,2025-07-26 01:45:00,1.52,29.12,P000942,4.5,Bangalore
R000943,D0049,C00748,V0057,2024-07-02 08:10:00,2024-07-02 08:24:00,2.46,44.68,P000943,5.0,Chennai
R000944,D0141,C00035,V0240,2025-05-30 15:59:00,2025-05-30 16:09:00,1.93,83.16,P000944,5.0,Ahmedabad
R000945,D0131,C00657,V0148,2024-12-13 14:08:00,2024-12-13 14:23:00,2.09,65.08,P000945,5.0,Pune
R000946,D0225,C00534,V0106,2024-04-01 10:45:00,2024-04-01 11:21:00,8.58,93.64,P000946,4.2,Kolkata
R000947,D0118,C01730,V0253,2025-06-27 13:09:00,2025-06-27 13:42:00,6.94,61.64,P000947,4.7,Kolkata
R000948,D0001,C00187,V0080,2024-09-23 03:20:00,2024-09-23 03:53:00,9.02,107.16,P000948,5.0,Bangalore
R000949,D0105,C00327,V0248,2024-02-15 04:31:00,2024-02-15 05:04:00,7.55,85.4,P000949,5.0,Pune
R000950,D0230,C01078,V0052,2024-10-14 23:23:00,2024-10-14 23:41:00,3.39,80.68,P000950,5.0,Chennai
R000951,D0065,C00838,V0025,2025-03-16 09:57:00,2025-03-16 10:12:00,1.97,31.82,P000951,5.0,Mumbai
R000952,D0080,C01685,V0165,2024-09-26 19:53:00,2024-09-26 20:25:00,8.99,73.94,P000952,5.0,Kolkata
R000953,D0052,C00100,V0059,2024-09-27 16:20:00,2024-09-27 16:47:00,3.07,76.84,P000953,4.7,Chennai
R000954,D0042,C01423,V0291,2025-03-22 05:20:00,2025-03-22 05:49:00,6.14,123.68,P000954,4.9,Bangalore
R000955,D0133,C01743,V0080,2025-05-18 04:35:00,2025-05-18 05:04:00,6.48,76.84,P000955,5.0,Pune
R000956,D0207,C01219,V0110,2025-03-26 01:12:00,2025-03-26 01:26:00,3.46,81.52,P000956,4.5,Pune
R000957,D0142,C01332,V0264,2024-06-01 01:14:00,2024-06-01 01:24:00,1.29,27.74,P000957,4.5,Hyderabad
R000958,D0045,C00691,V0195,2024-07-06 01:30:00,2024-07-06 01:46:00,3.31,51.48,P000958,5.0,Chennai
R000959,D0289,C00295,V0187,2024-09-23 05:45:00,2024-09-23 05:57:00,1.87,62.44,P000959,4.4,Mumbai
R000960,D0211,C00771,V0150,2025-04-23 13:07:00,2025-04-23 14:12:00,21.31,195.48,P000960,4.5,Bangalore
R000961,D0045,C01443,V0195,2025-05-21 01:28:00,2025-05-21 02:01:00,7.88,88.04,P000961,4.7,Chennai
R000962,D0084,C00080,V0261,2024-12-31 22:35:00,2024-12-31 22:53:00,2.88,48.04,P000962,4.6,Chennai
R000963,D0092,C00450,V0196,2025-05-11 14:31:00,2025-05-11 14:51:00,3.87,86.44,P000963,4.7,Bangalore
R000964,D0253,C01666,V0158,2024-04-25 23:55:00,2024-04-26 00:13:00,4.53,61.24,P000964,5.0,Ahmedabad
R000965,D0132,C01988,V0058,2024-05-31 03:22:00,2024-05-31 03:30:00,1.97,31.82,P000965,4.5,Chennai
R000966,D0009,C01213,V0058,2024-04-05 06:55:00,2024-04-05 07:20:00,5.52,53.12,P000966,4.8,Delhi
R000967,D0079,C01619,V0087,2024-10-17 05:53:00,2024-10-17 07:01:00,21.94,303.28,P000967,3.3,Hyderabad
R000968,D0298,C01144,V0294,2024-06-21 23:32:00,2024-06-21 23:57:00,7.94,135.28,P000968,4.7,Hyderabad
R000969,D0239,C00313,V0038,2024-10-06 18:57:00,2024-10-06 19:28:00,7.12,81.96,P000969,4.4,Pune
R000970,D0053,C00179,V0112,2025-08-22 06:37:00,2025-08-22 06:58:00,4.21,90.52,P000970,4.5,Bangalore
R000971,D0218,C01910,V0221,2024-01-05 16:49:00,2024-01-05 17:22:00,7.9,144.8,P000971,4.4,Bangalore
R000972,D0235,C01478,V0044,2025-08-07 05:26:00,2025-08-07 06:00:00,6.58,118.96,P000972,4.9,Ahmedabad
R000973,D0137,C01321,V0259,2024-03-19 07:49:00,2024-03-19 08:28:00,8.23,138.76,P000973,4.6,Bangalore
R000974,D0080,C01479,V0165,2025-05-25 21:06:00,2025-05-25 21:19:00,1.76,30.56,P000974,4.6,Kolkata
R000975,D0140,C00505,V0051,2024-12-02 00:18:00,2024-12-02 00:31:00,2.24,66.88,P000975,4.8,Ahmedabad
R000976,D0228,C01745,V0124,2024-05-04 12:23:00,2024-05-04 12:56:00,8.83,165.96,P000976,4.2,Pune
R000977,D0053,C00734,V0112,2024-04-18 10:09:00,2024-04-18 10:22:00,4.91,98.92,P000977,4.5,Bangalore
R000978,D0295,C01357,V0002,2024-01-30 02:29:00,2024-01-30 02:38:00,1.18,54.16,P000978,4.5,Kolkata
R000979,D0234,C01732,V0158,2025-05-06 14:40:00,2025-05-06 14:54:00,2.21,52.68,P000979,4.9,Delhi
R000980,D0205,C01445,V0166,2024-10-02 19:42:00,2024-10-02 19:56:00,2.8,83.6,P000980,4.7,Bangalore
R000981,D0107,C01923,V0124,2024-01-06 10:02:00,2024-01-06 10:20:00,5.97,111.64,P000981,4.2,Pune
R000982,D0125,C01918,V0055,2025-04-08 10:46:00,2025-04-08 11:10:00,6.56,118.72,P000982,4.9,Delhi
R000983,D0177,C01205,V0028,2025-08-05 04:13:00,2025-08-05 04:23:00,2.89,37.34,P000983,4.2,Kolkata
R000984,D0168,C01545,V0007,2024-02-19 20:18:00,2024-02-19 20:50:00,4.55,47.3,P000984,4.3,Ahmedabad
R000985,D0161,C00829,V0095,2024-11-26 01:47:00,2024-11-26 02:09:00,4.14,54.84,P000985,5.0,Hyderabad
R000986,D0215,C00270,V0188,2024-03-13 17:38:00,2024-03-13 17:44:00,1.34,45.72,P000986,5.0,Mumbai
R000987,D0050,C01221,V0033,2025-01-25 02:25:00,2025-01-25 02:54:00,8.01,136.12,P000987,4.6,Kolkata
R000988,D0222,C00697,V0051,2024-09-18 05:15:00,2024-09-18 05:45:00,5.77,109.24,P000988,5.0,Chennai
R000989,D0225,C01027,V0106,2025-02-12 02:01:00,2025-02-12 02:15:00,2.19,42.52,P000989,4.4,Kolkata
R000990,D0090,C00917,V0234,2024-08-01 05:24:00,2024-08-01 06:30:00,20.33,283.96,P000990,4.9,Bangalore
R000991,D0198,C01470,V0010,2025-02-16 09:41:00,2025-02-16 09:48:00,0.82,59.84,P000991,4.7,Hyderabad
R000992,D0071,C00561,V0263,2024-06-06 03:19:00,2024-06-06 03:35:00,1.32,27.92,P000992,3.9,Pune
R000993,D0073,C01712,V0238,2025-05-17 13:47:00,2025-05-17 14:09:00,3.49,52.92,P000993,4.6,Kolkata
R000994,D0087,C01582,V0219,2024-11-13 21:38:00,2024-11-13 22:02:00,3.72,84.64,P000994,4.6,Hyderabad
R000995,D0215,C01933,V0188,2024-05-14 11:42:00,2024-05-14 12:17:00,7.33,83.64,P000995,4.9,Mumbai
R000996,D0153,C01804,V0279,2024-04-08 11:32:00,2024-04-08 11:54:00,3.5,82.0,P000996,4.6,Kolkata
R000997,D0278,C00790,V0214,2024-07-23 15:28:00,2024-07-23 16:00:00,6.18,57.08,P000997,4.4,Kolkata
R000998,D0267,C01572,V0115,2025-02-01 15:17:00,2025-02-01 15:42:00,5.46,68.68,P000998,4.3,Ahmedabad
R000999,D0268,C01572,V0271,2025-07-30 19:27:00,2025-07-30 19:54:00,6.35,116.2,P000999,3.6,Mumbai
R001000,D0114,C01505,V0119,2024-04-02 13:51:00,2024-04-02 14:35:00,11.1,86.6,P001000,4.2,Mumbai
R001001,D0116,C00958,V0057,2025-01-12 19:11:00,2025-01-12 19:30:00,3.76,55.08,P001001,3.7,Bangalore
R001002,D0178,C00658,V0112,2025-03-20 20:27:00,2025-03-20 21:22:00,15.46,225.52,P001002,4.6,Bangalore
R001003,D0219,C00515,V0063,2024-04-05 01:32:00,2024-04-05 02:05:00,10.57,109.56,P001003,4.6,Ahmedabad
R001004,D0080,C01491,V0165,2024-12-15 14:43:00,2024-12-15 15:01:00,2.05,32.3,P001004,5.0,Kolkata
R001005,D0111,C00527,V0154,2024-08-17 20:43:00,2024-08-17 21:31:00,11.17,97.02,P001005,5.0,Ahmedabad
R001006,D0066,C01071,V0234,2024-06-07 15:33:00,2024-06-07 15:54:00,4.98,99.76,P001006,4.5,Ahmedabad
R001007,D0069,C00550,V0214,2025-06-21 02:18:00,2025-06-21 02:46:00,3.76,52.56,P001007,4.4,Ahmedabad
R001008,D0220,C00006,V0088,2025-04-24 13:05:00,2025-04-24 13:48:00,14.07,137.56,P001008,4.5,Bangalore
R001009,D0178,C00861,V0112,2025-05-04 09:09:00,2025-05-04 09:25:00,1.8,61.6,P001009,4.1,Bangalore
R001010,D0108,C01383,V0105,2024-05-10 21:57:00,2024-05-10 22:23:00,6.34,78.04,P001010,4.3,Delhi
R001011,D0174,C01485,V0148,2024-11-03 07:33:00,2024-11-03 07:44:00,1.77,71.24,P001011,4.9,Hyderabad
R001012,D0020,C00116,V0227,2025-03-13 09:36:00,2025-03-13 10:05:00,7.62,141.44,P001012,4.2,Hyderabad
R001013,D0155,C00563,V0272,2024-02-18 17:04:00,2024-02-18 17:14:00,1.24,27.44,P001013,5.0,Ahmedabad
R001014,D0200,C01243,V0014,2024-02-16 16:06:00,2024-02-16 16:36:00,6.75,60.5,P001014,4.5,Bangalore
R001015,D0241,C01479,V0277,2025-06-06 13:26:00,2025-06-06 13:42:00,2.13,42.04,P001015,4.6,Pune
R001016,D0019,C00601,V0250,2024-04-06 14:42:00,2024-04-06 15:00:00,2.39,68.68,P001016,4.8,Chennai
R001017,D0185,C01787,V0053,2025-08-05 08:22:00,2025-08-05 08:56:00,11.41,116.28,P001017,4.7,Chennai
R001018,D0086,C00551,V0024,2024-09-17 18:05:00,2024-09-17 18:40:00,8.39,140.68,P001018,5.0,Ahmedabad
R001019,D0061,C01452,V0232,2025-05-30 00:07:00,2025-05-30 00:23:00,1.4,76.8,P001019,4.5,Pune
R001020,D0217,C01299,V0289,2025-04-18 05:50:00,2025-04-18 06:05:00,1.88,62.56,P001020,4.3,Kolkata
R001021,D0002,C00898,V0119,2024-07-05 12:02:00,2024-07-05 12:53:00,11.45,88.7,P001021,4.5,Delhi
R001022,D0180,C01433,V0172,2024-03-26 13:56:00,2024-03-26 14:17:00,6.18,114.16,P001022,4.3,Pune
R001023,D0001,C01735,V0080,2024-10-31 10:37:00,2024-10-31 10:52:00,3.51,53.08,P001023,4.5,Bangalore
R001024,D0095,C01612,V0047,2025-04-10 21:28:00,2025-04-10 22:02:00,6.28,75.24,P001024,5.0,Ahmedabad
R001025,D0144,C01862,V0105,2024-09-28 10:58:00,2024-09-28 12:20:00,24.89,169.34,P001025,4.4,Bangalore
R001026,D0218,C01755,V0221,2024-07-10 06:11:00,2024-07-10 06:30:00,2.65,81.8,P001026,4.5,Bangalore
R001027,D0250,C01900,V0028,2024-03-21 23:38:00,2024-03-21 23:51:00,1.8,40.8,P001027,4.4,Chennai
R001028,D0223,C01440,V0299,2024-09-22 21:06:00,2024-09-22 21:09:00,2.13,75.56,P001028,4.9,Hyderabad
R001029,D0286,C01084,V0092,2025-03-20 17:01:00,2025-03-20 17:07:00,1.33,35.64,P001029,5.0,Pune
R001030,D0247,C00515,V0258,2024-01-06 12:07:00,2024-01-06 12:33:00,8.77,95.16,P001030,4.4,Pune
R001031,D0182,C01595,V0120,2024-01-14 05:41:00,2024-01-14 05:57:00,2.53,45.24,P001031,4.3,Chennai
R001032,D0185,C01167,V0053,2025-05-03 14:44:00,2025-05-03 15:00:00,1.41,36.28,P001032,4.8,Chennai
R001033,D0070,C01047,V0283,2025-02-18 21:47:00,2025-02-18 21:50:00,1.46,67.52,P001033,5.0,Kolkata
R001034,D0136,C01442,V0081,2025-05-13 09:39:00,2025-05-13 10:03:00,4.86,73.88,P001034,4.3,Mumbai
R001035,D0240,C01476,V0011,2025-01-04 22:43:00,2025-01-04 22:57:00,1.7,38.6,P001035,4.0,Pune
R001036,D0270,C01292,V0127,2025-02-08 09:05:00,2025-02-08 09:23:00,3.56,82.72,P001036,4.7,Bangalore
R001037,D0031,C00966,V0263,2024-05-08 04:00:00,2024-05-08 04:23:00,2.68,56.08,P001037,4.3,Mumbai
R001038,D0094,C00431,V0113,2024-07-14 03:52:00,2024-07-14 03:56:00,1.24,34.92,P001038,4.6,Chennai
R001039,D0246,C01734,V0079,2024-01-17 22:12:00,2024-01-17 22:41:00,5.9,72.2,P001039,4.3,Mumbai
R001040,D0146,C00498,V0269,2024-01-28 06:30:00,2024-01-28 06:38:00,1.36,56.32,P001040,4.4,Kolkata
R001041,D0257,C00298,V0127,2024-05-28 20:15:00,2024-05-28 20:33:00,3.43,91.16,P001041,4.8,Kolkata
R001042,D0085,C01144,V0225,2025-03-22 20:54:00,2025-03-22 21:02:00,1.42,36.36,P001042,4.6,Chennai
R001043,D0038,C01529,V0099,2025-07-05 06:05:00,2025-07-05 06:27:00,6.28,57.68,P001043,4.3,Bangalore
R001044,D0070,C00334,V0283,2024-11-04 14:09:00,2024-11-04 14:22:00,4.21,90.52,P001044,3.8,Kolkata
R001045,D0173,C00863,V0188,2025-04-30 13:01:00,2025-04-30 13:31:00,5.6,69.8,P001045,4.3,Bangalore
R001046,D0287,C01614,V0078,2024-04-29 05:57:00,2024-04-29 06:08:00,1.79,40.74,P001046,4.8,Hyderabad
R001047,D0167,C00010,V0088,2024-06-05 23:44:00,2024-06-05 23:57:00,2.59,45.72,P001047,4.2,Mumbai
R001048,D0214,C00153,V0186,2025-03-31 15:30:00,2025-03-31 15:38:00,2.68,72.16,P001048,4.6,Pune
R001049,D0187,C00292,V0192,2024-01-21 14:37:00,2024-01-21 14:43:00,1.97,31.82,P001049,4.6,Delhi
R001050,D0124,C00163,V0088,2024-09-05 06:18:00,2024-09-05 06:54:00,8.1,89.8,P001050,4.8,Hyderabad
R001051,D0026,C00626,V0066,2025-08-06 12:03:00,2025-08-06 12:24:00,2.83,46.98,P001051,4.6,Hyderabad
R001052,D0036,C00622,V0002,2024-12-07 00:06:00,2024-12-07 00:26:00,1.08,52.96,P001052,3.9,Chennai
R001053,D0039,C00361,V0072,2025-03-18 13:54:00,2025-03-18 14:16:00,3.05,38.3,P001053,4.8,Delhi
R001054,D0178,C01680,V0112,2025-05-22 23:37:00,2025-05-22 23:56:00,4.32,91.84,P001054,4.8,Bangalore
R001055,D0226,C01907,V0183,2025-07-21 09:02:00,2025-07-21 09:23:00,5.88,110.56,P001055,4.6,Ahmedabad
R001056,D0183,C01615,V0231,2025-05-14 12:31:00,2025-05-14 13:38:00,20.16,140.96,P001056,4.8,Bangalore
R001057,D0274,C00265,V0024,2025-06-09 18:46:00,2025-06-09 18:54:00,2.39,68.68,P001057,4.5,Kolkata
R001058,D0059,C01550,V0187,2025-05-14 07:45:00,2025-05-14 08:16:00,7.45,129.4,P001058,4.2,Ahmedabad
R001059,D0081,C01052,V0049,2024-03-03 16:01:00,2024-03-03 16:16:00,1.93,31.58,P001059,3.8,Delhi
R001060,D0275,C00593,V0051,2025-03-08 18:20:00,2025-03-08 18:36:00,1.92,63.04,P001060,4.3,Ahmedabad
R001061,D0259,C01453,V0239,2025-07-20 02:17:00,2025-07-20 02:54:00,9.7,156.4,P001061,4.4,Mumbai
R001062,D0196,C00713,V0174,2025-03-03 15:07:00,2025-03-03 15:24:00,3.61,83.32,P001062,4.1,Pune
R001063,D0150,C01942,V0102,2025-05-21 19:41:00,2025-05-21 19:53:00,1.2,34.6,P001063,3.8,Delhi
R001064,D0080,C01783,V0165,2024-12-21 14:44:00,2024-12-21 15:11:00,3.08,38.48,P001064,4.4,Kolkata
R001065,D0149,C00245,V0192,2025-03-22 00:10:00,2025-03-22 00:24:00,2.48,54.88,P001065,4.5,Ahmedabad
R001066,D0196,C01665,V0174,2024-10-21 23:12:00,2024-10-21 23:27:00,1.37,56.44,P001066,4.3,Pune
R001067,D0271,C00456,V0166,2025-04-25 11:28:00,2025-04-25 12:21:00,14.27,211.24,P001067,4.2,Mumbai
R001068,D0111,C01562,V0154,2024-08-25 16:14:00,2024-08-25 16:17:00,1.2,27.2,P001068,5.0,Ahmedabad
R001069,D0163,C01441,V0286,2024-12-13 19:54:00,2024-12-13 20:55:00,16.82,120.92,P001069,4.3,Chennai
R001070,D0153,C01574,V0279,2025-04-24 04:56:00,2025-04-24 05:12:00,4.06,88.72,P001070,4.9,Kolkata
R001071,D0194,C00069,V0057,2024-10-27 23:45:00,2024-10-27 23:55:00,2.05,41.4,P001071,4.5,Delhi
R001072,D0153,C00085,V0279,2025-02-03 13:53:00,2025-02-03 14:18:00,4.88,98.56,P001072,4.8,Kolkata
R001073,D0161,C01110,V0095,2025-01-03 15:51:00,2025-01-03 16:00:00,2.29,43.74,P001073,4.1,Hyderabad
R001074,D0196,C00492,V0174,2024-06-14 19:13:00,2024-06-14 19:32:00,1.88,62.56,P001074,4.4,Pune
R001075,D0054,C00677,V0283,2024-10-16 22:47:00,2024-10-16 23:10:00,5.76,109.12,P001075,4.8,Mumbai
R001076,D0258,C00595,V0078,2024-03-29 21:30:00,2024-03-29 21:43:00,1.3,27.8,P001076,4.3,Chennai
R001077,D0201,C01556,V0211,2024-05-12 05:12:00,2024-05-12 05:30:00,1.67,30.02,P001077,5.0,Bangalore
R001078,D0291,C00289,V0051,2024-06-09 19:31:00,2024-06-09 19:42:00,1.76,71.12,P001078,5.0,Bangalore
R001079,D0282,C00369,V0148,2024-04-13 13:31:00,2024-04-13 14:04:00,6.69,120.28,P001079,4.3,Hyderabad
R001080,D0062,C01805,V0241,2024-11-06 07:13:00,2024-11-06 07:23:00,1.52,58.24,P001080,4.2,Hyderabad
R001081,D0228,C01024,V0124,2025-07-24 01:01:00,2025-07-24 01:17:00,2.8,73.6,P001081,5.0,Pune
R001082,D0204,C01308,V0191,2025-01-02 08:22:00,2025-01-02 08:47:00,4.98,99.76,P001082,3.9,Mumbai
R001083,D0185,C00283,V0053,2024-06-11 05:52:00,2024-06-11 06:16:00,5.51,69.08,P001083,4.5,Chennai
R001084,D0213,C00796,V0009,2025-05-30 01:51:00,2025-05-30 02:05:00,2.16,75.92,P001084,4.4,Pune
R001085,D0214,C01663,V0186,2024-03-06 10:27:00,2024-03-06 11:25:00,15.9,230.8,P001085,4.0,Pune
R001086,D0139,C01992,V0084,2024-04-26 19:14:00,2024-04-26 19:33:00,3.45,81.4,P001086,4.3,Mumbai
R001087,D0212,C00363,V0161,2024-05-03 17:14:00,2024-05-03 17:33:00,3.86,43.16,P001087,4.4,Mumbai
R001088,D0074,C00971,V0267,2025-05-13 08:21:00,2025-05-13 09:11:00,16.04,232.48,P001088,5.0,Chennai
R001089,D0191,C00267,V0050,2024-12-29 01:49:00,2024-12-29 02:16:00,7.54,95.32,P001089,4.9,Bangalore
R001090,D0168,C00085,V0007,2025-07-24 08:57:00,2025-07-24 09:43:00,11.79,90.74,P001090,4.8,Ahmedabad
R001091,D0001,C00726,V0080,2024-06-03 22:55:00,2024-06-03 23:07:00,3.18,50.44,P001091,4.9,Bangalore
R001092,D0034,C01838,V0254,2025-06-11 19:42:00,2025-06-11 20:04:00,3.0,76.0,P001092,4.1,Delhi
R001093,D0072,C00610,V0184,2024-04-16 22:03:00,2024-04-16 22:16:00,1.15,53.8,P001093,4.2,Mumbai
R001094,D0269,C00941,V0140,2025-03-24 14:53:00,2025-03-24 15:18:00,4.29,91.48,P001094,5.0,Chennai
R001095,D0228,C00959,V0124,2024-04-23 03:50:00,2024-04-23 04:28:00,10.76,169.12,P001095,4.7,Pune
R001096,D0047,C00803,V0054,2024-04-14 17:02:00,2024-04-14 17:28:00,4.68,96.16,P001096,4.5,Chennai
R001097,D0177,C01284,V0028,2025-06-03 03:10:00,2025-06-03 03:29:00,3.03,38.18,P001097,4.0,Kolkata
R001098,D0143,C00119,V0084,2024-04-30 06:58:00,2024-04-30 07:21:00,2.97,75.64,P001098,5.0,Chennai
R001099,D0218,C01489,V0221,2025-01-05 05:46:00,2025-01-05 06:07:00,5.02,120.24,P001099,4.8,Bangalore
R001100,D0119,C00278,V0044,2024-10-26 22:28:00,2024-10-26 22:51:00,8.67,144.04,P001100,4.6,Bangalore
R001101,D0192,C00888,V0070,2025-06-02 15:46:00,2025-06-02 16:27:00,9.85,79.1,P001101,4.6,Kolkata
R001102,D0098,C01405,V0187,2024-04-11 04:41:00,2024-04-11 05:10:00,6.84,122.08,P001102,4.6,Delhi
R001103,D0023,C00055,V0220,2025-01-07 10:52:00,2025-01-07 11:21:00,8.7,72.2,P001103,4.5,Chennai
R001104,D0126,C00668,V0290,2024-05-21 03:54:00,2024-05-21 04:34:00,10.23,116.84,P001104,4.0,Delhi
R001105,D0215,C00065,V0188,2024-07-25 14:26:00,2024-07-25 14:51:00,3.35,51.8,P001105,4.4,Mumbai
R001106,D0072,C01318,V0184,2024-01-07 07:53:00,2024-01-07 08:13:00,1.74,70.88,P001106,4.5,Mumbai
R001107,D0128,C01371,V0218,2025-04-30 10:18:00,2025-04-30 10:32:00,2.39,68.68,P001107,4.3,Bangalore
R001108,D0021,C00714,V0241,2025-06-01 05:05:00,2025-06-01 05:22:00,4.49,93.88,P001108,4.6,Mumbai
R001109,D0183,C00841,V0231,2024-09-29 11:45:00,2024-09-29 12:20:00,6.18,77.08,P001109,4.8,Bangalore
R001110,D0112,C01396,V0229,2025-02-28 11:40:00,2025-02-28 12:05:00,5.61,53.66,P001110,5.0,Kolkata
R001111,D0040,C01385,V0294,2024-09-08 04:48:00,2024-09-08 05:13:00,3.58,82.96,P001111,4.9,Bangalore
R001112,D0266,C01993,V0133,2025-06-26 13:50:00,2025-06-26 14:07:00,1.35,38.1,P001112,4.7,Kolkata
R001113,D0161,C00445,V0095,2024-08-21 04:51:00,2024-08-21 05:26:00,9.71,78.26,P001113,4.7,Hyderabad
R001114,D0086,C00585,V0024,2025-03-15 13:58:00,2025-03-15 14:14:00,3.11,87.32,P001114,4.8,Ahmedabad
R001115,D0155,C00544,V0272,2025-02-23 14:54:00,2025-02-23 15:20:00,7.95,67.7,P001115,5.0,Ahmedabad
R001116,D0153,C00056,V0279,2025-06-12 21:23:00,2025-06-12 21:50:00,8.65,143.8,P001116,4.7,Kolkata
R001117,D0163,C01974,V0286,2024-01-31 14:09:00,2024-01-31 14:16:00,3.01,38.06,P001117,5.0,Chennai
R001118,D0262,C00544,V0293,2024-01-11 22:51:00,2024-01-11 23:05:00,1.73,60.76,P001118,4.9,Mumbai
R001119,D0205,C00039,V0166,2025-06-13 02:05:00,2025-06-13 02:18:00,3.26,79.12,P001119,4.3,Bangalore
R001120,D0001,C01763,V0080,2024-12-12 10:25:00,2024-12-12 11:18:00,12.35,123.8,P001120,5.0,Bangalore
R001121,D0086,C01592,V0024,2024-06-17 13:03:00,2024-06-17 13:15:00,1.45,57.4,P001121,4.3,Ahmedabad
R001122,D0209,C01575,V0239,2025-02-06 01:42:00,2025-02-06 01:58:00,1.84,62.08,P001122,4.3,Mumbai
R001123,D0043,C01472,V0284,2024-06-03 18:03:00,2024-06-03 18:06:00,1.25,55.0,P001123,4.9,Hyderabad
R001124,D0077,C00679,V0276,2025-06-16 09:26:00,2025-06-16 10:08:00,9.19,150.28,P001124,4.2,Chennai
R001125,D0263,C00106,V0248,2025-02-15 21:44:00,2025-02-15 22:00:00,1.71,38.68,P001125,4.2,Kolkata
R001126,D0124,C00064,V0088,2025-07-20 09:46:00,2025-07-20 10:01:00,1.63,38.04,P001126,5.0,Hyderabad
R001127,D0209,C01139,V0239,2024-11-17 11:00:00,2024-11-17 11:07:00,2.15,75.8,P001127,4.7,Mumbai
R001128,D0278,C00988,V0214,2024-10-13 16:39:00,2024-10-13 16:56:00,3.97,43.82,P001128,4.5,Kolkata
R001129,D0075,C00737,V0067,2024-05-30 22:25:00,2024-05-30 23:00:00,8.72,94.76,P001129,4.2,Hyderabad
R001130,D0167,C01748,V0088,2025-04-01 20:13:00,2025-04-01 20:31:00,2.75,47.0,P001130,5.0,Mumbai
R001131,D0157,C00648,V0217,2025-07-11 19:50:00,2025-07-11 19:59:00,1.98,51.88,P001131,4.3,Delhi
R001132,D0204,C00143,V0191,2025-03-28 22:22:00,2025-03-28 22:42:00,4.6,95.2,P001132,4.5,Mumbai
R001133,D0044,C01108,V0170,2025-02-18 06:56:00,2025-02-18 07:12:00,2.99,37.94,P001133,5.0,Ahmedabad
R001134,D0062,C01946,V0241,2024-11-04 02:02:00,2024-11-04 02:19:00,0.97,51.64,P001134,4.4,Hyderabad
R001135,D0135,C00466,V0146,2025-07-04 10:24:00,2025-07-04 10:50:00,4.6,61.8,P001135,5.0,Kolkata
R001136,D0015,C00105,V0216,2024-05-09 16:34:00,2024-05-09 17:05:00,7.8,87.4,P001136,4.7,Delhi
R001137,D0174,C00704,V0148,2024-10-17 06:05:00,2024-10-17 06:11:00,1.13,53.56,P001137,4.8,Hyderabad
R001138,D0027,C01091,V0126,2025-06-07 17:19:00,2025-06-07 17:51:00,8.84,73.04,P001138,4.6,Ahmedabad
R001139,D0167,C01918,V0088,2025-06-17 10:48:00,2025-06-17 11:18:00,5.06,75.48,P001139,4.4,Mumbai
R001140,D0153,C01901,V0279,2024-06-12 00:01:00,2024-06-12 00:44:00,10.16,171.92,P001140,4.3,Kolkata
R001141,D0139,C01657,V0084,2025-07-06 18:16:00,2025-07-06 18:50:00,8.01,136.12,P001141,4.8,Mumbai
R001142,D0075,C01326,V0067,2024-09-04 09:46:00,2024-09-04 10:16:00,5.46,78.68,P001142,4.5,Hyderabad
R001143,D0291,C01822,V0051,2025-03-08 16:07:00,2025-03-08 16:12:00,1.92,63.04,P001143,5.0,Bangalore
R001144,D0179,C00083,V0299,2024-03-02 11:16:00,2024-03-02 11:46:00,8.68,144.16,P001144,5.0,Ahmedabad
R001145,D0116,C00017,V0057,2025-06-03 11:07:00,2025-06-03 11:16:00,1.28,35.24,P001145,5.0,Bangalore
R001146,D0227,C00012,V0128,2024-02-18 20:07:00,2024-02-18 20:34:00,2.15,42.2,P001146,4.7,Bangalore
R001147,D0007,C00136,V0031,2025-04-04 09:36:00,2025-04-04 10:12:00,8.1,68.6,P001147,4.3,Ahmedabad
R001148,D0005,C01722,V0047,2024-01-06 14:21:00,2024-01-06 14:40:00,5.59,69.72,P001148,4.7,Pune
R001149,D0186,C01462,V0257,2024-08-29 23:37:00,2024-08-30 00:33:00,16.38,156.04,P001149,4.1,Bangalore
R001150,D0282,C01084,V0148,2025-08-02 22:57:00,2025-08-02 23:31:00,7.93,135.16,P001150,4.2,Hyderabad
R001151,D0035,C01059,V0027,2025-06-30 19:14:00,2025-06-30 19:33:00,1.09,53.08,P001151,3.8,Ahmedabad
R001152,D0140,C00677,V0051,2024-12-24 09:18:00,2024-12-24 09:38:00,5.67,108.04,P001152,4.0,Ahmedabad
R001153,D0286,C00062,V0092,2025-08-09 21:08:00,2025-08-09 21:43:00,6.0,73.0,P001153,4.4,Pune
R001154,D0007,C00357,V0031,2025-01-21 16:47:00,2025-01-21 17:08:00,6.05,56.3,P001154,4.8,Ahmedabad
R001155,D0243,C00573,V0114,2024-09-10 03:20:00,2024-09-10 03:51:00,3.27,79.24,P001155,5.0,Bangalore
R001156,D0243,C01712,V0114,2025-06-12 18:12:00,2025-06-12 18:26:00,2.02,74.24,P001156,4.2,Bangalore
R001157,D0068,C00312,V0258,2025-01-04 14:06:00,2025-01-04 14:11:00,2.07,41.56,P001157,4.4,Ahmedabad
R001158,D0214,C00721,V0186,2024-05-30 22:27:00,2024-05-30 22:37:00,4.28,91.36,P001158,4.5,Pune
R001159,D0089,C01283,V0180,2025-02-25 02:05:00,2025-02-25 02:18:00,2.78,73.36,P001159,4.6,Hyderabad
R001160,D0215,C00182,V0188,2024-03-04 13:56:00,2024-03-04 14:14:00,3.6,53.8,P001160,4.3,Mumbai
R001161,D0220,C01074,V0088,2024-05-13 15:13:00,2024-05-13 15:45:00,7.57,85.56,P001161,4.5,Bangalore
R001162,D0266,C00702,V0133,2025-04-01 02:23:00,2025-04-01 02:36:00,1.57,29.42,P001162,4.6,Kolkata
R001163,D0061,C00080,V0232,2025-06-22 12:37:00,2025-06-22 13:10:00,7.02,124.24,P001163,4.2,Pune
R001164,D0236,C00196,V0150,2025-07-26 16:49:00,2025-07-26 17:18:00,6.02,73.16,P001164,5.0,Kolkata
R001165,D0012,C00723,V0075,2025-02-08 08:37:00,2025-02-08 09:05:00,8.12,89.96,P001165,4.8,Delhi
R001166,D0153,C00252,V0279,2025-05-25 20:27:00,2025-05-25 20:39:00,3.65,83.8,P001166,4.7,Kolkata
R001167,D0244,C00206,V0244,2025-03-26 22:59:00,2025-03-26 23:15:00,3.45,81.4,P001167,5.0,Bangalore
R001168,D0239,C01526,V0038,2025-05-16 23:26:00,2025-05-16 23:49:00,2.93,48.44,P001168,4.9,Pune
R001169,D0170,C01375,V0132,2024-06-15 04:32:00,2024-06-15 04:51:00,3.21,78.52,P001169,4.1,Ahmedabad
R001170,D0118,C00386,V0253,2024-05-10 15:45:00,2024-05-10 16:02:00,4.25,45.5,P001170,4.2,Kolkata
R001171,D0203,C01885,V0233,2025-04-13 04:45:00,2025-04-13 05:11:00,4.8,97.6,P001171,4.1,Pune
R001172,D0069,C00533,V0214,2025-06-09 16:07:00,2025-06-09 16:41:00,6.08,56.48,P001172,4.4,Ahmedabad
R001173,D0061,C01857,V0232,2024-08-05 14:30:00,2024-08-05 14:48:00,4.48,103.76,P001173,4.2,Pune
R001174,D0069,C01019,V0214,2024-02-03 23:10:00,2024-02-03 23:20:00,4.1,44.6,P001174,4.9,Ahmedabad
R001175,D0151,C00149,V0270,2025-07-26 11:58:00,2025-07-26 12:27:00,7.47,84.76,P001175,4.8,Pune
R001176,D0025,C00731,V0217,2024-05-01 19:54:00,2024-05-01 20:15:00,1.72,30.32,P001176,4.7,Pune
R001177,D0251,C00551,V0041,2025-02-22 03:07:00,2025-02-22 03:24:00,4.35,92.2,P001177,4.8,Pune
R001178,D0279,C00874,V0029,2025-01-13 18:18:00,2025-01-13 18:43:00,2.04,64.48,P001178,4.0,Chennai
R001179,D0227,C01738,V0128,2024-02-11 16:09:00,2024-02-11 16:12:00,1.25,45.0,P001179,4.7,Bangalore
R001180,D0297,C00971,V0282,2024-04-30 11:19:00,2024-04-30 11:25:00,1.71,60.52,P001180,3.5,Bangalore
R001181,D0241,C00726,V0277,2025-01-18 09:18:00,2025-01-18 09:41:00,3.33,51.64,P001181,4.5,Pune
R001182,D0105,C00957,V0248,2025-05-12 00:50:00,2025-05-12 01:04:00,3.53,53.24,P001182,4.4,Pune
R001183,D0121,C01417,V0192,2024-05-26 04:50:00,2024-05-26 05:03:00,1.51,29.06,P001183,5.0,Kolkata
R001184,D0067,C00097,V0199,2025-03-07 01:59:00,2025-03-07 02:40:00,13.58,202.96,P001184,4.4,Mumbai
R001185,D0023,C01494,V0220,2024-11-08 09:13:00,2024-11-08 09:30:00,1.61,29.66,P001185,5.0,Chennai
R001186,D0072,C01029,V0184,2024-07-06 23:31:00,2024-07-07 00:25:00,12.67,192.04,P001186,4.9,Mumbai
R001187,D0007,C01435,V0031,2024-01-03 03:35:00,2024-01-03 04:00:00,6.66,59.96,P001187,4.8,Ahmedabad
R001188,D0032,C00321,V0015,2024-12-23 02:55:00,2024-12-23 03:10:00,2.23,42.84,P001188,4.2,Bangalore
R001189,D0206,C00945,V0214,2024-02-15 13:30:00,2024-02-15 13:57:00,4.7,58.2,P001189,4.6,Delhi
R001190,D0264,C00771,V0097,2025-08-09 09:36:00,2025-08-09 10:00:00,4.58,104.96,P001190,4.9,Mumbai
R001191,D0266,C01644,V0133,2025-04-08 10:50:00,2025-04-08 11:34:00,10.44,82.64,P001191,4.9,Kolkata
R001192,D0031,C00159,V0263,2025-01-21 15:53:00,2025-01-21 16:25:00,8.23,69.38,P001192,4.8,Mumbai
R001193,D0235,C01784,V0044,2024-05-15 04:32:00,2024-05-15 04:45:00,2.37,68.44,P001193,4.8,Ahmedabad
R001194,D0007,C01013,V0031,2025-04-16 14:42:00,2025-04-16 14:59:00,4.14,44.84,P001194,4.4,Ahmedabad
R001195,D0266,C00942,V0133,2025-04-04 04:55:00,2025-04-04 05:32:00,11.58,89.48,P001195,4.6,Kolkata
R001196,D0187,C00631,V0192,2024-11-29 02:51:00,2024-11-29 03:18:00,6.52,59.12,P001196,5.0,Delhi
R001197,D0260,C01617,V0070,2025-02-23 12:14:00,2025-02-23 12:45:00,5.49,62.94,P001197,5.0,Chennai
R001198,D0010,C00200,V0097,2025-02-08 10:34:00,2025-02-08 10:39:00,1.01,72.12,P001198,5.0,Delhi
R001199,D0282,C00707,V0148,2024-02-16 21:56:00,2024-02-16 22:40:00,10.58,166.96,P001199,4.2,Hyderabad
R001200,D0266,C00233,V0133,2025-03-29 23:17:00,2025-03-30 00:07:00,11.79,90.74,P001200,4.2,Kolkata
R001201,D0025,C00115,V0217,2024-03-31 05:45:00,2024-03-31 05:59:00,2.88,37.28,P001201,4.8,Pune
R001202,D0151,C01076,V0270,2024-01-26 18:40:00,2024-01-26 18:57:00,4.46,60.68,P001202,3.8,Pune
R001203,D0117,C00656,V0021,2024-11-12 17:41:00,2024-11-12 17:58:00,5.22,112.64,P001203,3.9,Hyderabad
R001204,D0063,C01367,V0033,2024-05-06 20:35:00,2024-05-06 21:06:00,6.93,123.16,P001204,4.7,Delhi
R001205,D0285,C01323,V0054,2024-03-28 06:39:00,2024-03-28 07:05:00,5.93,111.16,P001205,4.4,Chennai
R001206,D0023,C00741,V0220,2025-07-08 18:48:00,2025-07-08 19:02:00,1.66,39.96,P001206,3.8,Chennai
R001207,D0095,C00882,V0047,2024-02-24 18:33:00,2024-02-24 19:03:00,9.3,99.4,P001207,4.6,Ahmedabad
R001208,D0285,C00824,V0054,2024-07-12 15:32:00,2024-07-12 16:14:00,8.64,143.68,P001208,5.0,Chennai
R001209,D0174,C01134,V0148,2024-01-20 03:42:00,2024-01-20 04:06:00,5.32,103.84,P001209,4.4,Hyderabad
R001210,D0204,C01895,V0191,2025-06-28 05:01:00,2025-06-28 05:10:00,2.22,66.64,P001210,5.0,Mumbai
R001211,D0246,C00481,V0079,2024-10-08 06:15:00,2024-10-08 06:27:00,1.73,38.84,P001211,4.6,Mumbai
R001212,D0123,C00847,V0247,2025-08-16 14:05:00,2025-08-16 14:28:00,2.76,57.08,P001212,4.6,Pune
R001213,D0130,C01782,V0215,2025-06-30 19:20:00,2025-06-30 19:51:00,4.22,78.76,P001213,3.9,Hyderabad
R001214,D0297,C00287,V0282,2025-02-15 18:02:00,2025-02-15 18:29:00,5.24,102.88,P001214,5.0,Bangalore
R001215,D0161,C01410,V0095,2025-05-18 00:21:00,2025-05-18 00:40:00,2.67,46.02,P001215,4.5,Hyderabad
R001216,D0019,C01571,V0250,2025-03-23 05:26:00,2025-03-23 05:41:00,4.49,93.88,P001216,4.1,Chennai
R001217,D0114,C00457,V0119,2024-01-25 16:20:00,2024-01-25 17:37:00,19.82,138.92,P001217,4.5,Mumbai
R001218,D0070,C00494,V0283,2025-01-26 08:05:00,2025-01-26 09:13:00,16.93,243.16,P001218,5.0,Kolkata
R001219,D0077,C01681,V0276,2024-04-27 03:34:00,2024-04-27 03:44:00,3.48,81.76,P001219,4.5,Chennai
R001220,D0086,C00526,V0024,2024-06-21 09:09:00,2024-06-21 09:24:00,2.39,78.68,P001220,5.0,Ahmedabad
R001221,D0243,C01909,V0114,2024-07-06 08:49:00,2024-07-06 08:58:00,1.4,56.8,P001221,4.7,Bangalore
R001222,D0106,C00636,V0090,2024-04-01 04:19:00,2024-04-01 04:33:00,2.11,65.32,P001222,4.6,Kolkata
R001223,D0119,C01111,V0044,2025-02-21 21:10:00,2025-02-21 21:39:00,6.11,113.32,P001223,4.2,Bangalore
R001224,D0043,C00037,V0284,2024-03-01 19:20:00,2024-03-01 19:44:00,4.95,119.4,P001224,4.5,Hyderabad
R001225,D0069,C01694,V0214,2024-07-04 00:45:00,2024-07-04 01:09:00,2.41,34.46,P001225,4.5,Ahmedabad
R001226,D0216,C01322,V0188,2024-02-29 09:24:00,2024-02-29 09:40:00,4.22,58.76,P001226,4.3,Hyderabad
R001227,D0173,C01066,V0188,2024-04-11 10:09:00,2024-04-11 10:32:00,6.13,74.04,P001227,3.9,Bangalore
R001228,D0146,C00605,V0269,2025-02-26 10:16:00,2025-02-26 10:45:00,6.21,114.52,P001228,4.5,Kolkata
R001229,D0240,C01190,V0011,2025-01-19 03:03:00,2025-01-19 03:15:00,3.55,53.4,P001229,5.0,Pune
R001230,D0136,C00431,V0081,2024-07-26 07:48:00,2024-07-26 08:27:00,6.97,80.76,P001230,5.0,Mumbai
R001231,D0179,C01669,V0299,2025-08-23 07:31:00,2025-08-23 07:46:00,1.5,58.0,P001231,5.0,Ahmedabad
R001232,D0208,C01167,V0024,2025-06-04 16:24:00,2025-06-04 16:51:00,6.11,113.32,P001232,5.0,Hyderabad
R001233,D0289,C01698,V0187,2024-04-27 08:03:00,2024-04-27 08:29:00,8.73,144.76,P001233,4.0,Mumbai
R001234,D0256,C01100,V0211,2024-11-21 14:35:00,2024-11-21 14:41:00,1.46,28.76,P001234,4.6,Chennai
R001235,D0188,C00669,V0074,2025-02-20 02:30:00,2025-02-20 02:57:00,7.14,125.68,P001235,4.5,Kolkata
R001236,D0077,C01060,V0276,2024-01-30 13:40:00,2024-01-30 13:44:00,1.47,57.64,P001236,4.5,Chennai
R001237,D0204,C00170,V0191,2024-08-27 00:17:00,2024-08-27 00:30:00,1.6,59.2,P001237,4.2,Mumbai
R001238,D0199,C01361,V0282,2025-07-21 18:43:00,2025-07-21 18:49:00,1.44,57.28,P001238,4.9,Chennai
R001239,D0006,C01951,V0277,2024-04-13 07:48:00,2024-04-13 08:15:00,5.51,69.08,P001239,4.6,Pune
R001240,D0148,C00918,V0095,2025-07-22 20:50:00,2025-07-22 21:17:00,7.25,83.5,P001240,5.0,Delhi
R001241,D0238,C00029,V0110,2024-05-08 09:36:00,2024-05-08 10:04:00,9.05,148.6,P001241,5.0,Kolkata
R001242,D0026,C00902,V0066,2025-02-20 14:05:00,2025-02-20 14:14:00,1.66,39.96,P001242,4.8,Hyderabad
R001243,D0110,C01554,V0289,2025-05-27 06:50:00,2025-05-27 07:10:00,3.61,83.32,P001243,4.6,Hyderabad
R001244,D0299,C00082,V0280,2024-05-25 11:34:00,2024-05-25 12:04:00,5.93,111.16,P001244,4.3,Mumbai
R001245,D0052,C00649,V0059,2024-06-21 07:34:00,2024-06-21 07:53:00,4.35,92.2,P001245,5.0,Chennai
R001246,D0176,C00217,V0141,2025-03-09 17:28:00,2025-03-09 17:38:00,2.75,36.5,P001246,4.4,Pune
R001247,D0048,C01577,V0054,2024-02-12 00:52:00,2024-02-12 01:15:00,2.65,71.8,P001247,4.5,Bangalore
R001248,D0053,C00665,V0112,2025-04-20 19:18:00,2025-04-20 19:40:00,4.95,99.4,P001248,4.5,Bangalore
R001249,D0250,C01783,V0028,2024-06-20 00:03:00,2024-06-20 00:13:00,2.38,34.28,P001249,4.4,Chennai
R001250,D0285,C00635,V0054,2025-05-08 08:38:00,2025-05-08 08:57:00,5.3,103.6,P001250,5.0,Chennai
R001251,D0184,C00676,V0077,2024-09-13 21:24:00,2024-09-13 21:31:00,2.04,64.48,P001251,5.0,Hyderabad
R001252,D0080,C01565,V0165,2024-12-25 20:13:00,2024-12-25 21:18:00,20.46,142.76,P001252,4.8,Kolkata
R001253,D0152,C01393,V0015,2025-08-22 16:18:00,2025-08-22 16:25:00,2.63,46.04,P001253,5.0,Chennai
R001254,D0223,C01032,V0299,2024-02-16 05:47:00,2024-02-16 06:16:00,8.15,137.8,P001254,4.5,Hyderabad
R001255,D0291,C00447,V0051,2025-06-30 18:04:00,2025-06-30 18:21:00,2.65,71.8,P001255,4.5,Bangalore
R001256,D0256,C00121,V0211,2024-11-03 02:25:00,2024-11-03 02:39:00,1.91,31.46,P001256,4.8,Chennai
R001257,D0249,C00751,V0290,2024-05-05 04:46:00,2024-05-05 04:59:00,2.55,45.4,P001257,4.1,Kolkata
R001258,D0051,C01567,V0123,2025-07-23 08:56:00,2025-07-23 09:30:00,8.94,157.28,P001258,4.1,Delhi
R001259,D0006,C00889,V0277,2025-03-18 06:39:00,2025-03-18 07:00:00,4.97,64.76,P001259,4.0,Pune
R001260,D0002,C00547,V0119,2025-05-31 10:56:00,2025-05-31 11:15:00,3.89,43.34,P001260,3.8,Delhi
R001261,D0114,C01546,V0119,2024-12-16 20:16:00,2024-12-16 20:34:00,6.17,57.02,P001261,4.8,Mumbai
R001262,D0152,C01312,V0015,2025-04-08 08:15:00,2025-04-08 08:41:00,3.25,51.0,P001262,4.3,Chennai
R001263,D0016,C00692,V0285,2024-11-25 10:13:00,2024-11-25 10:50:00,9.25,151.0,P001263,4.0,Delhi
R001264,D0040,C00731,V0294,2025-04-15 19:21:00,2025-04-15 20:09:00,14.31,211.72,P001264,4.6,Bangalore
R001265,D0110,C01096,V0289,2024-01-17 22:08:00,2024-01-17 22:42:00,7.15,135.8,P001265,5.0,Hyderabad
R001266,D0224,C00457,V0019,2024-01-03 19:30:00,2024-01-03 19:46:00,4.4,92.8,P001266,4.2,Ahmedabad
R001267,D0115,C00149,V0049,2024-01-05 00:43:00,2024-01-05 00:56:00,3.64,41.84,P001267,4.8,Bangalore
R001268,D0252,C01153,V0093,2024-06-26 13:35:00,2024-06-26 13:51:00,2.13,85.56,P001268,4.9,Delhi
R001269,D0190,C01001,V0066,2025-05-15 12:34:00,2025-05-15 13:09:00,5.61,53.66,P001269,4.6,Mumbai
R001270,D0171,C00613,V0263,2024-03-24 20:41:00,2024-03-24 20:55:00,2.9,37.4,P001270,4.7,Mumbai
R001271,D0167,C01194,V0088,2024-03-20 17:01:00,2024-03-20 17:15:00,0.83,31.64,P001271,4.6,Mumbai
R001272,D0047,C01320,V0054,2025-03-31 21:07:00,2025-03-31 21:17:00,1.92,63.04,P001272,5.0,Chennai
R001273,D0137,C01214,V0259,2024-12-27 12:52:00,2024-12-27 13:32:00,10.98,171.76,P001273,4.5,Bangalore
R001274,D0034,C01524,V0254,2025-01-01 12:11:00,2025-01-01 12:24:00,3.07,76.84,P001274,4.4,Delhi
R001275,D0294,C01633,V0133,2024-01-09 03:29:00,2024-01-09 03:47:00,2.29,53.74,P001275,4.6,Bangalore
R001276,D0074,C01144,V0267,2025-01-14 06:28:00,2025-01-14 07:24:00,15.28,223.36,P001276,4.5,Chennai
R001277,D0227,C00048,V0128,2024-01-10 07:47:00,2024-01-10 07:59:00,1.5,47.0,P001277,4.5,Bangalore
R001278,D0180,C01580,V0172,2024-01-21 08:43:00,2024-01-21 08:46:00,1.69,60.28,P001278,4.3,Pune
R001279,D0141,C00498,V0240,2025-01-01 06:05:00,2025-01-01 06:30:00,5.09,101.08,P001279,4.9,Ahmedabad
R001280,D0221,C01042,V0220,2024-11-06 22:14:00,2024-11-06 22:59:00,9.24,75.44,P001280,4.2,Delhi
R001281,D0101,C01755,V0274,2024-08-27 15:23:00,2024-08-27 15:38:00,3.72,84.64,P001281,4.5,Chennai
R001282,D0091,C00212,V0293,2024-02-07 08:31:00,2024-02-07 08:39:00,3.45,91.4,P001282,4.9,Bangalore
R001283,D0096,C00975,V0145,2024-08-02 00:12:00,2024-08-02 00:24:00,1.41,56.92,P001283,4.8,Delhi
R001284,D0033,C00198,V0281,2025-02-09 03:55:00,2025-02-09 04:22:00,5.19,102.28,P001284,5.0,Bangalore
R001285,D0219,C00754,V0063,2024-10-11 18:32:00,2024-10-11 18:55:00,6.18,74.44,P001285,4.9,Ahmedabad
R001286,D0212,C00433,V0161,2025-05-20 05:35:00,2025-05-20 06:01:00,5.43,52.58,P001286,4.8,Mumbai
R001287,D0237,C00681,V0023,2024-07-17 21:47:00,2024-07-17 22:12:00,2.38,54.04,P001287,4.0,Ahmedabad
R001288,D0082,C01478,V0175,2025-08-02 21:43:00,2025-08-02 22:01:00,2.65,71.8,P001288,4.7,Ahmedabad
R001289,D0193,C00092,V0157,2025-08-01 05:04:00,2025-08-01 05:24:00,5.53,53.18,P001289,3.7,Hyderabad
R001290,D0178,C01361,V0112,2024-05-11 23:04:00,2024-05-11 23:25:00,4.56,104.72,P001290,4.5,Bangalore
R001291,D0169,C01827,V0019,2024-05-10 08:59:00,2024-05-10 09:22:00,5.32,123.84,P001291,4.5,Pune
R001292,D0206,C01145,V0214,2025-08-06 07:56:00,2025-08-06 08:26:00,9.14,84.84,P001292,4.7,Delhi
R001293,D0126,C01131,V0290,2025-06-19 23:50:00,2025-06-20 00:29:00,9.28,99.24,P001293,4.3,Delhi
R001294,D0183,C01438,V0231,2024-10-07 06:54:00,2024-10-07 07:11:00,1.36,28.16,P001294,3.6,Bangalore
R001295,D0189,C00863,V0025,2024-01-24 22:43:00,2024-01-24 23:24:00,12.61,115.66,P001295,4.8,Pune
R001296,D0041,C01245,V0141,2025-06-29 19:16:00,2025-06-29 19:30:00,1.39,28.34,P001296,4.5,Delhi
R001297,D0293,C01138,V0198,2025-07-27 14:00:00,2025-07-27 14:18:00,1.53,68.36,P001297,4.8,Hyderabad
R001298,D0101,C01045,V0274,2025-03-13 20:43:00,2025-03-13 21:16:00,4.5,94.0,P001298,4.5,Chennai
R001299,D0296,C00319,V0067,2024-02-23 10:27:00,2024-02-23 10:32:00,1.99,40.92,P001299,5.0,Kolkata
R001300,D0246,C01959,V0079,2025-02-20 08:07:00,2025-02-20 08:29:00,5.64,80.12,P001300,4.3,Mumbai
R001301,D0237,C01650,V0023,2025-06-14 14:31:00,2025-06-14 14:45:00,1.98,40.84,P001301,4.7,Ahmedabad
R001302,D0064,C01394,V0296,2025-01-05 16:48:00,2025-01-05 17:12:00,8.37,70.22,P001302,4.4,Chennai
R001303,D0101,C00542,V0274,2024-02-14 23:14:00,2024-02-14 23:35:00,7.14,135.68,P001303,4.4,Chennai
R001304,D0258,C00537,V0078,2024-02-18 08:58:00,2024-02-18 09:35:00,9.41,76.46,P001304,4.4,Chennai
R001305,D0291,C01036,V0051,2025-03-06 17:28:00,2025-03-06 18:13:00,9.34,152.08,P001305,3.3,Bangalore
R001306,D0217,C01898,V0289,2024-11-19 00:25:00,2024-11-19 00:42:00,2.68,72.16,P001306,4.7,Kolkata
R001307,D0160,C00353,V0102,2024-07-18 10:05:00,2024-07-18 10:25:00,1.11,33.88,P001307,4.7,Chennai
R001308,D0265,C01582,V0120,2025-08-08 00:47:00,2025-08-08 01:06:00,3.72,54.76,P001308,4.8,Bangalore
R001309,D0150,C00574,V0102,2024-08-19 22:27:00,2024-08-19 22:58:00,8.33,91.64,P001309,4.6,Delhi
R001310,D0075,C00352,V0067,2024-03-17 07:12:00,2024-03-17 07:34:00,6.56,77.48,P001310,4.1,Hyderabad
R001311,D0144,C00799,V0105,2024-06-17 10:19:00,2024-06-17 11:23:00,14.43,106.58,P001311,4.8,Bangalore
R001312,D0169,C01487,V0019,2024-03-05 20:40:00,2024-03-05 20:53:00,0.83,49.96,P001312,4.7,Pune
R001313,D0046,C01552,V0271,2024-04-09 00:30:00,2024-04-09 00:33:00,1.04,72.48,P001313,5.0,Delhi
R001314,D0025,C01693,V0217,2025-03-18 00:37:00,2025-03-18 01:09:00,6.49,68.94,P001314,4.2,Pune
R001315,D0055,C00633,V0237,2024-12-08 08:15:00,2024-12-08 08:30:00,1.1,73.2,P001315,3.9,Chennai
R001316,D0298,C01856,V0294,2024-04-20 15:15:00,2024-04-20 15:40:00,4.54,104.48,P001316,5.0,Hyderabad
R001317,D0056,C00404,V0068,2024-12-14 01:52:00,2024-12-14 02:07:00,1.22,34.76,P001317,4.6,Bangalore
R001318,D0076,C00351,V0230,2024-12-07 16:50:00,2024-12-07 17:04:00,3.05,76.6,P001318,5.0,Bangalore
R001319,D0261,C01011,V0214,2024-08-30 02:49:00,2024-08-30 03:26:00,9.08,84.48,P001319,4.7,Pune
R001320,D0254,C01450,V0110,2025-03-25 03:40:00,2025-03-25 04:01:00,7.68,132.16,P001320,4.8,Bangalore
R001321,D0255,C01281,V0104,2025-04-02 18:07:00,2025-04-02 18:51:00,8.83,155.96,P001321,4.5,Pune
R001322,D0192,C00843,V0070,2024-03-28 01:58:00,2024-03-28 02:44:00,11.12,106.72,P001322,4.8,Kolkata
R001323,D0172,C01459,V0198,2024-02-04 12:20:00,2024-02-04 12:55:00,7.39,128.68,P001323,4.6,Kolkata
R001324,D0015,C01625,V0216,2024-03-07 04:03:00,2024-03-07 04:28:00,4.23,58.84,P001324,4.2,Delhi
R001325,D0085,C01071,V0225,2025-03-28 01:19:00,2025-03-28 01:30:00,2.65,56.2,P001325,4.7,Chennai
R001326,D0010,C00267,V0097,2025-03-18 02:06:00,2025-03-18 02:21:00,2.5,70.0,P001326,4.5,Delhi
R001327,D0043,C01381,V0284,2024-02-27 17:03:00,2024-02-27 17:13:00,2.87,74.44,P001327,4.5,Hyderabad
R001328,D0215,C00742,V0188,2024-10-28 12:25:00,2024-10-28 12:45:00,2.18,62.44,P001328,4.1,Mumbai
R001329,D0089,C00085,V0180,2024-04-08 19:48:00,2024-04-08 20:09:00,2.98,75.76,P001329,4.8,Hyderabad
R001330,D0036,C01559,V0002,2025-02-24 07:55:00,2025-02-24 08:08:00,0.92,61.04,P001330,4.3,Chennai
R001331,D0156,C01118,V0033,2024-01-11 14:24:00,2024-01-11 14:39:00,3.13,77.56,P001331,4.3,Delhi
R001332,D0099,C00224,V0260,2025-04-20 13:56:00,2025-04-20 14:04:00,1.91,40.28,P001332,4.9,Bangalore
R001333,D0068,C01017,V0258,2024-04-13 10:41:00,2024-04-13 11:03:00,4.23,58.84,P001333,4.5,Ahmedabad
R001334,D0289,C00308,V0187,2024-01-27 14:33:00,2024-01-27 15:04:00,5.93,111.16,P001334,4.3,Mumbai
R001335,D0086,C00220,V0024,2024-12-02 18:12:00,2024-12-02 18:26:00,3.11,77.32,P001335,4.8,Ahmedabad
R001336,D0214,C01938,V0186,2024-04-20 03:00:00,2024-04-20 03:13:00,3.71,84.52,P001336,3.9,Pune
R001337,D0260,C01766,V0070,2024-03-10 18:50:00,2024-03-10 20:00:00,18.93,133.58,P001337,4.7,Chennai
R001338,D0058,C00975,V0165,2024-07-17 18:08:00,2024-07-17 18:18:00,3.3,59.8,P001338,4.7,Chennai
R001339,D0214,C01177,V0186,2025-06-05 08:22:00,2025-06-05 08:42:00,4.69,96.28,P001339,4.1,Pune
R001340,D0159,C01297,V0080,2025-03-07 15:46:00,2025-03-07 16:09:00,4.57,61.56,P001340,4.9,Bangalore
R001341,D0147,C00708,V0153,2025-03-31 05:15:00,2025-03-31 05:30:00,2.67,46.02,P001341,5.0,Ahmedabad
R001342,D0072,C00141,V0184,2024-05-20 01:03:00,2024-05-20 01:26:00,6.5,118.0,P001342,5.0,Mumbai
R001343,D0224,C01708,V0019,2024-05-10 09:37:00,2024-05-10 10:08:00,8.88,146.56,P001343,5.0,Ahmedabad
R001344,D0184,C00619,V0077,2025-03-22 16:41:00,2025-03-22 17:19:00,11.66,179.92,P001344,4.6,Hyderabad
R001345,D0143,C00198,V0084,2025-01-01 09:37:00,2025-01-01 09:58:00,4.54,104.48,P001345,5.0,Chennai
R001346,D0181,C00746,V0222,2025-07-08 04:09:00,2025-07-08 04:54:00,10.92,95.52,P001346,4.8,Bangalore
R001347,D0102,C00474,V0094,2025-04-25 09:38:00,2025-04-25 10:14:00,8.83,95.64,P001347,4.6,Chennai
R001348,D0054,C01148,V0283,2024-12-17 09:23:00,2024-12-17 09:48:00,4.35,112.2,P001348,4.6,Mumbai
R001349,D0216,C01014,V0188,2024-01-09 16:37:00,2024-01-09 17:28:00,12.02,121.16,P001349,4.4,Hyderabad
R001350,D0072,C01445,V0184,2024-05-28 01:15:00,2024-05-28 01:35:00,3.49,81.88,P001350,4.6,Mumbai
R001351,D0247,C00900,V0258,2025-06-03 17:54:00,2025-06-03 18:23:00,3.47,52.76,P001351,5.0,Pune
R001352,D0109,C00262,V0152,2024-02-25 13:22:00,2024-02-25 13:35:00,1.37,35.96,P001352,4.0,Delhi
R001353,D0294,C00680,V0133,2024-07-19 06:40:00,2024-07-19 07:00:00,3.22,39.32,P001353,4.2,Bangalore
R001354,D0040,C01441,V0294,2024-07-25 02:21:00,2024-07-25 02:39:00,2.4,68.8,P001354,4.0,Bangalore
R001355,D0029,C01589,V0069,2024-07-12 21:30:00,2024-07-12 22:02:00,6.46,58.76,P001355,5.0,Ahmedabad
R001356,D0276,C01699,V0012,2025-04-23 19:44:00,2025-04-23 20:12:00,6.88,122.56,P001356,4.6,Chennai
R001357,D0290,C01967,V0102,2024-12-05 18:36:00,2024-12-05 19:19:00,10.35,127.8,P001357,4.1,Delhi
R001358,D0253,C00610,V0158,2024-12-09 19:19:00,2024-12-09 19:37:00,5.08,65.64,P001358,5.0,Ahmedabad
R001359,D0298,C01063,V0294,2025-03-04 10:10:00,2025-03-04 10:26:00,1.58,78.96,P001359,4.8,Hyderabad
R001360,D0080,C01684,V0165,2024-04-17 14:56:00,2024-04-17 15:11:00,4.68,48.08,P001360,3.9,Kolkata
R001361,D0057,C00008,V0198,2024-02-13 15:14:00,2024-02-13 15:35:00,6.13,123.56,P001361,4.6,Chennai
R001362,D0001,C01384,V0080,2024-01-04 20:14:00,2024-01-04 20:58:00,11.78,119.24,P001362,4.8,Bangalore
R001363,D0295,C01386,V0002,2024-08-23 14:39:00,2024-08-23 14:45:00,1.17,54.04,P001363,4.5,Kolkata
R001364,D0111,C01598,V0154,2024-08-06 07:30:00,2024-08-06 07:57:00,6.32,57.92,P001364,4.9,Ahmedabad
R001365,D0193,C01355,V0157,2024-12-05 23:24:00,2024-12-05 23:35:00,1.88,31.28,P001365,4.2,Hyderabad
R001366,D0119,C00017,V0044,2024-07-29 12:11:00,2024-07-29 12:30:00,2.97,85.64,P001366,4.6,Bangalore
R001367,D0206,C01560,V0214,2024-01-07 11:00:00,2024-01-07 11:32:00,6.94,61.64,P001367,4.3,Delhi
R001368,D0084,C01131,V0261,2024-03-16 11:01:00,2024-03-16 11:18:00,1.56,37.48,P001368,5.0,Chennai
R001369,D0186,C01483,V0257,2025-07-22 03:09:00,2025-07-22 03:23:00,2.42,44.36,P001369,4.9,Bangalore
R001370,D0117,C01953,V0021,2024-10-24 14:12:00,2024-10-24 14:28:00,0.94,51.28,P001370,4.6,Hyderabad
R001371,D0204,C00293,V0191,2025-08-22 11:02:00,2025-08-22 11:10:00,2.69,82.28,P001371,4.6,Mumbai
R001372,D0062,C00196,V0241,2024-01-31 06:12:00,2024-01-31 06:50:00,10.51,166.12,P001372,5.0,Hyderabad
R001373,D0059,C00206,V0187,2024-10-17 05:14:00,2024-10-17 05:46:00,9.24,150.88,P001373,4.2,Ahmedabad
R001374,D0180,C00060,V0172,2024-09-25 23:11:00,2024-09-25 23:24:00,2.55,70.6,P001374,4.9,Pune
R001375,D0199,C00623,V0282,2024-12-13 17:15:00,2024-12-13 17:43:00,7.38,138.56,P001375,5.0,Chennai
R001376,D0117,C01366,V0021,2024-07-01 06:01:00,2024-07-01 06:13:00,2.24,86.88,P001376,4.3,Hyderabad
R001377,D0236,C00860,V0150,2024-06-29 08:58:00,2024-06-29 09:13:00,1.46,36.68,P001377,5.0,Kolkata
R001378,D0169,C01106,V0019,2024-04-13 00:53:00,2024-04-13 00:57:00,1.4,56.8,P001378,4.8,Pune
R001379,D0022,C01390,V0284,2024-05-20 12:41:00,2024-05-20 12:53:00,0.97,61.64,P001379,4.2,Bangalore
R001380,D0257,C01651,V0127,2024-04-23 10:59:00,2024-04-23 11:21:00,3.5,82.0,P001380,4.3,Kolkata
R001381,D0294,C00115,V0133,2024-08-03 09:29:00,2024-08-03 09:42:00,1.7,30.2,P001381,4.9,Bangalore
R001382,D0298,C01203,V0294,2024-09-02 11:51:00,2024-09-02 12:02:00,2.19,76.28,P001382,4.6,Hyderabad
R001383,D0016,C01550,V0285,2025-01-16 21:10:00,2025-01-16 21:26:00,3.36,80.32,P001383,4.7,Delhi
R001384,D0093,C01523,V0255,2025-06-23 19:56:00,2025-06-23 20:23:00,5.98,111.76,P001384,4.5,Ahmedabad
R001385,D0149,C00799,V0192,2025-03-20 22:04:00,2025-03-20 22:34:00,9.32,75.92,P001385,3.5,Ahmedabad
R001386,D0257,C00772,V0127,2024-05-01 04:56:00,2024-05-01 05:04:00,2.45,69.4,P001386,3.8,Kolkata
R001387,D0188,C00461,V0074,2024-05-13 06:12:00,2024-05-13 06:51:00,6.24,114.88,P001387,5.0,Kolkata
R001388,D0184,C01520,V0077,2025-06-29 12:44:00,2025-06-29 12:47:00,1.12,53.44,P001388,4.5,Hyderabad
R001389,D0202,C01708,V0043,2025-01-18 10:38:00,2025-01-18 11:06:00,6.46,68.76,P001389,4.1,Hyderabad
R001390,D0173,C01878,V0188,2025-03-15 20:15:00,2025-03-15 20:42:00,3.52,53.16,P001390,4.8,Bangalore
R001391,D0261,C01960,V0214,2024-02-17 19:37:00,2024-02-17 19:53:00,2.78,36.68,P001391,4.8,Pune
R001392,D0223,C00917,V0299,2024-07-12 17:18:00,2024-07-12 17:48:00,5.25,113.0,P001392,4.5,Hyderabad
R001393,D0148,C00590,V0095,2024-06-01 10:15:00,2024-06-01 11:20:00,18.36,130.16,P001393,4.8,Delhi
R001394,D0203,C01738,V0233,2024-02-24 20:50:00,2024-02-24 21:04:00,1.76,61.12,P001394,4.3,Pune
R001395,D0287,C01441,V0078,2024-10-13 04:54:00,2024-10-13 05:10:00,4.33,45.98,P001395,4.6,Hyderabad
R001396,D0179,C00944,V0299,2025-06-04 18:56:00,2025-06-04 19:29:00,8.12,137.44,P001396,4.8,Ahmedabad
R001397,D0023,C00881,V0220,2025-05-15 06:46:00,2025-05-15 06:54:00,1.65,29.9,P001397,4.2,Chennai
R001398,D0141,C00928,V0240,2024-03-24 15:50:00,2024-03-24 16:02:00,3.33,89.96,P001398,4.9,Ahmedabad
R001399,D0093,C00597,V0255,2024-03-07 05:32:00,2024-03-07 05:43:00,1.07,52.84,P001399,5.0,Ahmedabad
R001400,D0202,C00469,V0043,2025-02-01 20:48:00,2025-02-01 21:09:00,4.84,49.04,P001400,4.9,Hyderabad
R001401,D0197,C00938,V0172,2025-06-05 11:31:00,2025-06-05 11:46:00,1.89,82.68,P001401,4.7,Pune
R001402,D0087,C01415,V0219,2025-06-15 14:11:00,2025-06-15 14:23:00,2.87,74.44,P001402,4.9,Hyderabad
R001403,D0005,C01620,V0047,2024-11-25 22:23:00,2024-11-25 22:54:00,6.5,77.0,P001403,5.0,Pune
R001404,D0181,C00178,V0222,2025-06-22 22:30:00,2025-06-22 22:42:00,3.6,41.6,P001404,4.5,Bangalore
R001405,D0255,C00960,V0104,2025-05-21 15:17:00,2025-05-21 15:32:00,1.36,56.32,P001405,3.9,Pune
R001406,D0100,C01769,V0116,2025-08-18 12:40:00,2025-08-18 12:59:00,2.34,34.04,P001406,4.2,Kolkata
R001407,D0238,C01396,V0110,2025-08-20 20:02:00,2025-08-20 20:21:00,4.33,91.96,P001407,5.0,Kolkata
R001408,D0207,C01697,V0110,2024-07-31 07:57:00,2024-07-31 08:32:00,9.16,149.92,P001408,3.7,Pune
R001409,D0197,C00116,V0172,2024-07-26 14:55:00,2024-07-26 15:35:00,12.83,193.96,P001409,4.1,Pune
R001410,D0013,C01360,V0006,2024-08-28 12:13:00,2024-08-28 12:22:00,2.18,42.44,P001410,4.7,Ahmedabad
R001411,D0278,C01320,V0214,2024-11-09 13:56:00,2024-11-09 14:16:00,4.47,46.82,P001411,4.6,Kolkata
R001412,D0070,C01300,V0283,2025-01-21 18:10:00,2025-01-21 18:32:00,5.8,109.6,P001412,4.5,Kolkata
R001413,D0203,C01734,V0233,2025-01-18 08:35:00,2025-01-18 09:21:00,10.39,164.68,P001413,4.9,Pune
R001414,D0150,C00832,V0102,2024-03-27 04:48:00,2024-03-27 05:14:00,7.76,87.08,P001414,4.3,Delhi
R001415,D0229,C01801,V0266,2024-03-27 09:28:00,2024-03-27 10:02:00,9.23,150.76,P001415,4.4,Bangalore
R001416,D0188,C01896,V0074,2025-06-15 11:14:00,2025-06-15 11:29:00,2.84,84.08,P001416,5.0,Kolkata
R001417,D0224,C01401,V0019,2025-08-20 01:29:00,2025-08-20 01:47:00,3.72,94.64,P001417,4.3,Ahmedabad
R001418,D0281,C00192,V0294,2025-06-08 19:21:00,2025-06-08 19:44:00,2.9,74.8,P001418,4.7,Delhi
R001419,D0062,C00959,V0241,2025-03-12 14:29:00,2025-03-12 14:46:00,6.76,121.12,P001419,4.3,Hyderabad
R001420,D0082,C00859,V0175,2025-03-18 13:23:00,2025-03-18 13:35:00,2.43,69.16,P001420,5.0,Ahmedabad
R001421,D0119,C00808,V0044,2025-05-24 10:17:00,2025-05-24 10:30:00,1.41,56.92,P001421,5.0,Bangalore
R001422,D0068,C01805,V0258,2025-01-26 00:11:00,2025-01-26 00:24:00,1.42,56.36,P001422,4.7,Ahmedabad
R001423,D0300,C00607,V0271,2025-03-28 07:16:00,2025-03-28 07:38:00,3.79,85.48,P001423,4.2,Pune
R001424,D0157,C00415,V0217,2024-03-18 11:57:00,2024-03-18 12:15:00,1.22,27.32,P001424,4.1,Delhi
R001425,D0014,C00844,V0071,2024-03-25 09:53:00,2024-03-25 10:14:00,3.3,79.6,P001425,4.6,Chennai
R001426,D0076,C00347,V0230,2025-05-28 16:34:00,2025-05-28 17:20:00,10.35,164.2,P001426,4.5,Bangalore
R001427,D0251,C00009,V0041,2024-03-21 08:59:00,2024-03-21 09:14:00,1.83,81.96,P001427,4.6,Pune
R001428,D0294,C00035,V0133,2024-08-21 03:07:00,2024-08-21 03:24:00,1.53,39.18,P001428,4.2,Bangalore
R001429,D0158,C01620,V0266,2024-03-14 11:02:00,2024-03-14 11:26:00,3.26,79.12,P001429,4.5,Chennai
R001430,D0269,C00232,V0140,2025-07-13 06:21:00,2025-07-13 06:32:00,2.7,82.4,P001430,4.3,Chennai
R001431,D0111,C00642,V0154,2024-07-20 21:21:00,2024-07-20 21:54:00,9.89,89.34,P001431,4.8,Ahmedabad
R001432,D0048,C01932,V0054,2024-09-13 09:47:00,2024-09-13 10:11:00,2.26,87.12,P001432,4.8,Bangalore
R001433,D0047,C01590,V0054,2024-10-08 06:45:00,2024-10-08 07:17:00,7.41,128.92,P001433,4.5,Chennai
R001434,D0148,C01763,V0095,2024-05-21 22:47:00,2024-05-21 23:08:00,3.59,41.54,P001434,5.0,Delhi
R001435,D0218,C01055,V0221,2025-07-10 08:00:00,2025-07-10 08:15:00,2.81,73.72,P001435,3.8,Bangalore
R001436,D0088,C00233,V0200,2024-11-02 09:52:00,2024-11-02 10:12:00,3.11,77.32,P001436,4.3,Mumbai
R001437,D0150,C01553,V0102,2024-12-20 12:25:00,2024-12-20 13:18:00,14.63,142.04,P001437,5.0,Delhi
R001438,D0140,C01429,V0051,2025-08-16 20:00:00,2025-08-16 20:32:00,7.64,131.68,P001438,4.7,Ahmedabad
R001439,D0140,C01226,V0051,2025-04-28 20:32:00,2025-04-28 21:03:00,7.4,128.8,P001439,4.8,Ahmedabad
R001440,D0144,C01679,V0105,2024-06-01 12:14:00,2024-06-01 12:24:00,2.38,44.28,P001440,4.9,Bangalore
R001441,D0215,C00873,V0188,2024-08-20 23:47:00,2024-08-20 23:51:00,1.37,35.96,P001441,4.1,Mumbai
R001442,D0173,C00158,V0188,2024-08-02 15:14:00,2024-08-02 15:24:00,3.06,49.48,P001442,5.0,Bangalore
R001443,D0236,C00602,V0150,2025-06-12 18:50:00,2025-06-12 18:59:00,1.56,37.48,P001443,5.0,Kolkata
R001444,D0117,C01818,V0021,2025-07-19 14:46:00,2025-07-19 15:16:00,9.74,156.88,P001444,4.3,Hyderabad
R001445,D0143,C01049,V0084,2025-04-17 10:50:00,2025-04-17 10:56:00,1.56,58.72,P001445,4.3,Chennai
R001446,D0033,C01775,V0281,2024-03-28 10:54:00,2024-03-28 11:17:00,3.59,83.08,P001446,5.0,Bangalore
R001447,D0101,C01566,V0274,2024-07-11 13:49:00,2024-07-11 14:11:00,4.86,98.32,P001447,4.7,Chennai
R001448,D0085,C01870,V0225,2025-03-03 06:28:00,2025-03-03 06:37:00,1.34,35.72,P001448,4.7,Chennai
R001449,D0116,C01864,V0057,2025-04-05 17:01:00,2025-04-05 17:37:00,8.36,91.88,P001449,4.8,Bangalore
R001450,D0121,C00677,V0192,2025-01-18 04:36:00,2025-01-18 05:01:00,2.78,36.68,P001450,4.6,Kolkata
R001451,D0126,C01169,V0290,2024-05-11 09:47:00,2024-05-11 10:33:00,10.76,111.08,P001451,4.8,Delhi
R001452,D0015,C01712,V0216,2024-01-10 15:51:00,2024-01-10 16:11:00,4.15,58.2,P001452,4.6,Delhi
R001453,D0180,C01196,V0172,2024-12-29 10:14:00,2024-12-29 10:22:00,1.25,55.0,P001453,4.4,Pune
R001454,D0230,C01406,V0052,2025-03-05 13:43:00,2025-03-05 14:09:00,5.58,116.96,P001454,4.7,Chennai
R001455,D0087,C01887,V0219,2025-02-17 22:34:00,2025-02-17 22:59:00,9.93,159.16,P001455,4.6,Hyderabad
R001456,D0236,C01318,V0150,2024-11-02 10:37:00,2024-11-02 10:42:00,1.62,37.96,P001456,4.1,Kolkata
R001457,D0069,C01735,V0214,2024-01-24 18:50:00,2024-01-24 19:30:00,11.56,89.36,P001457,4.8,Ahmedabad
R001458,D0182,C01345,V0120,2024-02-02 04:09:00,2024-02-02 04:53:00,14.71,152.68,P001458,4.3,Chennai
R001459,D0152,C00074,V0015,2024-12-04 18:40:00,2024-12-04 19:02:00,4.9,64.2,P001459,4.6,Chennai
R001460,D0057,C01754,V0198,2025-08-10 12:24:00,2025-08-10 12:44:00,3.14,77.68,P001460,4.3,Chennai
R001461,D0067,C01653,V0199,2024-07-28 12:04:00,2024-07-28 12:23:00,4.1,99.2,P001461,4.3,Mumbai
R001462,D0213,C01152,V0009,2025-07-01 12:12:00,2025-07-01 12:41:00,6.18,114.16,P001462,4.8,Pune
R001463,D0230,C01235,V0052,2025-05-01 03:21:00,2025-05-01 03:48:00,6.95,133.4,P001463,4.4,Chennai
R001464,D0176,C00319,V0141,2025-08-06 14:40:00,2025-08-06 14:47:00,0.54,23.24,P001464,4.2,Pune
R001465,D0138,C00842,V0027,2024-11-07 02:10:00,2024-11-07 02:38:00,8.82,145.84,P001465,4.8,Delhi
R001466,D0244,C01393,V0244,2024-04-16 21:35:00,2024-04-16 21:47:00,2.44,79.28,P001466,4.7,Bangalore
R001467,D0024,C01435,V0091,2024-06-30 01:52:00,2024-06-30 02:04:00,2.48,69.76,P001467,4.1,Ahmedabad
R001468,D0009,C00379,V0058,2025-05-15 00:11:00,2025-05-15 00:37:00,4.95,49.7,P001468,4.7,Delhi
R001469,D0295,C00890,V0002,2024-07-22 02:58:00,2024-07-22 03:15:00,2.02,64.24,P001469,5.0,Kolkata
R001470,D0227,C01972,V0128,2025-01-30 09:13:00,2025-01-30 09:54:00,10.24,106.92,P001470,5.0,Bangalore
R001471,D0208,C00130,V0024,2024-08-26 09:42:00,2024-08-26 09:59:00,3.82,95.84,P001471,4.9,Hyderabad
R001472,D0084,C00083,V0261,2025-06-20 02:29:00,2025-06-20 02:35:00,1.36,35.88,P001472,4.9,Chennai
R001473,D0100,C00782,V0116,2024-02-28 11:33:00,2024-02-28 11:58:00,4.81,48.86,P001473,5.0,Kolkata
R001474,D0276,C00858,V0012,2024-01-12 05:20:00,2024-01-12 05:33:00,1.49,57.88,P001474,5.0,Chennai
R001475,D0278,C00285,V0214,2025-02-24 12:10:00,2025-02-24 12:33:00,5.81,54.86,P001475,4.4,Kolkata
R001476,D0229,C01962,V0266,2024-04-23 04:34:00,2024-04-23 04:56:00,5.24,102.88,P001476,4.5,Bangalore
R001477,D0135,C00775,V0146,2025-03-04 15:47:00,2025-03-04 16:12:00,8.51,93.08,P001477,4.7,Kolkata
R001478,D0182,C00200,V0120,2024-03-11 12:57:00,2024-03-11 13:04:00,2.04,51.32,P001478,4.4,Chennai
R001479,D0195,C01521,V0247,2024-07-30 04:55:00,2024-07-30 05:10:00,5.83,71.64,P001479,3.6,Ahmedabad
R001480,D0242,C00587,V0221,2024-07-29 09:27:00,2024-07-29 09:38:00,1.27,55.24,P001480,5.0,Ahmedabad
R001481,D0204,C00746,V0191,2025-05-01 05:38:00,2025-05-01 05:45:00,1.28,55.36,P001481,5.0,Mumbai
R001482,D0116,C01157,V0057,2025-08-11 09:37:00,2025-08-11 09:48:00,2.95,48.6,P001482,3.7,Bangalore
R001483,D0144,C00667,V0105,2024-07-26 16:45:00,2024-07-26 17:06:00,3.52,41.12,P001483,4.9,Bangalore
R001484,D0059,C01350,V0187,2025-04-14 08:12:00,2025-04-14 08:46:00,7.96,135.52,P001484,4.4,Ahmedabad
R001485,D0136,C01161,V0081,2024-01-08 04:28:00,2024-01-08 04:36:00,1.27,35.16,P001485,4.0,Mumbai
R001486,D0192,C01427,V0070,2024-03-06 12:38:00,2024-03-06 12:56:00,2.06,32.36,P001486,4.1,Kolkata
R001487,D0146,C01073,V0269,2024-09-09 16:21:00,2024-09-09 16:39:00,3.07,76.84,P001487,4.5,Kolkata
R001488,D0224,C00195,V0019,2025-08-05 15:29:00,2025-08-05 15:40:00,1.66,59.92,P001488,4.4,Ahmedabad
R001489,D0099,C00006,V0260,2025-04-18 18:02:00,2025-04-18 18:17:00,1.42,36.36,P001489,4.8,Bangalore
R001490,D0147,C01033,V0153,2024-04-03 09:41:00,2024-04-03 09:54:00,2.81,36.86,P001490,4.2,Ahmedabad
R001491,D0213,C00077,V0009,2025-04-12 11:44:00,2025-04-12 11:48:00,1.42,77.04,P001491,4.2,Pune
R001492,D0251,C01143,V0041,2024-10-31 12:39:00,2024-10-31 12:56:00,2.67,72.04,P001492,5.0,Pune
R001493,D0256,C00991,V0211,2024-06-28 13:15:00,2024-06-28 13:25:00,2.26,33.56,P001493,4.7,Chennai
R001494,D0282,C01730,V0148,2024-07-02 19:46:00,2024-07-02 20:18:00,7.22,126.64,P001494,4.0,Hyderabad
R001495,D0292,C01548,V0194,2025-03-18 14:24:00,2025-03-18 14:36:00,1.54,58.48,P001495,4.8,Hyderabad
R001496,D0268,C00725,V0271,2024-07-06 22:36:00,2024-07-06 22:47:00,2.34,78.08,P001496,5.0,Mumbai
R001497,D0074,C00381,V0267,2024-04-07 12:44:00,2024-04-07 13:10:00,3.61,83.32,P001497,4.8,Chennai
R001498,D0019,C00183,V0250,2024-02-14 07:56:00,2024-02-14 08:19:00,6.92,143.04,P001498,4.6,Chennai
R001499,D0060,C01733,V0084,2024-06-10 08:56:00,2024-06-10 09:13:00,0.86,50.32,P001499,4.6,Hyderabad
R001500,D0025,C00690,V0217,2025-07-04 09:42:00,2025-07-04 10:02:00,4.48,46.88,P001500,4.4,Pune
R001501,D0150,C00615,V0102,2024-03-09 22:46:00,2024-03-09 23:07:00,1.96,40.68,P001501,4.3,Delhi
R001502,D0259,C01686,V0239,2024-08-10 15:26:00,2024-08-10 15:38:00,1.72,60.64,P001502,4.3,Mumbai
R001503,D0109,C01190,V0152,2025-07-20 03:23:00,2025-07-20 03:45:00,5.35,67.8,P001503,4.7,Delhi
R001504,D0079,C00238,V0087,2024-03-19 03:32:00,2024-03-19 03:46:00,2.9,74.8,P001504,4.5,Hyderabad
R001505,D0054,C00424,V0283,2024-11-29 13:28:00,2024-11-29 14:42:00,21.3,295.6,P001505,4.6,Mumbai
R001506,D0294,C01754,V0133,2024-06-17 08:13:00,2024-06-17 08:38:00,5.25,51.5,P001506,4.3,Bangalore
R001507,D0256,C01576,V0211,2025-06-02 01:29:00,2025-06-02 02:08:00,10.5,83.0,P001507,5.0,Chennai
R001508,D0208,C00441,V0024,2024-01-28 02:40:00,2024-01-28 02:53:00,3.78,95.36,P001508,4.5,Hyderabad
R001509,D0034,C00763,V0254,2025-04-17 12:21:00,2025-04-17 12:45:00,4.69,96.28,P001509,4.9,Delhi
R001510,D0167,C01484,V0088,2025-02-12 06:25:00,2025-02-12 06:49:00,6.41,76.28,P001510,4.9,Mumbai
R001511,D0020,C00560,V0227,2024-02-08 00:16:00,2024-02-08 00:25:00,1.51,58.12,P001511,4.9,Hyderabad
R001512,D0121,C00499,V0192,2024-04-27 22:58:00,2024-04-27 23:29:00,7.44,64.64,P001512,4.6,Kolkata
R001513,D0015,C01293,V0216,2024-05-19 10:42:00,2024-05-19 11:02:00,3.95,56.6,P001513,4.5,Delhi
R001514,D0039,C01491,V0072,2025-04-20 15:29:00,2025-04-20 15:49:00,1.9,31.4,P001514,4.4,Delhi
R001515,D0102,C00907,V0094,2024-03-10 02:35:00,2024-03-10 02:50:00,1.64,38.12,P001515,4.5,Chennai
R001516,D0173,C00496,V0188,2024-09-05 22:28:00,2024-09-05 22:43:00,1.52,47.16,P001516,4.9,Bangalore
R001517,D0153,C01950,V0279,2024-05-23 15:52:00,2024-05-23 16:21:00,7.83,133.96,P001517,4.8,Kolkata
R001518,D0056,C01430,V0068,2024-10-12 05:10:00,2024-10-12 05:21:00,1.86,39.88,P001518,5.0,Bangalore
R001519,D0138,C01974,V0027,2024-01-19 19:06:00,2024-01-19 19:11:00,2.03,64.36,P001519,4.8,Delhi
R001520,D0026,C00651,V0066,2024-06-30 09:07:00,2024-06-30 09:25:00,1.47,38.82,P001520,4.8,Hyderabad
R001521,D0192,C01339,V0070,2025-07-01 23:25:00,2025-07-01 23:41:00,3.14,38.84,P001521,4.6,Kolkata
R001522,D0065,C00621,V0025,2024-06-21 02:42:00,2024-06-21 03:06:00,4.84,49.04,P001522,4.1,Mumbai
R001523,D0099,C01292,V0260,2024-01-12 21:17:00,2024-01-12 21:43:00,4.37,59.96,P001523,5.0,Bangalore
R001524,D0254,C00344,V0110,2024-06-06 14:22:00,2024-06-06 14:45:00,4.47,93.64,P001524,5.0,Bangalore
R001525,D0084,C00196,V0261,2024-07-01 06:45:00,2024-07-01 07:16:00,9.29,99.32,P001525,5.0,Chennai
R001526,D0198,C01132,V0010,2024-02-05 21:34:00,2024-02-05 22:03:00,8.57,152.84,P001526,4.8,Hyderabad
R001527,D0223,C01571,V0299,2024-08-09 14:44:00,2024-08-09 15:22:00,8.57,142.84,P001527,4.4,Hyderabad
R001528,D0249,C00751,V0290,2024-02-18 20:51:00,2024-02-18 21:33:00,10.72,110.76,P001528,4.4,Kolkata
R001529,D0042,C00252,V0291,2025-06-19 20:42:00,2025-06-19 20:59:00,1.95,83.4,P001529,4.5,Bangalore
R001530,D0110,C01429,V0289,2024-04-15 12:44:00,2024-04-15 13:04:00,5.13,101.56,P001530,4.5,Hyderabad
R001531,D0138,C01589,V0027,2024-11-11 14:03:00,2024-11-11 14:19:00,1.99,63.88,P001531,4.7,Delhi
R001532,D0001,C01314,V0080,2024-01-05 01:49:00,2024-01-05 02:17:00,7.29,83.32,P001532,4.0,Bangalore
R001533,D0221,C00582,V0220,2025-01-21 06:59:00,2025-01-21 07:27:00,3.39,40.34,P001533,4.5,Delhi
R001534,D0188,C01319,V0074,2024-09-12 11:58:00,2024-09-12 12:17:00,2.93,75.16,P001534,4.7,Kolkata
R001535,D0136,C00909,V0081,2024-09-01 06:05:00,2024-09-01 06:41:00,9.56,101.48,P001535,4.6,Mumbai
R001536,D0044,C01655,V0170,2024-01-17 13:01:00,2024-01-17 13:07:00,1.92,51.52,P001536,4.5,Ahmedabad
R001537,D0089,C00265,V0180,2024-01-15 10:52:00,2024-01-15 11:43:00,13.18,208.16,P001537,5.0,Hyderabad
R001538,D0086,C00650,V0024,2024-07-15 21:42:00,2024-07-15 21:45:00,1.22,54.64,P001538,4.9,Ahmedabad
R001539,D0059,C01686,V0187,2024-03-05 07:56:00,2024-03-05 08:33:00,6.46,117.52,P001539,4.3,Ahmedabad
R001540,D0124,C00363,V0088,2024-04-08 21:10:00,2024-04-08 21:28:00,3.09,49.72,P001540,4.2,Hyderabad
R001541,D0277,C00530,V0084,2024-06-20 01:26:00,2024-06-20 01:58:00,6.92,123.04,P001541,4.6,Bangalore
R001542,D0203,C00632,V0233,2025-06-08 03:52:00,2025-06-08 04:17:00,6.32,115.84,P001542,4.8,Pune
R001543,D0075,C00343,V0067,2024-11-30 10:35:00,2024-11-30 10:42:00,1.0,33.0,P001543,5.0,Hyderabad
R001544,D0176,C01962,V0141,2024-07-13 19:13:00,2024-07-13 19:41:00,9.42,76.52,P001544,4.7,Pune
R001545,D0294,C01663,V0133,2025-07-08 12:27:00,2025-07-08 12:48:00,4.85,49.1,P001545,4.4,Bangalore
R001546,D0171,C00576,V0263,2024-05-03 07:13:00,2024-05-03 07:41:00,5.95,55.7,P001546,4.4,Mumbai
R001547,D0121,C01554,V0192,2024-04-18 11:20:00,2024-04-18 11:36:00,2.34,54.04,P001547,4.7,Kolkata
R001548,D0298,C00772,V0294,2024-06-26 00:25:00,2024-06-26 00:40:00,2.78,73.36,P001548,4.4,Hyderabad
R001549,D0005,C01206,V0047,2024-11-19 00:24:00,2024-11-19 00:46:00,3.19,60.52,P001549,4.8,Pune
R001550,D0189,C01719,V0025,2024-08-05 14:14:00,2024-08-05 14:34:00,2.23,33.38,P001550,3.6,Pune
R001551,D0279,C01328,V0029,2024-03-08 21:52:00,2024-03-08 22:01:00,2.84,74.08,P001551,4.5,Chennai
R001552,D0214,C00174,V0186,2024-10-12 20:39:00,2024-10-12 21:26:00,12.89,194.68,P001552,4.3,Pune
R001553,D0192,C00191,V0070,2025-01-12 01:04:00,2025-01-12 01:28:00,4.42,46.52,P001553,5.0,Kolkata
R001554,D0011,C01837,V0218,2024-08-11 13:19:00,2024-08-11 13:36:00,2.26,67.12,P001554,3.9,Bangalore
R001555,D0029,C01491,V0069,2025-05-26 03:45:00,2025-05-26 04:36:00,11.92,91.52,P001555,4.5,Ahmedabad
R001556,D0021,C00424,V0241,2025-07-03 18:10:00,2025-07-03 18:21:00,1.36,56.32,P001556,4.4,Mumbai
R001557,D0196,C01467,V0174,2024-09-14 03:38:00,2024-09-14 03:54:00,2.2,66.4,P001557,4.6,Pune
R001558,D0165,C01216,V0010,2024-11-28 20:44:00,2024-11-28 20:59:00,2.0,64.0,P001558,4.9,Delhi
R001559,D0201,C00890,V0211,2025-02-01 21:59:00,2025-02-01 22:25:00,6.89,71.34,P001559,4.4,Bangalore
R001560,D0181,C00309,V0222,2024-05-16 10:11:00,2024-05-16 10:42:00,8.89,73.34,P001560,4.7,Bangalore
R001561,D0167,C01448,V0088,2024-11-21 21:30:00,2024-11-21 21:51:00,3.94,56.52,P001561,4.5,Mumbai
R001562,D0108,C00388,V0105,2024-03-10 10:01:00,2024-03-10 10:21:00,2.67,46.02,P001562,5.0,Delhi
R001563,D0151,C00444,V0270,2025-08-22 14:24:00,2025-08-22 14:41:00,2.34,43.72,P001563,4.2,Pune
R001564,D0240,C00280,V0011,2025-06-07 20:47:00,2025-06-07 21:05:00,2.48,44.84,P001564,4.3,Pune
R001565,D0044,C00682,V0170,2024-08-26 16:37:00,2024-08-26 16:57:00,6.37,58.22,P001565,4.9,Ahmedabad
R001566,D0287,C00964,V0078,2024-01-14 07:01:00,2024-01-14 07:15:00,1.1,26.6,P001566,4.3,Hyderabad
R001567,D0067,C01360,V0199,2024-05-07 09:15:00,2024-05-07 09:38:00,4.88,98.56,P001567,3.7,Mumbai
R001568,D0141,C00031,V0240,2025-03-14 07:39:00,2025-03-14 07:49:00,4.36,92.32,P001568,5.0,Ahmedabad
R001569,D0126,C01481,V0290,2024-03-22 01:08:00,2024-03-22 01:48:00,10.83,121.64,P001569,4.5,Delhi
R001570,D0162,C01225,V0020,2025-01-18 15:18:00,2025-01-18 15:59:00,9.19,150.28,P001570,5.0,Mumbai
R001571,D0192,C01046,V0070,2024-07-25 04:24:00,2024-07-25 05:04:00,9.69,78.14,P001571,5.0,Kolkata
R001572,D0059,C00660,V0187,2024-07-28 20:02:00,2024-07-28 20:24:00,4.03,88.36,P001572,4.7,Ahmedabad
R001573,D0159,C01033,V0080,2024-08-31 23:38:00,2024-08-31 23:53:00,2.19,42.52,P001573,4.9,Bangalore
R001574,D0298,C01157,V0294,2025-03-30 23:56:00,2025-03-31 01:01:00,20.05,280.6,P001574,4.5,Hyderabad
R001575,D0058,C01002,V0165,2024-12-02 04:17:00,2024-12-02 04:20:00,1.07,26.42,P001575,4.5,Chennai
R001576,D0089,C00974,V0180,2024-11-21 20:50:00,2024-11-21 21:14:00,5.98,111.76,P001576,3.7,Hyderabad
R001577,D0278,C00481,V0214,2024-02-10 16:50:00,2024-02-10 17:11:00,3.9,43.4,P001577,4.3,Kolkata
R001578,D0284,C01536,V0175,2025-02-28 20:52:00,2025-02-28 21:07:00,2.47,69.64,P001578,5.0,Delhi
R001579,D0233,C01551,V0240,2024-10-22 00:14:00,2024-10-22 00:42:00,6.14,113.68,P001579,4.9,Bangalore
R001580,D0035,C00160,V0027,2024-12-05 10:15:00,2024-12-05 10:39:00,4.11,99.32,P001580,4.5,Ahmedabad
R001581,D0042,C00215,V0291,2024-07-29 17:03:00,2024-07-29 17:17:00,1.91,72.92,P001581,5.0,Bangalore
R001582,D0180,C00401,V0172,2024-09-11 21:44:00,2024-09-11 21:55:00,2.13,65.56,P001582,4.5,Pune
R001583,D0040,C00044,V0294,2024-08-15 19:55:00,2024-08-15 20:37:00,9.39,152.68,P001583,4.8,Bangalore
R001584,D0062,C00878,V0241,2025-01-25 16:20:00,2025-01-25 16:32:00,2.48,69.76,P001584,4.4,Hyderabad
R001585,D0244,C01016,V0244,2024-07-06 14:40:00,2024-07-06 14:50:00,1.52,68.24,P001585,4.1,Bangalore
R001586,D0008,C00799,V0203,2024-01-07 02:55:00,2024-01-07 03:01:00,2.89,37.34,P001586,3.9,Chennai
R001587,D0145,C00420,V0195,2025-05-18 02:12:00,2025-05-18 02:52:00,12.74,126.92,P001587,5.0,Pune
R001588,D0066,C00101,V0234,2024-02-23 20:09:00,2024-02-23 21:39:00,24.79,347.48,P001588,4.4,Ahmedabad
R001589,D0072,C00494,V0184,2024-07-28 04:05:00,2024-07-28 04:38:00,4.52,114.24,P001589,4.5,Mumbai
R001590,D0287,C01740,V0078,2024-06-26 18:35:00,2024-06-26 19:13:00,10.06,90.36,P001590,4.0,Hyderabad
R001591,D0097,C00525,V0288,2024-07-28 07:32:00,2024-07-28 08:07:00,9.77,78.62,P001591,4.3,Mumbai
R001592,D0109,C00802,V0152,2024-03-21 13:46:00,2024-03-21 14:11:00,6.49,76.92,P001592,5.0,Delhi
R001593,D0083,C01824,V0149,2025-04-23 09:10:00,2025-04-23 09:26:00,4.86,98.32,P001593,3.8,Hyderabad
R001594,D0087,C01583,V0219,2024-07-21 07:27:00,2024-07-21 07:46:00,5.32,103.84,P001594,4.5,Hyderabad
R001595,D0260,C01401,V0070,2024-06-29 19:15:00,2024-06-29 19:58:00,8.52,71.12,P001595,5.0,Chennai
R001596,D0001,C01065,V0080,2024-11-06 09:36:00,2024-11-06 09:42:00,2.16,42.28,P001596,5.0,Bangalore
R001597,D0287,C01481,V0078,2025-04-04 20:12:00,2025-04-04 20:34:00,1.54,29.24,P001597,4.5,Hyderabad
R001598,D0081,C01409,V0049,2024-10-05 15:05:00,2024-10-05 15:40:00,7.62,85.72,P001598,3.7,Delhi
R001599,D0009,C00633,V0058,2025-01-03 12:24:00,2025-01-03 12:47:00,5.2,61.2,P001599,4.9,Delhi
R001600,D0174,C02000,V0148,2024-06-20 15:28:00,2024-06-20 15:39:00,1.67,70.04,P001600,4.3,Hyderabad
R001601,D0038,C01768,V0099,2025-03-08 16:39:00,2025-03-08 17:15:00,8.99,73.94,P001601,4.4,Bangalore
R001602,D0286,C01542,V0092,2025-03-19 04:52:00,2025-03-19 05:13:00,1.59,37.72,P001602,5.0,Pune
R001603,D0288,C00477,V0214,2025-05-08 00:48:00,2025-05-08 01:11:00,4.43,46.58,P001603,5.0,Kolkata
R001604,D0017,C01685,V0170,2025-01-25 13:54:00,2025-01-25 14:08:00,2.53,35.18,P001604,4.8,Mumbai
R001605,D0111,C00021,V0154,2024-03-26 09:38:00,2024-03-26 10:07:00,5.67,54.02,P001605,4.5,Ahmedabad
R001606,D0220,C01768,V0088,2025-07-04 04:35:00,2025-07-04 05:01:00,3.16,50.28,P001606,5.0,Bangalore
R001607,D0278,C00397,V0214,2024-06-28 08:24:00,2024-06-28 08:32:00,1.73,30.38,P001607,5.0,Kolkata
R001608,D0110,C01305,V0289,2025-04-19 09:29:00,2025-04-19 09:44:00,5.53,116.36,P001608,4.5,Hyderabad
R001609,D0069,C01958,V0214,2024-10-17 12:35:00,2024-10-17 12:50:00,1.85,31.1,P001609,4.9,Ahmedabad
R001610,D0285,C01070,V0054,2025-05-07 02:21:00,2025-05-07 02:45:00,4.49,93.88,P001610,5.0,Chennai
R001611,D0237,C01263,V0023,2024-05-19 22:30:00,2024-05-19 22:55:00,7.2,82.6,P001611,4.3,Ahmedabad
R001612,D0215,C01589,V0188,2024-07-19 04:58:00,2024-07-19 05:35:00,11.98,120.84,P001612,4.1,Mumbai
R001613,D0176,C00401,V0141,2024-07-13 00:00:00,2024-07-13 00:23:00,5.55,53.3,P001613,4.4,Pune
R001614,D0285,C01153,V0054,2025-05-27 23:46:00,2025-05-27 23:52:00,1.6,59.2,P001614,5.0,Chennai
R001615,D0288,C01656,V0214,2025-01-18 15:25:00,2025-01-18 15:51:00,8.37,70.22,P001615,3.8,Kolkata
R001616,D0200,C01084,V0014,2025-03-01 12:47:00,2025-03-01 13:02:00,3.34,40.04,P001616,4.6,Bangalore
R001617,D0238,C00511,V0110,2025-01-17 12:31:00,2025-01-17 12:34:00,1.8,61.6,P001617,4.6,Kolkata
R001618,D0025,C00790,V0217,2024-11-11 20:37:00,2024-11-11 21:00:00,3.46,40.76,P001618,5.0,Pune
R001619,D0252,C01904,V0093,2024-03-13 13:56:00,2024-03-13 14:10:00,2.27,67.24,P001619,5.0,Delhi
R001620,D0106,C00693,V0090,2024-02-09 03:24:00,2024-02-09 03:37:00,1.97,63.64,P001620,5.0,Kolkata
R001621,D0029,C01151,V0069,2025-08-02 05:12:00,2025-08-02 05:22:00,1.44,28.64,P001621,4.4,Ahmedabad
R001622,D0290,C00179,V0102,2025-03-22 08:49:00,2025-03-22 09:03:00,2.4,44.2,P001622,4.6,Delhi
R001623,D0288,C01446,V0214,2024-12-22 16:45:00,2024-12-22 17:08:00,5.43,52.58,P001623,4.2,Kolkata
R001624,D0146,C00156,V0269,2025-05-15 20:44:00,2025-05-15 21:26:00,9.9,168.8,P001624,4.9,Kolkata
R001625,D0255,C00160,V0104,2025-01-12 22:03:00,2025-01-12 22:46:00,7.66,141.92,P001625,3.9,Pune
R001626,D0223,C00215,V0299,2025-01-29 13:47:00,2025-01-29 14:02:00,4.91,98.92,P001626,4.9,Hyderabad
R001627,D0299,C00784,V0280,2024-09-09 07:30:00,2024-09-09 07:53:00,3.49,81.88,P001627,4.9,Mumbai
R001628,D0086,C00045,V0024,2024-02-05 11:40:00,2024-02-05 11:54:00,1.65,59.8,P001628,4.2,Ahmedabad
R001629,D0103,C01856,V0235,2024-01-29 22:42:00,2024-01-29 23:25:00,11.17,87.02,P001629,4.8,Ahmedabad
R001630,D0167,C00896,V0088,2024-05-31 08:38:00,2024-05-31 08:47:00,1.09,33.72,P001630,4.9,Mumbai
R001631,D0217,C00891,V0289,2025-04-11 21:09:00,2025-04-11 21:42:00,7.16,125.92,P001631,5.0,Kolkata
R001632,D0087,C00935,V0219,2024-09-17 07:38:00,2024-09-17 07:59:00,3.93,87.16,P001632,4.2,Hyderabad
R001633,D0292,C00264,V0194,2025-08-15 21:53:00,2025-08-15 22:05:00,1.35,66.2,P001633,4.7,Hyderabad
R001634,D0143,C01047,V0084,2024-06-14 00:07:00,2024-06-14 01:31:00,27.59,381.08,P001634,4.8,Chennai
R001635,D0130,C01943,V0215,2024-04-04 20:45:00,2024-04-04 21:39:00,13.57,153.56,P001635,4.5,Hyderabad
R001636,D0083,C00883,V0149,2025-01-28 12:45:00,2025-01-28 13:23:00,9.25,151.0,P001636,4.8,Hyderabad
R001637,D0046,C01949,V0271,2025-08-23 02:33:00,2025-08-23 02:39:00,2.31,77.72,P001637,4.2,Delhi
R001638,D0046,C00902,V0271,2024-07-12 13:10:00,2024-07-12 14:04:00,14.32,211.84,P001638,4.2,Delhi
R001639,D0248,C01591,V0124,2025-03-13 08:44:00,2025-03-13 09:12:00,8.28,139.36,P001639,5.0,Kolkata
R001640,D0036,C01216,V0002,2024-11-05 16:34:00,2024-11-05 16:51:00,1.79,61.48,P001640,4.4,Chennai
R001641,D0166,C00138,V0279,2025-01-26 18:19:00,2025-01-26 18:31:00,2.16,65.92,P001641,4.8,Pune
R001642,D0254,C00263,V0110,2025-02-25 23:55:00,2025-02-26 00:16:00,6.28,115.36,P001642,5.0,Bangalore
R001643,D0220,C00938,V0088,2024-04-01 03:40:00,2024-04-01 04:05:00,6.95,80.6,P001643,4.3,Bangalore
R001644,D0264,C00482,V0097,2025-08-09 11:52:00,2025-08-09 12:07:00,2.61,71.32,P001644,4.1,Mumbai
R001645,D0139,C00197,V0084,2024-05-26 08:47:00,2024-05-26 09:02:00,5.06,100.72,P001645,3.9,Mumbai
R001646,D0025,C01875,V0217,2024-08-02 23:25:00,2024-08-02 23:41:00,2.3,33.8,P001646,4.0,Pune
R001647,D0123,C01995,V0247,2024-11-11 00:10:00,2024-11-11 00:18:00,0.73,30.84,P001647,3.8,Pune
R001648,D0098,C00216,V0187,2025-05-18 00:06:00,2025-05-18 00:30:00,5.0,100.0,P001648,4.0,Delhi
R001649,D0150,C01076,V0102,2024-03-12 22:26:00,2024-03-12 22:43:00,3.55,53.4,P001649,4.4,Delhi
R001650,D0024,C00155,V0091,2025-06-21 13:41:00,2025-06-21 13:56:00,1.46,57.52,P001650,4.4,Ahmedabad
R001651,D0030,C00035,V0164,2024-10-22 23:27:00,2024-10-22 23:48:00,5.92,55.52,P001651,5.0,Hyderabad
R001652,D0190,C01721,V0066,2024-06-23 05:23:00,2024-06-23 05:31:00,4.22,45.32,P001652,4.5,Mumbai
R001653,D0252,C00932,V0093,2024-07-09 22:08:00,2024-07-09 22:18:00,3.84,106.08,P001653,4.8,Delhi
R001654,D0032,C00704,V0015,2024-07-21 15:11:00,2024-07-21 15:27:00,1.93,40.44,P001654,5.0,Bangalore
R001655,D0296,C01554,V0067,2025-05-29 03:28:00,2025-05-29 03:52:00,6.7,78.6,P001655,5.0,Kolkata
R001656,D0112,C01255,V0229,2025-08-03 06:11:00,2025-08-03 06:44:00,9.96,79.76,P001656,5.0,Kolkata
R001657,D0073,C00638,V0238,2024-07-24 01:47:00,2024-07-24 02:10:00,8.7,94.6,P001657,5.0,Kolkata
R001658,D0286,C00373,V0092,2024-07-06 06:16:00,2024-07-06 06:26:00,1.49,36.92,P001658,3.8,Pune
R001659,D0126,C01447,V0290,2025-02-22 14:40:00,2025-02-22 15:07:00,3.89,56.12,P001659,4.8,Delhi
R001660,D0191,C01947,V0050,2024-04-21 20:10:00,2024-04-21 20:31:00,7.27,83.16,P001660,4.4,Bangalore
R001661,D0217,C00873,V0289,2024-03-22 09:05:00,2024-03-22 09:26:00,3.62,83.44,P001661,4.9,Kolkata
R001662,D0206,C00978,V0214,2025-01-21 03:17:00,2025-01-21 03:39:00,3.43,40.58,P001662,4.0,Delhi
R001663,D0273,C01658,V0261,2024-03-06 10:01:00,2024-03-06 10:14:00,1.36,35.88,P001663,5.0,Chennai
R001664,D0101,C01522,V0274,2025-08-22 07:30:00,2025-08-22 07:43:00,6.18,124.16,P001664,4.8,Chennai
R001665,D0146,C00981,V0269,2025-05-11 21:48:00,2025-05-11 21:57:00,1.63,69.56,P001665,4.9,Kolkata
R001666,D0197,C01385,V0172,2024-04-13 00:03:00,2024-04-13 00:18:00,4.03,98.36,P001666,4.8,Pune
R001667,D0230,C00766,V0052,2024-09-29 00:42:00,2024-09-29 01:15:00,6.21,114.52,P001667,4.8,Chennai
R001668,D0217,C00019,V0289,2025-08-19 01:06:00,2025-08-19 01:54:00,11.71,180.52,P001668,4.7,Kolkata
R001669,D0267,C00678,V0115,2024-08-04 16:50:00,2024-08-04 17:08:00,3.53,53.24,P001669,4.9,Ahmedabad
R001670,D0292,C00520,V0194,2024-01-08 12:38:00,2024-01-08 12:53:00,1.87,72.44,P001670,5.0,Hyderabad
R001671,D0297,C01507,V0282,2025-06-16 08:59:00,2025-06-16 09:17:00,2.2,76.4,P001671,5.0,Bangalore
R001672,D0154,C01671,V0064,2025-05-12 15:48:00,2025-05-12 16:11:00,3.35,80.2,P001672,4.5,Hyderabad
R001673,D0104,C01005,V0290,2024-12-11 19:27:00,2024-12-11 19:51:00,5.56,69.48,P001673,4.4,Ahmedabad
R001674,D0132,C00074,V0058,2024-12-10 11:43:00,2024-12-10 12:02:00,3.12,38.72,P001674,4.1,Chennai
R001675,D0088,C00826,V0200,2024-12-17 10:52:00,2024-12-17 11:33:00,8.93,157.16,P001675,4.7,Mumbai
R001676,D0246,C01960,V0079,2024-09-02 11:42:00,2024-09-02 11:57:00,3.19,50.52,P001676,4.3,Mumbai
R001677,D0200,C01353,V0014,2025-02-12 12:39:00,2025-02-12 12:53:00,1.55,39.3,P001677,4.3,Bangalore
R001678,D0176,C01816,V0141,2024-02-28 11:55:00,2024-02-28 12:13:00,2.21,33.26,P001678,5.0,Pune
R001679,D0231,C01195,V0107,2024-12-04 03:00:00,2024-12-04 03:20:00,5.59,107.08,P001679,4.7,Kolkata
R001680,D0256,C00141,V0211,2025-04-12 22:25:00,2025-04-12 22:32:00,1.4,28.4,P001680,4.5,Chennai
R001681,D0021,C00366,V0241,2024-05-22 00:38:00,2024-05-22 01:37:00,15.8,239.6,P001681,4.6,Mumbai
R001682,D0019,C01887,V0250,2024-05-05 16:17:00,2024-05-05 16:35:00,7.01,134.12,P001682,5.0,Chennai
R001683,D0173,C01280,V0188,2024-09-11 11:28:00,2024-09-11 11:50:00,4.09,57.72,P001683,4.9,Bangalore
R001684,D0153,C00488,V0279,2025-05-01 16:26:00,2025-05-01 17:36:00,20.34,284.08,P001684,4.7,Kolkata
R001685,D0170,C01899,V0132,2024-07-11 00:40:00,2024-07-11 01:08:00,4.17,90.04,P001685,5.0,Ahmedabad
R001686,D0239,C01096,V0038,2024-11-25 00:40:00,2024-11-25 00:52:00,1.79,39.32,P001686,4.6,Pune
R001687,D0145,C01621,V0195,2025-01-03 01:51:00,2025-01-03 02:18:00,2.87,47.96,P001687,4.2,Pune
R001688,D0041,C00872,V0141,2024-11-29 21:28:00,2024-11-29 21:40:00,3.03,38.18,P001688,4.4,Delhi
R001689,D0098,C00219,V0187,2024-08-27 19:31:00,2024-08-27 19:58:00,3.35,80.2,P001689,4.6,Delhi
R001690,D0173,C01050,V0188,2025-02-13 23:39:00,2025-02-14 00:11:00,7.76,87.08,P001690,4.5,Bangalore
R001691,D0166,C01809,V0279,2024-03-24 11:27:00,2024-03-24 11:39:00,2.63,71.56,P001691,4.1,Pune
R001692,D0027,C01000,V0126,2025-05-02 21:54:00,2025-05-02 22:06:00,3.29,39.74,P001692,4.9,Ahmedabad
R001693,D0074,C01869,V0267,2024-04-12 23:24:00,2024-04-12 23:40:00,4.12,99.44,P001693,4.9,Chennai
R001694,D0158,C00286,V0266,2024-10-27 19:12:00,2024-10-27 19:24:00,2.4,68.8,P001694,4.9,Chennai
R001695,D0103,C01082,V0235,2024-05-26 16:56:00,2024-05-26 17:00:00,1.28,27.68,P001695,4.3,Ahmedabad
R001696,D0179,C00229,V0299,2025-08-08 22:32:00,2025-08-08 22:48:00,5.24,112.88,P001696,4.6,Ahmedabad
R001697,D0277,C01414,V0084,2024-02-02 04:31:00,2024-02-02 04:51:00,2.52,70.24,P001697,4.9,Bangalore
R001698,D0164,C01453,V0146,2024-03-30 09:53:00,2024-03-30 10:12:00,4.17,68.36,P001698,4.6,Kolkata
R001699,D0144,C00100,V0105,2025-07-15 14:10:00,2025-07-15 14:41:00,6.24,57.44,P001699,4.5,Bangalore
R001700,D0085,C01401,V0225,2025-04-01 03:30:00,2025-04-01 03:45:00,4.53,71.24,P001700,4.5,Chennai
R001701,D0011,C01306,V0218,2025-07-07 07:15:00,2025-07-07 07:57:00,12.71,202.52,P001701,3.4,Bangalore
R001702,D0239,C00638,V0038,2024-08-04 05:48:00,2024-08-04 06:00:00,3.45,62.6,P001702,5.0,Pune
R001703,D0060,C01330,V0084,2024-04-01 03:27:00,2024-04-01 03:38:00,3.23,78.76,P001703,4.6,Hyderabad
R001704,D0283,C01328,V0090,2024-01-30 05:59:00,2024-01-30 06:12:00,1.95,63.4,P001704,5.0,Delhi
R001705,D0057,C01424,V0198,2024-11-30 12:49:00,2024-11-30 13:14:00,4.28,91.36,P001705,4.5,Chennai
R001706,D0172,C01208,V0198,2024-10-14 07:46:00,2024-10-14 08:43:00,14.03,208.36,P001706,5.0,Kolkata
R001707,D0202,C00074,V0043,2024-09-20 21:30:00,2024-09-20 21:57:00,4.86,49.16,P001707,4.5,Hyderabad
R001708,D0242,C00373,V0221,2024-05-06 21:08:00,2024-05-06 21:35:00,6.25,115.0,P001708,4.8,Ahmedabad
R001709,D0287,C00028,V0078,2025-07-01 20:46:00,2025-07-01 20:56:00,1.15,26.9,P001709,4.3,Hyderabad
R001710,D0177,C00136,V0028,2025-05-18 02:50:00,2025-05-18 03:02:00,2.07,32.42,P001710,4.7,Kolkata
R001711,D0200,C01412,V0014,2024-12-06 07:59:00,2024-12-06 08:20:00,2.41,34.46,P001711,4.7,Bangalore
R001712,D0226,C01307,V0183,2025-08-12 19:04:00,2025-08-12 19:19:00,3.41,90.92,P001712,4.8,Ahmedabad
R001713,D0192,C01888,V0070,2024-12-17 12:58:00,2024-12-17 13:15:00,3.12,58.72,P001713,5.0,Kolkata
R001714,D0122,C01861,V0273,2025-01-25 20:41:00,2025-01-25 21:06:00,3.5,41.0,P001714,4.8,Pune
R001715,D0094,C00118,V0113,2025-07-29 13:51:00,2025-07-29 14:12:00,1.89,40.12,P001715,4.7,Chennai
R001716,D0276,C01847,V0012,2024-08-26 07:16:00,2024-08-26 07:38:00,2.78,73.36,P001716,4.8,Chennai
R001717,D0009,C00121,V0058,2024-04-28 09:05:00,2024-04-28 09:22:00,1.99,31.94,P001717,4.7,Delhi
R001718,D0244,C00084,V0244,2024-04-24 02:21:00,2024-04-24 02:33:00,2.67,82.04,P001718,4.7,Bangalore
R001719,D0076,C01375,V0230,2024-07-11 23:07:00,2024-07-11 23:19:00,2.7,82.4,P001719,4.6,Bangalore
R001720,D0118,C01350,V0253,2025-08-09 11:08:00,2025-08-09 11:37:00,7.95,77.7,P001720,4.5,Kolkata
R001721,D0126,C01159,V0290,2024-11-16 12:36:00,2024-11-16 12:54:00,3.18,50.44,P001721,4.6,Delhi
R001722,D0283,C01583,V0090,2024-01-02 09:03:00,2024-01-02 09:10:00,2.32,67.84,P001722,4.6,Delhi
R001723,D0172,C00543,V0198,2025-07-02 06:54:00,2025-07-02 07:08:00,6.67,120.04,P001723,4.5,Kolkata
R001724,D0022,C01838,V0284,2025-02-01 13:20:00,2025-02-01 13:29:00,1.12,53.44,P001724,4.4,Bangalore
R001725,D0140,C01042,V0051,2025-01-08 21:59:00,2025-01-08 22:17:00,1.89,62.68,P001725,4.5,Ahmedabad
R001726,D0252,C01742,V0093,2024-05-09 16:42:00,2024-05-09 17:18:00,8.01,136.12,P001726,4.1,Delhi
R001727,D0122,C00740,V0273,2024-08-15 03:25:00,2024-08-15 03:44:00,3.08,38.48,P001727,4.6,Pune
R001728,D0094,C01039,V0113,2024-01-10 17:54:00,2024-01-10 18:21:00,4.84,63.72,P001728,5.0,Chennai
R001729,D0016,C01061,V0285,2025-04-16 10:09:00,2025-04-16 10:26:00,1.72,60.64,P001729,4.3,Delhi
R001730,D0136,C01405,V0081,2024-10-30 07:31:00,2024-10-30 08:07:00,6.99,80.92,P001730,4.4,Mumbai
R001731,D0118,C01163,V0253,2025-04-11 04:38:00,2025-04-11 05:15:00,11.77,90.62,P001731,4.9,Kolkata
R001732,D0259,C01489,V0239,2024-10-17 04:47:00,2024-10-17 05:00:00,1.06,52.72,P001732,4.0,Mumbai
R001733,D0171,C00523,V0263,2024-02-05 19:20:00,2024-02-05 19:40:00,3.15,38.9,P001733,4.2,Mumbai
R001734,D0137,C00844,V0259,2024-11-12 16:44:00,2024-11-12 16:50:00,3.38,80.56,P001734,4.6,Bangalore
R001735,D0164,C00981,V0146,2024-05-06 08:54:00,2024-05-06 09:10:00,1.49,36.92,P001735,4.1,Kolkata
R001736,D0083,C00422,V0149,2025-08-10 15:40:00,2025-08-10 16:11:00,8.35,150.2,P001736,5.0,Hyderabad
R001737,D0020,C00157,V0227,2024-08-08 15:18:00,2024-08-08 15:52:00,8.92,147.04,P001737,4.7,Hyderabad
R001738,D0219,C01034,V0063,2025-01-20 01:51:00,2025-01-20 02:20:00,5.65,70.2,P001738,4.7,Ahmedabad
R001739,D0106,C01526,V0090,2024-12-07 04:52:00,2024-12-07 05:01:00,2.0,64.0,P001739,4.9,Kolkata
R001740,D0059,C01196,V0187,2024-08-03 23:59:00,2024-08-04 00:17:00,3.29,79.48,P001740,4.7,Ahmedabad
R001741,D0108,C01300,V0105,2024-08-18 22:47:00,2024-08-18 23:00:00,2.35,34.1,P001741,4.3,Delhi
R001742,D0088,C00876,V0200,2024-02-23 05:54:00,2024-02-23 06:10:00,2.43,69.16,P001742,4.3,Mumbai
R001743,D0259,C01298,V0239,2025-05-14 23:25:00,2025-05-14 23:53:00,4.12,99.44,P001743,4.2,Mumbai
R001744,D0249,C01021,V0290,2024-11-02 21:58:00,2024-11-02 22:19:00,4.73,62.84,P001744,4.3,Kolkata
R001745,D0283,C01066,V0090,2024-06-12 00:35:00,2024-06-12 00:47:00,2.29,77.48,P001745,4.5,Delhi
R001746,D0171,C01622,V0263,2025-02-05 10:27:00,2025-02-05 10:44:00,3.24,49.44,P001746,4.0,Mumbai
R001747,D0008,C00366,V0203,2025-04-29 11:48:00,2025-04-29 12:03:00,3.09,38.54,P001747,4.9,Chennai
R001748,D0252,C01514,V0093,2025-02-04 12:04:00,2025-02-04 12:28:00,5.81,109.72,P001748,5.0,Delhi
R001749,D0105,C01202,V0248,2025-06-24 23:18:00,2025-06-25 00:09:00,15.11,145.88,P001749,4.8,Pune
R001750,D0193,C01165,V0157,2024-10-16 22:59:00,2024-10-16 23:14:00,3.5,41.0,P001750,4.6,Hyderabad
R001751,D0189,C01619,V0025,2024-07-18 22:54:00,2024-07-18 23:12:00,4.66,57.96,P001751,4.4,Pune
R001752,D0277,C01665,V0084,2025-07-15 12:06:00,2025-07-15 12:56:00,11.03,172.36,P001752,5.0,Bangalore
R001753,D0296,C01668,V0067,2024-05-14 10:48:00,2024-05-14 11:10:00,7.32,83.56,P001753,4.2,Kolkata
R001754,D0084,C01233,V0261,2025-08-17 01:54:00,2025-08-17 02:28:00,10.9,112.2,P001754,4.1,Chennai
R001755,D0172,C01725,V0198,2024-11-07 14:41:00,2024-11-07 15:06:00,5.41,104.92,P001755,4.9,Kolkata
R001756,D0006,C01155,V0277,2024-06-16 18:08:00,2024-06-16 18:22:00,1.29,55.32,P001756,4.2,Pune
R001757,D0138,C00634,V0027,2025-03-28 22:30:00,2025-03-28 22:44:00,4.16,89.92,P001757,4.9,Delhi
R001758,D0199,C00070,V0282,2024-10-25 04:13:00,2024-10-25 04:45:00,6.1,113.2,P001758,4.6,Chennai
R001759,D0084,C01396,V0261,2024-08-11 23:12:00,2024-08-11 23:35:00,6.35,75.8,P001759,5.0,Chennai
R001760,D0182,C00891,V0120,2024-01-10 11:46:00,2024-01-10 11:54:00,1.88,40.04,P001760,4.3,Chennai
R001761,D0137,C01358,V0259,2025-08-12 03:43:00,2025-08-12 03:54:00,1.66,69.92,P001761,5.0,Bangalore
R001762,D0065,C00389,V0025,2024-05-31 12:27:00,2024-05-31 12:52:00,5.8,54.8,P001762,4.9,Mumbai
R001763,D0023,C01565,V0220,2024-06-21 01:06:00,2024-06-21 01:31:00,3.57,41.42,P001763,4.5,Chennai
R001764,D0282,C01462,V0148,2024-12-30 15:11:00,2024-12-30 15:24:00,3.49,81.88,P001764,4.5,Hyderabad
R001765,D0286,C01668,V0092,2024-02-23 03:32:00,2024-02-23 03:52:00,2.32,43.56,P001765,4.5,Pune
R001766,D0145,C00879,V0195,2024-12-12 18:27:00,2024-12-12 19:05:00,5.32,67.56,P001766,4.9,Pune
R001767,D0263,C00860,V0248,2024-06-01 20:46:00,2024-06-01 21:17:00,5.13,66.04,P001767,4.3,Kolkata
R001768,D0297,C01336,V0282,2025-02-17 07:02:00,2025-02-17 07:31:00,4.19,90.28,P001768,4.6,Bangalore
R001769,D0100,C00121,V0116,2024-05-01 07:25:00,2024-05-01 07:30:00,3.21,49.26,P001769,4.7,Kolkata
R001770,D0235,C00218,V0044,2025-05-15 09:44:00,2025-05-15 09:52:00,1.44,57.28,P001770,4.6,Ahmedabad
R001771,D0265,C00869,V0120,2024-06-25 20:47:00,2024-06-25 21:03:00,3.83,65.64,P001771,5.0,Bangalore
R001772,D0104,C00933,V0290,2025-01-19 22:50:00,2025-01-19 23:08:00,2.33,43.64,P001772,4.8,Ahmedabad
R001773,D0143,C00146,V0084,2024-04-01 14:55:00,2024-04-01 15:20:00,7.24,126.88,P001773,4.6,Chennai
R001774,D0053,C01309,V0112,2025-01-26 08:40:00,2025-01-26 09:00:00,3.62,83.44,P001774,4.7,Bangalore
R001775,D0261,C00204,V0214,2025-03-31 11:00:00,2025-03-31 11:53:00,13.23,99.38,P001775,4.3,Pune
R001776,D0061,C01907,V0232,2024-05-02 03:05:00,2024-05-02 03:28:00,4.85,98.2,P001776,4.2,Pune
R001777,D0013,C00496,V0006,2024-05-04 15:41:00,2024-05-04 15:48:00,2.72,46.76,P001777,4.7,Ahmedabad
R001778,D0188,C00055,V0074,2025-06-05 07:01:00,2025-06-05 07:16:00,6.45,117.4,P001778,4.4,Kolkata
R001779,D0187,C01467,V0192,2025-08-23 18:36:00,2025-08-23 19:04:00,6.9,61.4,P001779,4.7,Delhi
R001780,D0068,C00408,V0258,2025-05-06 08:44:00,2025-05-06 09:19:00,8.89,96.12,P001780,4.6,Ahmedabad
R001781,D0016,C01929,V0285,2024-04-06 18:11:00,2024-04-06 18:23:00,0.89,50.68,P001781,3.6,Delhi
R001782,D0175,C00667,V0202,2025-01-28 15:41:00,2025-01-28 16:13:00,5.42,105.04,P001782,5.0,Bangalore
R001783,D0159,C01329,V0080,2025-03-20 09:36:00,2025-03-20 09:55:00,5.3,67.4,P001783,4.7,Bangalore
R001784,D0205,C00916,V0166,2024-05-08 03:20:00,2024-05-08 03:28:00,1.03,52.36,P001784,4.9,Bangalore
R001785,D0219,C00378,V0063,2024-03-06 22:58:00,2024-03-06 23:40:00,8.06,99.48,P001785,4.3,Ahmedabad
R001786,D0293,C01825,V0198,2025-07-04 05:25:00,2025-07-04 05:40:00,2.34,68.08,P001786,4.2,Hyderabad
R001787,D0122,C00125,V0273,2024-01-21 12:35:00,2024-01-21 12:46:00,1.92,31.52,P001787,4.5,Pune
R001788,D0019,C00303,V0250,2025-07-03 16:31:00,2025-07-03 16:37:00,2.17,66.04,P001788,5.0,Chennai
R001789,D0137,C00617,V0259,2024-03-06 16:53:00,2024-03-06 17:06:00,2.04,64.48,P001789,3.9,Bangalore
R001790,D0277,C00350,V0084,2025-08-21 17:45:00,2025-08-21 18:11:00,4.58,94.96,P001790,4.7,Bangalore
R001791,D0166,C00681,V0279,2024-05-07 06:42:00,2024-05-07 07:00:00,1.65,59.8,P001791,4.1,Pune
R001792,D0271,C01264,V0166,2024-04-30 05:55:00,2024-04-30 06:31:00,8.9,156.8,P001792,4.8,Mumbai
R001793,D0152,C01579,V0015,2024-07-03 00:35:00,2024-07-03 01:06:00,6.95,80.6,P001793,4.6,Chennai
R001794,D0298,C00271,V0294,2025-04-02 10:07:00,2025-04-02 10:29:00,3.23,78.76,P001794,5.0,Hyderabad
R001795,D0257,C00115,V0127,2024-02-10 04:36:00,2024-02-10 05:05:00,6.76,131.12,P001795,5.0,Kolkata
R001796,D0214,C00192,V0186,2024-07-30 20:10:00,2024-07-30 20:33:00,4.1,89.2,P001796,3.9,Pune
R001797,D0126,C01685,V0290,2024-03-30 17:16:00,2024-03-30 17:34:00,2.71,46.68,P001797,4.2,Delhi
R001798,D0149,C00500,V0192,2024-02-05 02:07:00,2024-02-05 02:33:00,4.15,44.9,P001798,4.8,Ahmedabad
R001799,D0001,C01350,V0080,2025-06-02 09:23:00,2025-06-02 10:00:00,5.42,68.36,P001799,4.6,Bangalore
R001800,D0064,C00415,V0296,2025-07-11 05:27:00,2025-07-11 05:35:00,2.06,32.36,P001800,5.0,Chennai
R001801,D0085,C01260,V0225,2024-01-01 07:19:00,2024-01-01 07:22:00,0.64,30.12,P001801,4.8,Chennai
R001802,D0023,C00761,V0220,2024-02-17 16:57:00,2024-02-17 17:14:00,1.62,29.72,P001802,4.2,Chennai
R001803,D0166,C00185,V0279,2024-10-27 21:34:00,2024-10-27 21:37:00,1.44,57.28,P001803,5.0,Pune
R001804,D0093,C01351,V0255,2025-03-31 04:36:00,2025-03-31 04:52:00,1.19,54.28,P001804,4.4,Ahmedabad
R001805,D0027,C00360,V0126,2025-05-17 22:20:00,2025-05-17 22:37:00,2.32,33.92,P001805,5.0,Ahmedabad
R001806,D0248,C01459,V0124,2025-06-19 11:38:00,2025-06-19 12:09:00,9.29,161.48,P001806,4.7,Kolkata
R001807,D0256,C00300,V0211,2025-07-05 16:13:00,2025-07-05 16:36:00,6.66,59.96,P001807,5.0,Chennai
R001808,D0116,C00709,V0057,2024-04-11 21:52:00,2024-04-11 22:21:00,7.04,81.32,P001808,4.5,Bangalore
R001809,D0223,C00743,V0299,2024-02-15 07:02:00,2024-02-15 07:24:00,3.6,83.2,P001809,5.0,Hyderabad
R001810,D0160,C00668,V0102,2024-07-11 04:19:00,2024-07-11 04:48:00,7.14,82.12,P001810,5.0,Chennai
R001811,D0205,C01995,V0166,2024-08-08 04:38:00,2024-08-08 04:49:00,1.58,58.96,P001811,4.1,Bangalore
R001812,D0241,C01735,V0277,2025-07-19 06:37:00,2025-07-19 07:11:00,7.25,83.0,P001812,4.4,Pune
R001813,D0167,C00232,V0088,2025-01-02 08:08:00,2025-01-02 08:19:00,2.5,45.0,P001813,5.0,Mumbai
R001814,D0093,C01236,V0255,2025-03-08 02:35:00,2025-03-08 03:15:00,9.83,157.96,P001814,4.5,Ahmedabad
R001815,D0299,C01177,V0280,2024-09-18 08:24:00,2024-09-18 08:45:00,3.97,107.64,P001815,4.0,Mumbai
R001816,D0001,C00951,V0080,2024-06-16 12:29:00,2024-06-16 12:44:00,3.67,54.36,P001816,4.6,Bangalore
R001817,D0133,C01544,V0080,2024-03-26 08:43:00,2024-03-26 09:09:00,7.87,87.96,P001817,5.0,Pune
R001818,D0232,C01579,V0160,2025-03-11 22:09:00,2025-03-11 22:19:00,1.35,48.1,P001818,4.5,Ahmedabad
R001819,D0259,C01060,V0239,2025-07-02 06:04:00,2025-07-02 06:16:00,2.49,69.88,P001819,3.9,Mumbai
R001820,D0022,C00667,V0284,2024-10-02 20:44:00,2024-10-02 20:57:00,3.19,78.28,P001820,4.8,Bangalore
R001821,D0173,C00164,V0188,2024-07-16 22:23:00,2024-07-16 22:37:00,2.79,47.32,P001821,4.9,Bangalore
R001822,D0122,C00928,V0273,2025-07-31 21:41:00,2025-07-31 22:03:00,3.05,38.3,P001822,4.6,Pune
R001823,D0235,C00689,V0044,2025-06-07 19:10:00,2025-06-07 19:21:00,0.82,49.84,P001823,5.0,Ahmedabad
R001824,D0117,C01269,V0021,2025-03-05 04:20:00,2025-03-05 04:39:00,1.4,66.8,P001824,5.0,Hyderabad
R001825,D0177,C00656,V0028,2025-03-20 12:01:00,2025-03-20 12:17:00,2.63,35.78,P001825,4.4,Kolkata
R001826,D0244,C01113,V0244,2024-09-10 02:17:00,2024-09-10 02:41:00,4.3,91.6,P001826,5.0,Bangalore
R001827,D0190,C00176,V0066,2024-05-07 17:07:00,2024-05-07 17:34:00,3.77,52.62,P001827,4.3,Mumbai
R001828,D0150,C00896,V0102,2025-07-15 13:04:00,2025-07-15 13:14:00,0.71,30.68,P001828,4.3,Delhi
R001829,D0150,C00148,V0102,2024-12-03 20:05:00,2024-12-03 20:37:00,3.99,56.92,P001829,4.6,Delhi
R001830,D0296,C01145,V0067,2025-01-06 10:49:00,2025-01-06 11:06:00,2.54,45.32,P001830,5.0,Kolkata
R001831,D0087,C00720,V0219,2024-10-06 04:55:00,2024-10-06 05:07:00,1.68,80.16,P001831,4.5,Hyderabad
R001832,D0254,C00042,V0110,2024-08-19 08:00:00,2024-08-19 08:16:00,3.97,87.64,P001832,4.9,Bangalore
R001833,D0072,C01444,V0184,2024-04-10 12:14:00,2024-04-10 12:53:00,7.54,130.48,P001833,4.2,Mumbai
R001834,D0016,C01679,V0285,2025-01-22 03:50:00,2025-01-22 04:30:00,11.26,185.12,P001834,4.7,Delhi
R001835,D0168,C00334,V0007,2024-05-06 05:33:00,2024-05-06 06:06:00,9.05,74.3,P001835,4.3,Ahmedabad
R001836,D0150,C01652,V0102,2024-11-09 18:52:00,2024-11-09 19:12:00,3.24,60.92,P001836,5.0,Delhi
R001837,D0282,C00994,V0148,2025-05-16 03:33:00,2025-05-16 03:46:00,2.31,67.72,P001837,4.4,Hyderabad
R001838,D0296,C00828,V0067,2024-12-23 22:36:00,2024-12-23 22:56:00,3.72,54.76,P001838,4.6,Kolkata
R001839,D0209,C00071,V0239,2024-10-15 17:17:00,2024-10-15 17:28:00,2.34,68.08,P001839,5.0,Mumbai
R001840,D0261,C01214,V0214,2024-04-11 01:10:00,2024-04-11 01:31:00,2.44,44.64,P001840,5.0,Pune
R001841,D0286,C01097,V0092,2024-11-21 12:11:00,2024-11-21 12:27:00,5.01,65.08,P001841,4.5,Pune
R001842,D0298,C00620,V0294,2024-12-19 23:43:00,2024-12-19 23:55:00,2.55,90.6,P001842,4.9,Hyderabad
R001843,D0202,C00455,V0043,2025-06-28 17:38:00,2025-06-28 18:11:00,9.25,75.5,P001843,4.5,Hyderabad
R001844,D0290,C01795,V0102,2025-02-16 15:37:00,2025-02-16 16:00:00,2.91,58.28,P001844,4.4,Delhi
R001845,D0098,C00186,V0187,2024-05-10 08:00:00,2024-05-10 08:11:00,3.27,79.24,P001845,4.4,Delhi
R001846,D0173,C01832,V0188,2025-06-09 22:09:00,2025-06-09 22:36:00,5.48,68.84,P001846,4.5,Bangalore
R001847,D0012,C01721,V0075,2024-05-09 04:24:00,2024-05-09 05:28:00,18.41,172.28,P001847,4.4,Delhi
R001848,D0237,C01883,V0023,2025-08-04 23:17:00,2025-08-04 23:26:00,1.04,33.32,P001848,4.8,Ahmedabad
R001849,D0198,C01052,V0010,2024-02-24 23:40:00,2024-02-24 23:58:00,1.68,60.16,P001849,4.9,Hyderabad
R001850,D0031,C00549,V0263,2025-01-14 22:49:00,2025-01-14 23:23:00,9.03,74.18,P001850,5.0,Mumbai
R001851,D0198,C00109,V0010,2024-09-12 21:38:00,2024-09-12 22:05:00,6.85,122.2,P001851,4.6,Hyderabad
R001852,D0234,C01658,V0158,2025-03-04 22:29:00,2025-03-04 22:34:00,2.35,43.8,P001852,4.0,Delhi
R001853,D0016,C01004,V0285,2024-07-06 14:22:00,2024-07-06 14:53:00,7.23,146.76,P001853,4.9,Delhi
R001854,D0213,C01701,V0009,2025-04-24 16:18:00,2025-04-24 16:31:00,2.72,72.64,P001854,4.8,Pune
R001855,D0254,C01896,V0110,2024-10-09 13:33:00,2024-10-09 14:03:00,6.73,120.76,P001855,4.5,Bangalore
R001856,D0123,C00728,V0247,2024-08-22 09:40:00,2024-08-22 09:56:00,1.38,36.04,P001856,4.6,Pune
R001857,D0147,C01687,V0153,2024-03-30 09:26:00,2024-03-30 10:06:00,10.18,81.08,P001857,4.6,Ahmedabad
R001858,D0047,C01699,V0054,2024-11-16 02:40:00,2024-11-16 03:04:00,6.61,139.32,P001858,4.0,Chennai
R001859,D0231,C01972,V0107,2024-03-22 02:46:00,2024-03-22 02:58:00,3.01,86.12,P001859,4.8,Kolkata
R001860,D0064,C01407,V0296,2024-09-02 02:10:00,2024-09-02 02:33:00,5.77,54.62,P001860,4.3,Chennai
R001861,D0096,C01819,V0145,2025-08-12 01:05:00,2025-08-12 01:14:00,2.06,64.72,P001861,5.0,Delhi
R001862,D0050,C01015,V0033,2024-10-19 17:59:00,2024-10-19 18:12:00,1.18,54.16,P001862,4.5,Kolkata
R001863,D0015,C01635,V0216,2025-05-19 00:27:00,2025-05-19 01:16:00,6.47,96.76,P001863,4.7,Delhi
R001864,D0062,C01244,V0241,2025-06-04 23:08:00,2025-06-04 23:40:00,10.69,168.28,P001864,4.6,Hyderabad
R001865,D0271,C01425,V0166,2025-05-06 15:32:00,2025-05-06 15:47:00,3.99,87.88,P001865,4.0,Mumbai
R001866,D0052,C00699,V0059,2025-06-29 22:07:00,2025-06-29 22:23:00,3.51,102.12,P001866,4.7,Chennai
R001867,D0137,C01244,V0259,2025-02-19 00:39:00,2025-02-19 01:20:00,12.14,185.68,P001867,4.0,Bangalore
R001868,D0230,C01027,V0052,2024-07-13 23:00:00,2024-07-13 23:30:00,6.32,115.84,P001868,5.0,Chennai
R001869,D0049,C01117,V0057,2025-03-11 22:34:00,2025-03-11 22:53:00,6.29,85.32,P001869,4.1,Chennai
R001870,D0273,C00691,V0261,2024-12-19 07:47:00,2024-12-19 08:21:00,8.46,92.68,P001870,4.3,Chennai
R001871,D0187,C01845,V0192,2025-06-24 21:38:00,2025-06-24 21:56:00,3.24,39.44,P001871,4.7,Delhi
R001872,D0297,C01050,V0282,2024-02-13 19:28:00,2024-02-13 19:44:00,3.82,85.84,P001872,4.7,Bangalore
R001873,D0164,C00280,V0146,2024-06-21 21:59:00,2024-06-21 22:27:00,5.75,91.0,P001873,3.7,Kolkata
R001874,D0210,C01886,V0295,2025-06-20 07:11:00,2025-06-20 07:30:00,6.39,116.68,P001874,4.2,Chennai
R001875,D0065,C01978,V0025,2024-03-17 11:53:00,2024-03-17 12:16:00,5.3,51.8,P001875,4.1,Mumbai
R001876,D0028,C00659,V0240,2024-05-16 16:22:00,2024-05-16 16:46:00,3.77,85.24,P001876,4.3,Bangalore
R001877,D0245,C01585,V0172,2024-02-22 13:31:00,2024-02-22 13:58:00,9.81,157.72,P001877,4.9,Bangalore
R001878,D0091,C01568,V0293,2025-01-23 05:23:00,2025-01-23 05:39:00,3.52,82.24,P001878,4.6,Bangalore
R001879,D0081,C00217,V0049,2024-04-25 10:58:00,2024-04-25 11:04:00,1.01,26.06,P001879,3.9,Delhi
R001880,D0068,C01688,V0258,2024-09-12 17:54:00,2024-09-12 18:14:00,4.19,58.52,P001880,4.1,Ahmedabad
R001881,D0206,C01256,V0214,2024-04-30 09:19:00,2024-04-30 09:34:00,2.03,42.18,P001881,5.0,Delhi
R001882,D0252,C01317,V0093,2025-05-09 09:16:00,2025-05-09 09:35:00,3.67,84.04,P001882,5.0,Delhi
R001883,D0136,C00586,V0081,2024-08-06 00:47:00,2024-08-06 01:06:00,2.17,42.36,P001883,4.0,Mumbai
R001884,D0119,C01209,V0044,2025-08-05 12:13:00,2025-08-05 12:48:00,6.56,118.72,P001884,4.8,Bangalore
R001885,D0166,C01621,V0279,2024-11-08 20:32:00,2024-11-08 20:47:00,3.54,82.48,P001885,4.4,Pune
R001886,D0221,C01375,V0220,2024-02-06 14:57:00,2024-02-06 16:08:00,17.63,125.78,P001886,5.0,Delhi
R001887,D0215,C01611,V0188,2025-05-14 01:22:00,2025-05-14 01:59:00,8.2,90.6,P001887,4.3,Mumbai
R001888,D0055,C01740,V0237,2024-01-07 19:29:00,2024-01-07 19:53:00,5.11,101.32,P001888,4.7,Chennai
R001889,D0289,C01756,V0187,2024-12-02 09:22:00,2024-12-02 09:45:00,4.53,104.36,P001889,4.5,Mumbai
R001890,D0108,C00788,V0105,2024-04-19 00:22:00,2024-04-19 00:40:00,2.61,55.66,P001890,5.0,Delhi
R001891,D0186,C01764,V0257,2024-07-09 12:22:00,2024-07-09 12:34:00,3.09,49.72,P001891,4.6,Bangalore
R001892,D0247,C01899,V0258,2024-01-10 03:27:00,2024-01-10 04:02:00,9.0,97.0,P001892,4.9,Pune
R001893,D0124,C00068,V0088,2025-05-18 06:05:00,2025-05-18 06:29:00,6.14,94.12,P001893,4.7,Hyderabad
R001894,D0260,C01315,V0070,2025-06-25 16:57:00,2025-06-25 17:15:00,4.09,44.54,P001894,4.6,Chennai
R001895,D0275,C00907,V0051,2024-06-06 13:07:00,2024-06-06 13:22:00,1.25,55.0,P001895,4.9,Ahmedabad
R001896,D0155,C00467,V0272,2025-05-14 00:09:00,2025-05-14 00:18:00,2.43,34.58,P001896,4.6,Ahmedabad
R001897,D0047,C01109,V0054,2024-09-13 07:30:00,2024-09-13 07:51:00,1.08,52.96,P001897,4.9,Chennai
R001898,D0177,C01887,V0028,2025-02-08 11:19:00,2025-02-08 11:30:00,1.51,29.06,P001898,4.2,Kolkata
R001899,D0169,C01447,V0019,2025-01-08 13:57:00,2025-01-08 14:12:00,1.17,54.04,P001899,4.9,Pune
R001900,D0019,C00570,V0250,2024-07-05 17:51:00,2024-07-05 18:06:00,2.74,72.88,P001900,4.7,Chennai
R001901,D0011,C00762,V0218,2024-10-02 03:28:00,2024-10-02 03:39:00,1.23,54.76,P001901,4.5,Bangalore
R001902,D0169,C01085,V0019,2025-03-25 05:08:00,2025-03-25 05:20:00,1.62,69.44,P001902,4.3,Pune
R001903,D0001,C01308,V0080,2024-12-28 23:27:00,2024-12-28 23:42:00,6.43,76.44,P001903,4.4,Bangalore
R001904,D0129,C00915,V0300,2024-01-06 11:56:00,2024-01-06 12:09:00,1.8,61.6,P001904,4.5,Mumbai
R001905,D0070,C00126,V0283,2024-07-22 03:12:00,2024-07-22 03:33:00,1.59,69.08,P001905,4.7,Kolkata
R001906,D0239,C00296,V0038,2024-10-18 01:08:00,2024-10-18 01:15:00,2.03,41.24,P001906,5.0,Pune
R001907,D0162,C01266,V0020,2025-02-08 13:47:00,2025-02-08 13:59:00,1.76,61.12,P001907,5.0,Mumbai
R001908,D0012,C00540,V0075,2024-12-05 01:10:00,2024-12-05 01:24:00,1.21,34.68,P001908,5.0,Delhi
R001909,D0237,C01890,V0023,2024-07-22 15:42:00,2024-07-22 16:13:00,8.89,96.12,P001909,5.0,Ahmedabad
R001910,D0206,C01207,V0214,2024-09-29 03:26:00,2024-09-29 03:40:00,1.78,30.68,P001910,5.0,Delhi
R001911,D0222,C00398,V0051,2025-05-15 17:31:00,2025-05-15 17:49:00,1.85,62.2,P001911,4.4,Chennai
R001912,D0003,C01298,V0159,2024-05-10 10:48:00,2024-05-10 11:01:00,4.16,89.92,P001912,4.6,Delhi
R001913,D0239,C01280,V0038,2025-02-13 16:46:00,2025-02-13 17:08:00,4.65,62.2,P001913,5.0,Pune
R001914,D0140,C01755,V0051,2025-02-02 04:07:00,2025-02-02 04:42:00,6.61,119.32,P001914,4.4,Ahmedabad
R001915,D0164,C01277,V0146,2024-04-20 00:08:00,2024-04-20 00:30:00,4.5,61.0,P001915,4.3,Kolkata
R001916,D0006,C00994,V0277,2024-06-08 11:32:00,2024-06-08 11:50:00,3.52,53.16,P001916,5.0,Pune
R001917,D0023,C01425,V0220,2024-01-14 21:15:00,2024-01-14 21:30:00,3.08,38.48,P001917,4.9,Chennai
R001918,D0007,C00479,V0031,2024-02-23 21:53:00,2024-02-23 22:27:00,5.02,50.12,P001918,4.1,Ahmedabad
R001919,D0218,C01018,V0221,2024-12-16 13:38:00,2024-12-16 14:08:00,4.22,90.64,P001919,5.0,Bangalore
R001920,D0078,C00510,V0047,2024-01-09 13:30:00,2024-01-09 13:48:00,3.89,66.12,P001920,4.9,Bangalore
R001921,D0213,C01767,V0009,2024-10-23 09:31:00,2024-10-23 09:55:00,4.0,88.0,P001921,4.5,Pune
R001922,D0119,C01387,V0044,2024-03-25 13:15:00,2024-03-25 13:35:00,2.76,73.12,P001922,5.0,Bangalore
R001923,D0077,C01824,V0276,2024-06-05 23:32:00,2024-06-05 23:56:00,6.39,116.68,P001923,4.7,Chennai
R001924,D0050,C01949,V0033,2024-07-10 07:17:00,2024-07-10 08:00:00,11.17,174.04,P001924,4.4,Kolkata
R001925,D0220,C01154,V0088,2024-04-27 08:44:00,2024-04-27 08:50:00,1.83,39.64,P001925,5.0,Bangalore
R001926,D0198,C01441,V0010,2024-09-10 21:52:00,2024-09-10 22:14:00,3.06,86.72,P001926,4.5,Hyderabad
R001927,D0141,C00055,V0240,2025-03-15 06:30:00,2025-03-15 07:02:00,4.43,93.16,P001927,4.3,Ahmedabad
R001928,D0226,C01988,V0183,2024-04-15 22:46:00,2024-04-15 23:12:00,5.9,110.8,P001928,5.0,Ahmedabad
R001929,D0151,C01562,V0270,2025-05-29 19:11:00,2025-05-29 19:33:00,3.59,53.72,P001929,5.0,Pune
R001930,D0171,C00340,V0263,2024-07-12 18:40:00,2024-07-12 19:04:00,2.97,37.82,P001930,4.0,Mumbai
R001931,D0088,C01757,V0200,2024-06-01 07:07:00,2024-06-01 07:35:00,6.86,122.32,P001931,4.2,Mumbai
R001932,D0030,C01216,V0164,2024-05-15 12:02:00,2024-05-15 12:22:00,3.38,40.28,P001932,4.5,Hyderabad
R001933,D0108,C00572,V0105,2024-10-07 06:59:00,2024-10-07 07:18:00,3.61,41.66,P001933,4.4,Delhi
R001934,D0206,C00322,V0214,2024-05-29 13:01:00,2024-05-29 13:25:00,7.33,63.98,P001934,4.5,Delhi
R001935,D0291,C01802,V0051,2024-07-23 02:55:00,2024-07-23 03:22:00,2.29,67.48,P001935,5.0,Bangalore
R001936,D0220,C01171,V0088,2024-02-22 12:26:00,2024-02-22 12:46:00,3.67,54.36,P001936,4.6,Bangalore
R001937,D0087,C00483,V0219,2025-06-21 09:44:00,2025-06-21 10:21:00,9.03,148.36,P001937,4.8,Hyderabad
R001938,D0290,C01496,V0102,2024-08-24 07:21:00,2024-08-24 07:57:00,6.18,84.44,P001938,4.6,Delhi
R001939,D0248,C00555,V0124,2025-03-12 15:03:00,2025-03-12 15:18:00,3.54,92.48,P001939,4.4,Kolkata
R001940,D0270,C01941,V0127,2025-06-06 13:41:00,2025-06-06 14:05:00,4.07,88.84,P001940,4.8,Bangalore
R001941,D0139,C00074,V0084,2024-02-22 09:07:00,2024-02-22 09:25:00,3.79,85.48,P001941,4.8,Mumbai
R001942,D0042,C01583,V0291,2024-10-02 11:17:00,2024-10-02 11:42:00,6.21,114.52,P001942,5.0,Bangalore
R001943,D0207,C00295,V0110,2024-12-25 22:26:00,2024-12-25 22:58:00,5.45,105.4,P001943,4.6,Pune
R001944,D0109,C00736,V0152,2024-09-09 10:57:00,2024-09-09 11:17:00,5.84,71.72,P001944,5.0,Delhi
R001945,D0067,C01359,V0199,2024-02-18 05:02:00,2024-02-18 05:22:00,1.84,62.08,P001945,4.0,Mumbai
R001946,D0270,C00212,V0127,2024-01-01 01:42:00,2024-01-01 02:04:00,2.85,74.2,P001946,4.2,Bangalore
R001947,D0020,C00635,V0227,2024-11-25 06:18:00,2024-11-25 06:30:00,1.33,55.96,P001947,5.0,Hyderabad
R001948,D0236,C01623,V0150,2025-04-28 08:58:00,2025-04-28 09:14:00,2.91,48.28,P001948,3.9,Kolkata
R001949,D0253,C01860,V0158,2024-04-13 13:11:00,2024-04-13 13:49:00,9.89,104.12,P001949,5.0,Ahmedabad
R001950,D0271,C01371,V0166,2024-09-15 15:23:00,2024-09-15 15:30:00,1.22,54.64,P001950,4.2,Mumbai
R001951,D0265,C00527,V0120,2024-12-08 09:07:00,2024-12-08 09:30:00,3.25,61.0,P001951,4.1,Bangalore
R001952,D0047,C00253,V0054,2024-04-09 21:00:00,2024-04-09 21:18:00,3.77,85.24,P001952,5.0,Chennai
R001953,D0259,C00506,V0239,2025-07-19 04:21:00,2025-07-19 04:29:00,1.31,65.72,P001953,4.8,Mumbai
R001954,D0165,C01315,V0010,2025-01-04 23:51:00,2025-01-04 23:54:00,0.94,51.28,P001954,5.0,Delhi
R001955,D0010,C01621,V0097,2025-01-05 23:49:00,2025-01-06 00:35:00,14.56,234.72,P001955,5.0,Delhi
R001956,D0195,C01319,V0247,2025-06-25 19:23:00,2025-06-25 19:34:00,2.27,43.16,P001956,4.7,Ahmedabad
R001957,D0175,C00933,V0202,2024-08-31 20:17:00,2024-08-31 20:34:00,2.44,69.28,P001957,4.8,Bangalore
R001958,D0059,C00223,V0187,2024-08-03 18:24:00,2024-08-03 18:47:00,4.35,92.2,P001958,4.7,Ahmedabad
R001959,D0112,C01461,V0229,2024-03-30 03:08:00,2024-03-30 03:45:00,9.8,78.8,P001959,4.1,Kolkata
R001960,D0101,C01966,V0274,2024-05-03 01:37:00,2024-05-03 01:59:00,3.08,76.96,P001960,4.7,Chennai
R001961,D0005,C00096,V0047,2024-07-14 06:45:00,2024-07-14 06:59:00,1.63,38.04,P001961,4.7,Pune
R001962,D0288,C00983,V0214,2025-04-01 03:04:00,2025-04-01 03:27:00,3.62,41.72,P001962,4.4,Kolkata
R001963,D0081,C01876,V0049,2025-07-13 19:21:00,2025-07-13 19:43:00,3.64,41.84,P001963,3.9,Delhi
R001964,D0093,C01841,V0255,2024-11-04 23:30:00,2024-11-04 23:53:00,7.16,125.92,P001964,5.0,Ahmedabad
R001965,D0238,C01703,V0110,2024-07-25 17:46:00,2024-07-25 18:13:00,5.07,100.84,P001965,4.9,Kolkata
R001966,D0081,C01546,V0049,2024-06-06 01:08:00,2024-06-06 01:40:00,9.02,74.12,P001966,4.1,Delhi
R001967,D0173,C00655,V0188,2024-07-15 13:35:00,2024-07-15 14:01:00,6.87,79.96,P001967,4.8,Bangalore
R001968,D0272,C01790,V0288,2024-09-15 17:22:00,2024-09-15 17:57:00,9.97,79.82,P001968,4.7,Hyderabad
R001969,D0288,C00950,V0214,2025-01-09 14:40:00,2025-01-09 15:03:00,3.7,42.2,P001969,4.4,Kolkata
R001970,D0178,C00911,V0112,2024-04-30 13:04:00,2024-04-30 13:41:00,10.04,160.48,P001970,5.0,Bangalore
R001971,D0054,C00910,V0283,2025-05-09 13:33:00,2025-05-09 13:39:00,1.64,69.68,P001971,5.0,Mumbai
R001972,D0278,C00977,V0214,2025-05-30 00:10:00,2025-05-30 00:28:00,1.86,31.16,P001972,4.6,Kolkata
R001973,D0297,C00477,V0282,2024-10-07 22:08:00,2024-10-07 22:28:00,4.79,97.48,P001973,4.5,Bangalore
R001974,D0025,C00910,V0217,2024-10-23 01:36:00,2024-10-23 01:45:00,1.83,40.98,P001974,4.9,Pune
R001975,D0021,C00654,V0241,2024-03-03 22:12:00,2024-03-03 22:37:00,2.58,80.96,P001975,4.2,Mumbai
R001976,D0162,C01227,V0020,2025-02-11 15:43:00,2025-02-11 16:04:00,3.84,86.08,P001976,5.0,Mumbai
R001977,D0051,C00626,V0123,2025-06-29 16:04:00,2025-06-29 16:35:00,8.8,155.6,P001977,4.8,Delhi
R001978,D0083,C01611,V0149,2024-06-18 14:48:00,2024-06-18 15:05:00,3.24,78.88,P001978,4.4,Hyderabad
R001979,D0262,C01922,V0293,2025-06-05 12:35:00,2025-06-05 13:18:00,10.22,162.64,P001979,3.8,Mumbai
R001980,D0186,C00327,V0257,2025-02-03 12:38:00,2025-02-03 12:47:00,2.22,52.76,P001980,5.0,Bangalore
R001981,D0029,C00973,V0069,2024-10-05 06:11:00,2024-10-05 06:26:00,2.38,34.28,P001981,4.4,Ahmedabad
R001982,D0210,C01238,V0295,2024-01-04 05:36:00,2024-01-04 05:58:00,5.59,107.08,P001982,5.0,Chennai
R001983,D0286,C01981,V0092,2024-08-11 18:44:00,2024-08-11 18:56:00,1.81,39.48,P001983,4.8,Pune
R001984,D0130,C01298,V0215,2024-01-10 16:29:00,2024-01-10 16:59:00,5.66,70.28,P001984,3.9,Hyderabad
R001985,D0093,C00954,V0255,2025-05-30 22:46:00,2025-05-30 23:14:00,4.54,94.48,P001985,4.7,Ahmedabad
R001986,D0002,C00725,V0119,2025-06-21 08:19:00,2025-06-21 08:58:00,10.55,83.3,P001986,3.8,Delhi
R001987,D0252,C01198,V0093,2024-08-13 09:45:00,2024-08-13 10:06:00,3.92,87.04,P001987,4.8,Delhi
R001988,D0019,C01854,V0250,2024-10-01 17:07:00,2024-10-01 17:44:00,11.36,176.32,P001988,4.6,Chennai
R001989,D0256,C00169,V0211,2024-06-24 07:02:00,2024-06-24 07:30:00,3.39,40.34,P001989,4.7,Chennai
R001990,D0209,C01974,V0239,2025-06-30 07:18:00,2025-06-30 08:13:00,15.64,227.68,P001990,4.6,Mumbai
R001991,D0188,C00889,V0074,2024-02-10 20:09:00,2024-02-10 20:23:00,3.84,86.08,P001991,4.8,Kolkata
R001992,D0169,C01877,V0019,2024-10-11 04:17:00,2024-10-11 04:41:00,5.51,106.12,P001992,4.0,Pune
R001993,D0278,C01760,V0214,2024-02-22 20:15:00,2024-02-22 20:28:00,0.68,24.08,P001993,3.7,Kolkata
R001994,D0150,C01835,V0102,2024-08-03 17:07:00,2024-08-03 17:20:00,1.48,36.84,P001994,4.7,Delhi
R001995,D0231,C00335,V0107,2024-01-02 20:22:00,2024-01-02 20:40:00,2.97,75.64,P001995,5.0,Kolkata
R001996,D0063,C00034,V0033,2025-01-12 10:05:00,2025-01-12 10:20:00,1.43,67.16,P001996,4.7,Delhi
R001997,D0211,C00876,V0150,2025-07-16 08:46:00,2025-07-16 08:54:00,2.89,48.12,P001997,5.0,Bangalore
R001998,D0121,C01973,V0192,2024-05-16 13:57:00,2024-05-16 14:50:00,13.48,100.88,P001998,4.9,Kolkata
R001999,D0078,C01737,V0047,2024-10-28 10:03:00,2024-10-28 10:17:00,3.85,55.8,P001999,4.8,Bangalore
R002000,D0118,C01570,V0253,2024-01-11 11:14:00,2024-01-11 11:29:00,1.27,27.62,P002000,4.8,Kolkata
R002001,D0051,C01310,V0123,2024-10-13 05:16:00,2024-10-13 05:45:00,7.75,133.0,P002001,4.8,Delhi
R002002,D0143,C01579,V0084,2024-01-17 17:42:00,2024-01-17 17:57:00,3.51,82.12,P002002,5.0,Chennai
R002003,D0093,C00672,V0255,2025-08-20 03:46:00,2025-08-20 04:19:00,8.42,141.04,P002003,4.5,Ahmedabad
R002004,D0238,C00817,V0110,2025-01-26 20:16:00,2025-01-26 20:28:00,2.31,67.72,P002004,4.6,Kolkata
R002005,D0277,C01498,V0084,2025-07-18 06:52:00,2025-07-18 07:22:00,5.78,119.36,P002005,5.0,Bangalore
R002006,D0032,C01257,V0015,2025-03-28 07:20:00,2025-03-28 07:28:00,1.91,60.28,P002006,4.8,Bangalore
R002007,D0202,C00276,V0043,2024-10-02 06:37:00,2024-10-02 06:40:00,0.92,25.52,P002007,4.5,Hyderabad
R002008,D0222,C00625,V0051,2025-02-08 04:28:00,2025-02-08 04:55:00,7.11,125.32,P002008,4.0,Chennai
R002009,D0062,C01848,V0241,2024-08-25 23:46:00,2024-08-26 00:16:00,6.78,131.36,P002009,3.8,Hyderabad
R002010,D0047,C00072,V0054,2025-03-20 11:09:00,2025-03-20 12:13:00,17.42,249.04,P002010,3.7,Chennai
R002011,D0136,C01497,V0081,2025-05-05 02:31:00,2025-05-05 02:53:00,3.59,53.72,P002011,5.0,Mumbai
R002012,D0012,C00902,V0075,2024-07-04 14:11:00,2024-07-04 14:36:00,8.46,92.68,P002012,3.9,Delhi
R002013,D0200,C01889,V0014,2024-06-29 06:36:00,2024-06-29 06:59:00,0.88,25.28,P002013,4.1,Bangalore
R002014,D0231,C01180,V0107,2025-05-17 23:11:00,2025-05-17 23:22:00,1.3,55.6,P002014,4.0,Kolkata
R002015,D0264,C01027,V0097,2024-10-15 00:19:00,2024-10-15 00:46:00,4.29,91.48,P002015,4.3,Mumbai
R002016,D0168,C00177,V0007,2024-06-15 05:52:00,2024-06-15 06:24:00,8.49,70.94,P002016,3.9,Ahmedabad
R002017,D0068,C00376,V0258,2025-02-07 21:38:00,2025-02-07 21:57:00,4.67,62.36,P002017,4.1,Ahmedabad
R002018,D0274,C01181,V0024,2024-07-11 02:09:00,2024-07-11 02:20:00,3.96,87.52,P002018,5.0,Kolkata
R002019,D0096,C01874,V0145,2024-03-14 13:15:00,2024-03-14 13:52:00,6.32,115.84,P002019,4.5,Delhi
R002020,D0239,C01471,V0038,2025-04-10 20:25:00,2025-04-10 20:45:00,3.16,50.28,P002020,4.7,Pune
R002021,D0065,C00186,V0025,2024-04-12 23:33:00,2024-04-12 23:59:00,7.24,63.44,P002021,4.5,Mumbai
R002022,D0027,C01936,V0126,2024-05-20 23:48:00,2024-05-21 00:47:00,16.73,120.38,P002022,4.4,Ahmedabad
R002023,D0206,C00256,V0214,2024-01-13 19:06:00,2024-01-13 19:36:00,4.95,49.7,P002023,4.4,Delhi
R002024,D0088,C01511,V0200,2025-01-21 12:01:00,2025-01-21 12:28:00,5.76,109.12,P002024,4.6,Mumbai
R002025,D0248,C01032,V0124,2024-04-22 00:48:00,2024-04-22 01:23:00,9.1,159.2,P002025,4.7,Kolkata
R002026,D0276,C00263,V0012,2024-02-14 04:15:00,2024-02-14 04:28:00,1.49,57.88,P002026,4.6,Chennai
R002027,D0059,C00076,V0187,2024-03-26 08:09:00,2024-03-26 08:29:00,5.93,111.16,P002027,4.8,Ahmedabad
R002028,D0021,C00391,V0241,2024-01-14 00:50:00,2024-01-14 01:09:00,4.33,101.96,P002028,4.5,Mumbai
R002029,D0251,C01727,V0041,2024-04-18 17:47:00,2024-04-18 18:05:00,2.88,74.56,P002029,5.0,Pune
R002030,D0220,C01260,V0088,2024-12-12 22:05:00,2024-12-12 22:48:00,8.5,93.0,P002030,4.4,Bangalore
R002031,D0135,C00463,V0146,2024-07-26 04:30:00,2024-07-26 04:49:00,3.31,51.48,P002031,3.9,Kolkata
R002032,D0263,C00144,V0248,2025-07-30 14:52:00,2025-07-30 15:04:00,2.23,42.84,P002032,4.2,Kolkata
R002033,D0251,C00046,V0041,2024-06-16 09:21:00,2024-06-16 09:42:00,6.16,113.92,P002033,4.7,Pune
R002034,D0186,C01862,V0257,2025-05-05 04:15:00,2025-05-05 04:22:00,1.45,46.6,P002034,4.7,Bangalore
R002035,D0059,C01462,V0187,2024-02-27 17:44:00,2024-02-27 18:01:00,2.81,83.72,P002035,4.2,Ahmedabad
R002036,D0141,C00846,V0240,2024-09-30 20:34:00,2024-09-30 21:00:00,5.38,104.56,P002036,4.0,Ahmedabad
R002037,D0250,C01345,V0028,2024-05-06 00:52:00,2024-05-06 01:14:00,5.23,51.38,P002037,4.9,Chennai
R002038,D0207,C01243,V0110,2024-02-15 03:34:00,2024-02-15 03:55:00,6.4,116.8,P002038,5.0,Pune
R002039,D0242,C01855,V0221,2024-10-30 03:32:00,2024-10-30 03:39:00,0.66,57.92,P002039,4.4,Ahmedabad
R002040,D0052,C01434,V0059,2025-03-01 04:00:00,2025-03-01 04:32:00,3.12,87.44,P002040,5.0,Chennai
R002041,D0223,C01375,V0299,2024-08-17 00:14:00,2024-08-17 00:52:00,9.32,151.84,P002041,4.5,Hyderabad
R002042,D0009,C00059,V0058,2025-03-13 12:09:00,2025-03-13 12:58:00,13.96,103.76,P002042,4.8,Delhi
R002043,D0189,C01449,V0025,2024-12-27 20:18:00,2024-12-27 20:36:00,2.15,32.9,P002043,3.9,Pune
R002044,D0232,C00498,V0160,2024-08-19 21:24:00,2024-08-19 21:44:00,2.78,56.68,P002044,4.2,Ahmedabad
R002045,D0110,C01301,V0289,2024-04-25 15:10:00,2024-04-25 15:23:00,4.52,94.24,P002045,5.0,Hyderabad
R002046,D0185,C01397,V0053,2024-04-22 07:06:00,2024-04-22 07:32:00,5.05,65.4,P002046,5.0,Chennai
R002047,D0187,C00187,V0192,2024-10-15 11:04:00,2024-10-15 11:25:00,1.94,31.64,P002047,4.8,Delhi
R002048,D0129,C00750,V0300,2024-12-07 03:23:00,2024-12-07 04:08:00,11.08,172.96,P002048,4.7,Mumbai
R002049,D0148,C00649,V0095,2024-03-27 01:38:00,2024-03-27 01:46:00,1.18,27.08,P002049,4.3,Delhi
R002050,D0169,C01966,V0019,2024-06-03 05:27:00,2024-06-03 06:00:00,7.14,125.68,P002050,4.6,Pune
R002051,D0126,C01817,V0290,2025-06-27 10:38:00,2025-06-27 11:15:00,5.63,70.04,P002051,4.8,Delhi
R002052,D0295,C01367,V0002,2024-07-04 21:27:00,2024-07-04 21:41:00,1.5,58.0,P002052,4.3,Kolkata
R002053,D0117,C01850,V0021,2024-06-02 21:43:00,2024-06-02 21:54:00,2.67,72.04,P002053,4.2,Hyderabad
R002054,D0286,C00151,V0092,2024-11-04 19:52:00,2024-11-04 20:02:00,3.02,59.16,P002054,4.4,Pune
R002055,D0177,C00515,V0028,2024-10-20 11:56:00,2024-10-20 12:19:00,3.72,42.32,P002055,5.0,Kolkata
R002056,D0279,C00498,V0029,2024-04-16 08:58:00,2024-04-16 09:07:00,0.78,49.36,P002056,5.0,Chennai
R002057,D0235,C00548,V0044,2025-05-26 21:23:00,2025-05-26 21:31:00,1.05,52.6,P002057,4.6,Ahmedabad
R002058,D0073,C00601,V0238,2024-09-28 22:51:00,2024-09-28 23:15:00,3.09,49.72,P002058,4.3,Kolkata
R002059,D0252,C00747,V0093,2024-03-19 00:55:00,2024-03-19 01:17:00,6.28,135.36,P002059,5.0,Delhi
R002060,D0232,C01003,V0160,2024-06-01 20:09:00,2024-06-01 20:36:00,7.81,66.86,P002060,4.5,Ahmedabad
R002061,D0071,C01702,V0263,2024-11-23 04:24:00,2024-11-23 04:44:00,2.73,36.38,P002061,4.5,Pune
R002062,D0065,C01087,V0025,2025-04-02 23:50:00,2025-04-03 00:06:00,1.94,31.64,P002062,4.8,Mumbai
R002063,D0050,C00886,V0033,2025-05-04 02:07:00,2025-05-04 02:35:00,4.43,113.16,P002063,5.0,Kolkata
R002064,D0297,C00606,V0282,2025-08-14 13:46:00,2025-08-14 14:35:00,11.02,172.24,P002064,4.8,Bangalore
R002065,D0064,C00812,V0296,2024-10-12 04:05:00,2024-10-12 04:33:00,8.91,83.46,P002065,4.6,Chennai
R002066,D0071,C01461,V0263,2024-11-26 04:11:00,2024-11-26 05:02:00,14.17,105.02,P002066,4.1,Pune
R002067,D0110,C01432,V0289,2025-01-29 11:20:00,2025-01-29 11:33:00,6.05,112.6,P002067,5.0,Hyderabad
R002068,D0223,C01571,V0299,2025-05-21 13:30:00,2025-05-21 13:38:00,1.54,58.48,P002068,4.9,Hyderabad
R002069,D0010,C00054,V0097,2025-02-27 19:50:00,2025-02-27 20:03:00,4.3,91.6,P002069,4.8,Delhi
R002070,D0023,C00600,V0220,2024-12-07 04:51:00,2024-12-07 05:07:00,1.89,41.34,P002070,4.7,Chennai
R002071,D0149,C00941,V0192,2024-09-08 12:26:00,2024-09-08 12:38:00,2.22,33.32,P002071,4.6,Ahmedabad
R002072,D0039,C01450,V0072,2025-07-16 15:34:00,2025-07-16 15:50:00,3.61,41.66,P002072,4.6,Delhi
R002073,D0015,C01926,V0216,2025-06-30 15:34:00,2025-06-30 15:43:00,1.45,36.6,P002073,4.4,Delhi
R002074,D0132,C00177,V0058,2025-07-03 07:24:00,2025-07-03 08:02:00,10.91,95.46,P002074,4.3,Chennai
R002075,D0243,C01755,V0114,2024-03-26 18:45:00,2024-03-26 19:43:00,13.54,202.48,P002075,4.9,Bangalore
R002076,D0264,C01915,V0097,2025-03-07 16:36:00,2025-03-07 16:57:00,2.61,71.32,P002076,4.3,Mumbai
R002077,D0112,C01181,V0229,2024-08-12 22:05:00,2024-08-12 22:17:00,1.19,27.14,P002077,4.6,Kolkata
R002078,D0233,C01884,V0240,2024-08-28 11:00:00,2024-08-28 11:27:00,5.09,101.08,P002078,4.9,Bangalore
R002079,D0100,C00129,V0116,2024-07-27 00:23:00,2024-07-27 00:41:00,2.31,33.86,P002079,4.4,Kolkata
R002080,D0227,C01615,V0128,2025-07-25 15:08:00,2025-07-25 16:03:00,13.69,134.52,P002080,5.0,Bangalore
R002081,D0024,C01911,V0091,2024-04-22 01:58:00,2024-04-22 02:15:00,5.23,102.76,P002081,5.0,Ahmedabad
R002082,D0190,C00993,V0066,2024-12-23 11:54:00,2024-12-23 12:15:00,6.52,59.12,P002082,4.3,Mumbai
R002083,D0218,C01759,V0221,2024-05-22 09:29:00,2024-05-22 10:06:00,8.4,140.8,P002083,5.0,Bangalore
R002084,D0159,C01916,V0080,2024-05-27 17:59:00,2024-05-27 18:26:00,5.86,71.88,P002084,4.5,Bangalore
R002085,D0229,C01788,V0266,2025-03-07 07:13:00,2025-03-07 07:41:00,1.57,58.84,P002085,5.0,Bangalore
R002086,D0263,C01516,V0248,2024-08-17 01:47:00,2024-08-17 01:55:00,3.16,50.28,P002086,4.6,Kolkata
R002087,D0151,C01769,V0270,2024-05-21 03:44:00,2024-05-21 04:16:00,7.56,85.48,P002087,4.8,Pune
R002088,D0038,C01846,V0099,2024-05-26 12:46:00,2024-05-26 12:52:00,2.35,34.1,P002088,4.3,Bangalore
R002089,D0086,C00476,V0024,2024-01-27 22:27:00,2024-01-27 22:37:00,5.16,101.92,P002089,4.8,Ahmedabad
R002090,D0292,C01166,V0194,2025-01-15 01:44:00,2025-01-15 01:58:00,2.45,69.4,P002090,4.9,Hyderabad
R002091,D0028,C01289,V0240,2024-04-18 21:37:00,2024-04-18 21:54:00,4.06,88.72,P002091,4.6,Bangalore
R002092,D0227,C00294,V0128,2024-03-16 15:53:00,2024-03-16 16:18:00,4.35,59.8,P002092,4.6,Bangalore
R002093,D0208,C01462,V0024,2024-06-10 00:09:00,2024-06-10 00:37:00,7.99,135.88,P002093,4.7,Hyderabad
R002094,D0068,C00183,V0258,2025-01-09 04:05:00,2025-01-09 04:57:00,17.63,166.04,P002094,4.3,Ahmedabad
R002095,D0216,C00060,V0188,2024-09-07 02:00:00,2024-09-07 02:10:00,3.43,62.44,P002095,5.0,Hyderabad
R002096,D0034,C00108,V0254,2025-08-05 13:09:00,2025-08-05 13:30:00,2.54,70.48,P002096,4.1,Delhi
R002097,D0222,C01861,V0051,2024-07-05 15:47:00,2024-07-05 16:06:00,3.88,86.56,P002097,4.4,Chennai
R002098,D0230,C01269,V0052,2024-05-23 23:33:00,2024-05-24 00:01:00,5.02,100.24,P002098,5.0,Chennai
R002099,D0220,C00335,V0088,2024-11-02 15:26:00,2024-11-02 15:38:00,1.91,40.28,P002099,4.7,Bangalore
R002100,D0212,C00955,V0161,2024-12-11 14:50:00,2024-12-11 15:13:00,4.4,46.4,P002100,4.8,Mumbai
R002101,D0273,C00739,V0261,2024-01-14 09:07:00,2024-01-14 09:20:00,1.64,38.12,P002101,4.5,Chennai
R002102,D0005,C00650,V0047,2024-06-08 01:56:00,2024-06-08 02:12:00,5.1,65.8,P002102,4.6,Pune
R002103,D0078,C01514,V0047,2024-02-02 19:48:00,2024-02-02 20:07:00,2.91,48.28,P002103,4.9,Bangalore
R002104,D0133,C00510,V0080,2024-06-26 16:10:00,2024-06-26 16:40:00,8.54,93.32,P002104,4.3,Pune
R002105,D0051,C00508,V0123,2024-01-12 12:53:00,2024-01-12 13:26:00,11.53,178.36,P002105,4.3,Delhi
R002106,D0048,C01725,V0054,2025-03-09 21:56:00,2025-03-09 22:05:00,2.78,83.36,P002106,4.4,Bangalore
R002107,D0063,C00469,V0033,2025-04-10 17:45:00,2025-04-10 18:18:00,7.39,128.68,P002107,4.4,Delhi
R002108,D0225,C01778,V0106,2024-09-21 18:32:00,2024-09-21 18:40:00,1.34,45.72,P002108,4.2,Kolkata
R002109,D0263,C00280,V0248,2024-11-09 22:14:00,2024-11-09 22:25:00,1.09,33.72,P002109,4.6,Kolkata
R002110,D0044,C00363,V0170,2025-03-09 05:17:00,2025-03-09 05:53:00,13.04,108.24,P002110,4.9,Ahmedabad
R002111,D0026,C01548,V0066,2024-04-04 16:24:00,2024-04-04 16:59:00,12.46,94.76,P002111,4.1,Hyderabad
R002112,D0152,C00077,V0015,2024-05-08 23:13:00,2024-05-08 23:29:00,2.87,47.96,P002112,4.5,Chennai
R002113,D0157,C00866,V0217,2025-02-14 19:03:00,2025-02-14 19:19:00,3.07,58.42,P002113,5.0,Delhi
R002114,D0231,C00792,V0107,2024-08-12 12:11:00,2024-08-12 12:20:00,2.06,64.72,P002114,4.4,Kolkata
R002115,D0160,C00055,V0102,2025-07-26 19:53:00,2025-07-26 20:22:00,8.4,92.2,P002115,5.0,Chennai
R002116,D0288,C01421,V0214,2024-03-20 22:29:00,2024-03-20 23:12:00,12.41,104.46,P002116,4.2,Kolkata
R002117,D0256,C00451,V0211,2025-05-03 10:41:00,2025-05-03 11:21:00,11.4,88.4,P002117,5.0,Chennai
R002118,D0202,C00468,V0043,2025-02-18 12:10:00,2025-02-18 12:24:00,1.66,29.96,P002118,3.3,Hyderabad
R002119,D0293,C01122,V0198,2024-02-25 11:41:00,2024-02-25 11:49:00,1.37,66.44,P002119,4.8,Hyderabad
R002120,D0276,C00324,V0012,2025-03-10 06:17:00,2025-03-10 06:30:00,1.78,61.36,P002120,5.0,Chennai
R002121,D0115,C01300,V0049,2024-04-21 03:04:00,2024-04-21 03:43:00,9.61,77.66,P002121,3.7,Bangalore
R002122,D0255,C01116,V0104,2025-01-06 19:49:00,2025-01-06 20:09:00,4.94,99.28,P002122,4.5,Pune
R002123,D0249,C01426,V0290,2024-12-09 00:15:00,2024-12-09 00:59:00,12.8,127.4,P002123,4.4,Kolkata
R002124,D0053,C01581,V0112,2024-10-15 05:34:00,2024-10-15 05:54:00,2.46,69.52,P002124,4.8,Bangalore
R002125,D0062,C00404,V0241,2024-04-19 02:13:00,2024-04-19 02:39:00,5.18,102.16,P002125,4.5,Hyderabad
R002126,D0049,C01537,V0057,2024-01-12 09:12:00,2024-01-12 09:27:00,3.31,51.48,P002126,4.4,Chennai
R002127,D0126,C01905,V0290,2025-07-18 06:40:00,2025-07-18 07:10:00,6.05,73.4,P002127,4.8,Delhi
R002128,D0195,C01189,V0247,2024-02-03 07:17:00,2024-02-03 07:41:00,6.76,79.08,P002128,5.0,Ahmedabad
R002129,D0122,C01786,V0273,2024-03-28 18:36:00,2024-03-28 18:55:00,2.53,35.18,P002129,4.4,Pune
R002130,D0252,C00001,V0093,2024-02-15 18:50:00,2024-02-15 19:34:00,8.45,141.4,P002130,5.0,Delhi
R002131,D0002,C01192,V0119,2025-05-10 01:03:00,2025-05-10 01:25:00,1.74,30.44,P002131,4.8,Delhi
R002132,D0155,C00645,V0272,2024-11-18 02:19:00,2024-11-18 02:43:00,6.13,66.78,P002132,4.4,Ahmedabad
R002133,D0048,C00973,V0054,2024-01-09 11:48:00,2024-01-09 12:24:00,9.27,151.24,P002133,5.0,Bangalore
R002134,D0066,C00025,V0234,2024-10-16 12:32:00,2024-10-16 13:15:00,7.77,133.24,P002134,4.1,Ahmedabad
R002135,D0106,C01914,V0090,2024-07-18 10:48:00,2024-07-18 11:03:00,2.21,86.52,P002135,4.5,Kolkata
R002136,D0288,C00841,V0214,2025-02-04 23:22:00,2025-02-04 23:37:00,2.62,35.72,P002136,4.5,Kolkata
R002137,D0083,C00447,V0149,2024-05-12 22:43:00,2024-05-12 23:51:00,21.05,292.6,P002137,5.0,Hyderabad
R002138,D0002,C00387,V0119,2024-04-09 10:26:00,2024-04-09 10:51:00,6.73,60.38,P002138,4.7,Delhi
R002139,D0293,C01204,V0198,2025-05-30 03:32:00,2025-05-30 03:38:00,4.16,89.92,P002139,4.2,Hyderabad
R002140,D0230,C01674,V0052,2024-06-02 00:37:00,2024-06-02 00:50:00,2.28,67.36,P002140,4.6,Chennai
R002141,D0108,C01467,V0105,2025-01-26 15:37:00,2025-01-26 15:52:00,4.26,45.56,P002141,5.0,Delhi
R002142,D0288,C00583,V0214,2024-02-08 09:10:00,2024-02-08 09:34:00,5.95,55.7,P002142,4.3,Kolkata
R002143,D0111,C00804,V0154,2024-06-04 21:29:00,2024-06-04 21:51:00,2.51,35.06,P002143,4.0,Ahmedabad
R002144,D0015,C01901,V0216,2024-03-21 20:05:00,2024-03-21 20:19:00,2.19,42.52,P002144,4.7,Delhi
R002145,D0194,C00605,V0057,2024-08-25 06:51:00,2024-08-25 07:44:00,17.39,174.12,P002145,4.9,Delhi
R002146,D0276,C01304,V0012,2024-05-24 22:10:00,2024-05-24 22:24:00,3.02,76.24,P002146,4.8,Chennai
R002147,D0099,C00386,V0260,2025-05-28 16:46:00,2025-05-28 16:57:00,2.76,47.08,P002147,4.5,Bangalore
R002148,D0284,C00606,V0175,2025-06-19 10:28:00,2025-06-19 10:50:00,1.67,80.04,P002148,4.0,Delhi
R002149,D0074,C00386,V0267,2024-05-14 10:18:00,2024-05-14 10:24:00,2.03,74.36,P002149,4.2,Chennai
R002150,D0257,C00778,V0127,2025-01-03 19:54:00,2025-01-03 19:58:00,0.58,46.96,P002150,4.4,Kolkata
R002151,D0131,C01787,V0148,2025-03-17 01:57:00,2025-03-17 02:29:00,8.17,138.04,P002151,4.2,Pune
R002152,D0017,C00484,V0170,2025-01-31 07:13:00,2025-01-31 07:45:00,6.23,57.38,P002152,4.3,Mumbai
R002153,D0130,C01645,V0215,2024-03-17 04:36:00,2024-03-17 04:41:00,1.18,34.44,P002153,4.4,Hyderabad
R002154,D0184,C01132,V0077,2025-05-24 03:51:00,2025-05-24 03:59:00,0.91,50.92,P002154,5.0,Hyderabad
R002155,D0292,C01572,V0194,2024-01-16 04:49:00,2024-01-16 04:57:00,1.37,66.44,P002155,3.9,Hyderabad
R002156,D0203,C00701,V0233,2024-11-12 17:55:00,2024-11-12 18:24:00,6.66,139.92,P002156,4.5,Pune
R002157,D0114,C00780,V0119,2024-03-30 15:06:00,2024-03-30 15:25:00,5.08,50.48,P002157,4.6,Mumbai
R002158,D0163,C01530,V0286,2025-04-10 10:10:00,2025-04-10 10:59:00,16.64,119.84,P002158,5.0,Chennai
R002159,D0290,C00762,V0102,2024-10-29 05:04:00,2024-10-29 05:23:00,4.49,60.92,P002159,4.9,Delhi
R002160,D0167,C01310,V0088,2024-10-13 18:23:00,2024-10-13 18:48:00,7.2,82.6,P002160,4.4,Mumbai
R002161,D0039,C01702,V0072,2024-12-27 02:04:00,2024-12-27 02:44:00,9.81,78.86,P002161,4.7,Delhi
R002162,D0032,C00387,V0015,2024-07-02 22:49:00,2024-07-02 23:20:00,6.21,94.68,P002162,4.7,Bangalore
R002163,D0129,C01912,V0300,2025-04-16 08:30:00,2025-04-16 09:06:00,9.39,152.68,P002163,5.0,Mumbai
R002164,D0181,C01876,V0222,2024-09-19 14:41:00,2024-09-19 15:05:00,3.05,48.3,P002164,4.2,Bangalore
R002165,D0133,C00139,V0080,2024-05-23 03:36:00,2024-05-23 03:45:00,2.15,42.2,P002165,4.6,Pune
R002166,D0258,C00148,V0078,2025-05-14 01:23:00,2025-05-14 01:56:00,7.3,63.8,P002166,4.5,Chennai
R002167,D0112,C01410,V0229,2024-10-20 12:26:00,2024-10-20 12:44:00,4.74,48.44,P002167,4.3,Kolkata
R002168,D0155,C01731,V0272,2024-05-12 14:23:00,2024-05-12 14:49:00,4.36,46.16,P002168,4.9,Ahmedabad
R002169,D0044,C00300,V0170,2025-06-08 19:20:00,2025-06-08 20:01:00,12.86,97.16,P002169,5.0,Ahmedabad
R002170,D0032,C00710,V0015,2025-01-17 02:43:00,2025-01-17 03:02:00,4.91,64.28,P002170,4.5,Bangalore
R002171,D0210,C00010,V0295,2025-02-27 16:28:00,2025-02-27 17:32:00,19.12,269.44,P002171,5.0,Chennai
R002172,D0243,C01351,V0114,2024-09-26 21:02:00,2024-09-26 21:20:00,5.2,102.4,P002172,5.0,Bangalore
R002173,D0080,C01837,V0165,2024-02-28 23:50:00,2024-02-29 00:04:00,3.2,49.2,P002173,4.6,Kolkata
R002174,D0053,C00941,V0112,2024-09-07 22:52:00,2024-09-07 23:42:00,12.69,202.28,P002174,4.9,Bangalore
R002175,D0053,C00121,V0112,2025-07-28 00:09:00,2025-07-28 00:23:00,2.66,71.92,P002175,4.7,Bangalore
R002176,D0086,C00078,V0024,2024-04-17 09:24:00,2024-04-17 09:38:00,3.81,85.72,P002176,5.0,Ahmedabad
R002177,D0010,C01509,V0097,2024-06-11 18:25:00,2024-06-11 19:31:00,22.43,309.16,P002177,5.0,Delhi
R002178,D0182,C00822,V0120,2024-03-15 07:24:00,2024-03-15 07:44:00,4.05,57.4,P002178,4.8,Chennai
R002179,D0129,C01446,V0300,2025-04-18 21:05:00,2025-04-18 21:13:00,1.14,53.68,P002179,4.6,Mumbai
R002180,D0272,C00181,V0288,2024-12-23 14:29:00,2024-12-23 14:56:00,4.27,45.62,P002180,4.8,Hyderabad
R002181,D0252,C01952,V0093,2025-07-01 14:06:00,2025-07-01 14:16:00,1.64,79.68,P002181,5.0,Delhi
R002182,D0045,C01416,V0195,2024-03-28 05:46:00,2024-03-28 06:16:00,7.13,82.04,P002182,4.1,Chennai
R002183,D0068,C00092,V0258,2024-04-20 12:49:00,2024-04-20 12:56:00,1.54,37.32,P002183,4.7,Ahmedabad
R002184,D0248,C00366,V0124,2025-03-19 06:25:00,2025-03-19 06:56:00,9.29,171.48,P002184,4.8,Kolkata
R002185,D0111,C00394,V0154,2024-12-02 02:20:00,2024-12-02 02:54:00,9.51,77.06,P002185,4.9,Ahmedabad
R002186,D0007,C01259,V0031,2024-12-16 19:31:00,2024-12-16 20:04:00,10.76,104.56,P002186,5.0,Ahmedabad
R002187,D0297,C00094,V0282,2024-08-05 22:47:00,2024-08-05 23:31:00,10.19,162.28,P002187,4.5,Bangalore
R002188,D0024,C00047,V0091,2025-05-02 03:17:00,2025-05-02 03:51:00,7.07,124.84,P002188,4.0,Ahmedabad
R002189,D0065,C01621,V0025,2025-04-10 01:34:00,2025-04-10 01:50:00,1.18,27.08,P002189,4.1,Mumbai
R002190,D0245,C00938,V0172,2024-06-08 15:09:00,2024-06-08 15:18:00,1.46,67.52,P002190,4.8,Bangalore
R002191,D0063,C00458,V0033,2024-08-06 10:36:00,2024-08-06 10:48:00,4.2,90.4,P002191,4.1,Delhi
R002192,D0253,C01854,V0158,2024-02-02 19:49:00,2024-02-02 20:10:00,2.92,48.36,P002192,4.4,Ahmedabad
R002193,D0264,C00222,V0097,2025-01-24 01:59:00,2025-01-24 02:07:00,1.19,54.28,P002193,5.0,Mumbai
R002194,D0083,C00969,V0149,2025-01-05 13:30:00,2025-01-05 13:52:00,2.47,69.64,P002194,4.8,Hyderabad
R002195,D0204,C01122,V0191,2024-08-06 01:13:00,2024-08-06 01:22:00,0.98,61.76,P002195,5.0,Mumbai
R002196,D0109,C01701,V0152,2024-01-24 21:27:00,2024-01-24 21:43:00,0.82,31.56,P002196,4.5,Delhi
R002197,D0081,C00963,V0049,2024-10-03 08:40:00,2024-10-03 08:59:00,1.23,27.38,P002197,4.6,Delhi
R002198,D0232,C00761,V0160,2024-06-29 02:09:00,2024-06-29 02:41:00,7.98,67.88,P002198,4.1,Ahmedabad
R002199,D0205,C01502,V0166,2024-03-11 08:25:00,2024-03-11 08:45:00,1.39,66.68,P002199,4.6,Bangalore
R002200,D0142,C01986,V0264,2024-03-24 09:55:00,2024-03-24 10:20:00,4.26,45.56,P002200,4.3,Hyderabad
R002201,D0155,C00456,V0272,2025-04-07 13:33:00,2025-04-07 14:09:00,10.59,93.54,P002201,5.0,Ahmedabad
R002202,D0171,C01884,V0263,2024-08-07 21:57:00,2024-08-07 22:21:00,3.81,62.86,P002202,4.4,Mumbai
R002203,D0062,C00353,V0241,2024-09-22 05:53:00,2024-09-22 06:15:00,3.04,76.48,P002203,4.7,Hyderabad
R002204,D0193,C00040,V0157,2024-02-25 02:57:00,2024-02-25 03:15:00,1.96,41.76,P002204,4.6,Hyderabad
R002205,D0219,C00353,V0063,2025-03-14 10:48:00,2025-03-14 11:02:00,2.1,41.8,P002205,5.0,Ahmedabad
R002206,D0251,C01824,V0041,2024-10-31 05:12:00,2024-10-31 05:19:00,3.33,79.96,P002206,4.7,Pune
R002207,D0168,C01191,V0007,2024-12-23 13:30:00,2024-12-23 13:44:00,2.34,34.04,P002207,4.3,Ahmedabad
R002208,D0247,C00007,V0258,2025-05-01 17:44:00,2025-05-01 17:55:00,3.79,55.32,P002208,4.5,Pune
R002209,D0199,C01158,V0282,2024-06-13 22:27:00,2024-06-13 23:09:00,11.03,172.36,P002209,4.1,Chennai
R002210,D0106,C00130,V0090,2024-12-29 22:36:00,2024-12-29 22:58:00,4.4,92.8,P002210,4.9,Kolkata
R002211,D0086,C01662,V0024,2025-02-02 00:35:00,2025-02-02 01:17:00,8.5,142.0,P002211,4.7,Ahmedabad
R002212,D0240,C00699,V0011,2024-07-22 02:46:00,2024-07-22 02:57:00,2.65,46.2,P002212,4.3,Pune
R002213,D0093,C00102,V0255,2025-08-15 19:09:00,2025-08-15 19:54:00,14.21,210.52,P002213,4.4,Ahmedabad
R002214,D0285,C01784,V0054,2024-11-27 21:52:00,2024-11-27 22:13:00,3.8,85.6,P002214,4.4,Chennai
R002215,D0143,C00099,V0084,2024-11-20 00:09:00,2024-11-20 00:35:00,6.26,115.12,P002215,4.6,Chennai
R002216,D0251,C00808,V0041,2025-04-14 04:31:00,2025-04-14 05:21:00,11.86,202.32,P002216,4.8,Pune
R002217,D0217,C00382,V0289,2024-11-20 03:50:00,2024-11-20 04:05:00,2.19,66.28,P002217,4.1,Kolkata
R002218,D0090,C00154,V0234,2025-02-20 08:33:00,2025-02-20 08:48:00,1.99,63.88,P002218,4.5,Bangalore
R002219,D0184,C01275,V0077,2024-01-04 14:53:00,2024-01-04 15:16:00,4.02,88.24,P002219,4.4,Hyderabad
R002220,D0273,C01823,V0261,2024-05-08 20:28:00,2024-05-08 20:53:00,5.09,85.72,P002220,4.2,Chennai
R002221,D0033,C01658,V0281,2025-08-15 03:02:00,2025-08-15 03:20:00,2.65,71.8,P002221,4.7,Bangalore
R002222,D0066,C01047,V0234,2024-08-11 23:12:00,2024-08-11 23:28:00,6.0,112.0,P002222,4.9,Ahmedabad
R002223,D0113,C00769,V0134,2025-03-06 22:34:00,2025-03-06 23:10:00,7.48,129.76,P002223,5.0,Ahmedabad
R002224,D0123,C00289,V0247,2024-06-19 19:24:00,2024-06-19 19:39:00,1.62,47.96,P002224,5.0,Pune
R002225,D0186,C01067,V0257,2024-08-09 11:13:00,2024-08-09 11:40:00,5.23,76.84,P002225,4.9,Bangalore
R002226,D0179,C00796,V0299,2024-07-14 21:36:00,2024-07-14 21:58:00,2.62,71.44,P002226,4.9,Ahmedabad
R002227,D0133,C01021,V0080,2024-01-15 11:52:00,2024-01-15 12:18:00,4.05,57.4,P002227,4.3,Pune
R002228,D0152,C00886,V0015,2025-01-07 00:19:00,2025-01-07 00:27:00,1.64,38.12,P002228,5.0,Chennai
R002229,D0001,C01216,V0080,2024-11-10 16:52:00,2024-11-10 17:21:00,7.72,106.76,P002229,4.8,Bangalore
R002230,D0056,C00421,V0068,2024-05-07 22:31:00,2024-05-07 22:41:00,2.44,44.52,P002230,4.4,Bangalore
R002231,D0140,C01117,V0051,2025-04-11 13:26:00,2025-04-11 13:42:00,3.12,77.44,P002231,4.8,Ahmedabad
R002232,D0034,C01214,V0254,2024-12-26 11:53:00,2024-12-26 12:54:00,18.01,266.12,P002232,5.0,Delhi
R002233,D0272,C01223,V0288,2025-07-09 13:33:00,2025-07-09 13:43:00,1.21,27.26,P002233,4.3,Hyderabad
R002234,D0235,C01471,V0044,2024-12-09 03:59:00,2024-12-09 04:17:00,2.12,85.44,P002234,4.7,Ahmedabad
R002235,D0185,C01691,V0053,2024-06-29 14:27:00,2024-06-29 14:36:00,1.78,49.24,P002235,4.7,Chennai
R002236,D0010,C00675,V0097,2025-01-17 05:35:00,2025-01-17 05:57:00,2.06,64.72,P002236,4.9,Delhi
R002237,D0128,C01706,V0218,2024-06-15 17:27:00,2024-06-15 17:55:00,9.33,151.96,P002237,4.1,Bangalore
R002238,D0079,C01124,V0087,2025-01-25 09:54:00,2025-01-25 10:17:00,3.68,84.16,P002238,4.3,Hyderabad
R002239,D0280,C00651,V0047,2025-03-23 20:18:00,2025-03-23 20:39:00,4.31,79.48,P002239,4.6,Chennai
R002240,D0182,C01163,V0120,2024-04-11 02:51:00,2024-04-11 03:18:00,6.9,80.2,P002240,4.7,Chennai
R002241,D0086,C01726,V0024,2024-04-16 02:41:00,2024-04-16 02:57:00,2.55,80.6,P002241,3.6,Ahmedabad
R002242,D0230,C00946,V0052,2024-01-17 19:59:00,2024-01-17 20:15:00,2.81,73.72,P002242,4.7,Chennai
R002243,D0192,C01707,V0070,2025-02-25 03:31:00,2025-02-25 03:47:00,1.34,28.04,P002243,4.8,Kolkata
R002244,D0084,C01539,V0261,2025-07-11 03:40:00,2025-07-11 04:00:00,2.86,47.88,P002244,4.9,Chennai
R002245,D0232,C01125,V0160,2025-03-30 16:37:00,2025-03-30 16:49:00,1.11,26.66,P002245,3.9,Ahmedabad
R002246,D0158,C00929,V0266,2024-02-03 21:18:00,2024-02-03 21:32:00,3.45,81.4,P002246,4.5,Chennai
R002247,D0071,C00728,V0263,2025-03-06 06:14:00,2025-03-06 07:01:00,12.66,95.96,P002247,4.9,Pune
R002248,D0120,C00155,V0214,2025-04-10 17:24:00,2025-04-10 17:40:00,2.97,37.82,P002248,5.0,Chennai
R002249,D0002,C00907,V0119,2024-04-27 06:54:00,2024-04-27 07:14:00,1.17,27.02,P002249,4.4,Delhi
R002250,D0143,C00234,V0084,2025-04-25 03:22:00,2025-04-25 03:37:00,2.92,75.04,P002250,4.4,Chennai
R002251,D0234,C01587,V0158,2025-04-20 13:58:00,2025-04-20 14:32:00,7.54,85.32,P002251,4.3,Delhi
R002252,D0085,C01838,V0225,2025-02-09 00:23:00,2025-02-09 00:33:00,1.6,37.8,P002252,4.3,Chennai
R002253,D0147,C00607,V0153,2024-08-17 16:18:00,2024-08-17 16:55:00,8.87,73.22,P002253,4.2,Ahmedabad
R002254,D0040,C01272,V0294,2024-10-01 21:16:00,2024-10-01 21:36:00,3.68,84.16,P002254,4.8,Bangalore
R002255,D0179,C01055,V0299,2024-11-10 13:43:00,2024-11-10 13:54:00,0.61,47.32,P002255,4.1,Ahmedabad
R002256,D0015,C01099,V0216,2024-09-04 00:57:00,2024-09-04 01:19:00,4.13,58.04,P002256,4.6,Delhi
R002257,D0080,C00778,V0165,2025-02-28 01:00:00,2025-02-28 01:16:00,1.74,30.44,P002257,4.8,Kolkata
R002258,D0262,C00385,V0293,2024-01-27 04:50:00,2024-01-27 05:02:00,1.47,57.64,P002258,4.3,Mumbai
R002259,D0131,C01561,V0148,2025-01-18 16:52:00,2025-01-18 17:05:00,2.51,80.12,P002259,4.4,Pune
R002260,D0081,C01359,V0049,2024-11-21 10:10:00,2024-11-21 10:35:00,6.01,56.06,P002260,4.1,Delhi
R002261,D0154,C01878,V0064,2025-08-08 13:15:00,2025-08-08 13:27:00,1.99,63.88,P002261,4.1,Hyderabad
R002262,D0098,C00998,V0187,2025-07-23 12:12:00,2025-07-23 13:07:00,12.09,185.08,P002262,4.9,Delhi
R002263,D0272,C00428,V0288,2025-02-06 01:51:00,2025-02-06 02:23:00,9.72,78.32,P002263,4.8,Hyderabad
R002264,D0059,C00948,V0187,2025-08-14 13:08:00,2025-08-14 13:28:00,2.7,72.4,P002264,4.7,Ahmedabad
R002265,D0280,C01753,V0047,2025-02-03 23:11:00,2025-02-03 23:58:00,14.38,140.04,P002265,4.5,Chennai
R002266,D0029,C00489,V0069,2025-02-16 10:33:00,2025-02-16 10:55:00,4.96,49.76,P002266,4.1,Ahmedabad
R002267,D0026,C01246,V0066,2024-06-11 13:14:00,2024-06-11 13:40:00,2.55,35.3,P002267,3.9,Hyderabad
R002268,D0045,C00364,V0195,2024-04-11 22:51:00,2024-04-11 22:55:00,1.67,38.36,P002268,4.3,Chennai
R002269,D0294,C01494,V0133,2024-05-09 16:07:00,2024-05-09 16:28:00,0.96,25.76,P002269,4.1,Bangalore
R002270,D0035,C01005,V0027,2025-08-13 12:53:00,2025-08-13 13:16:00,3.03,76.36,P002270,4.6,Ahmedabad
R002271,D0055,C00644,V0237,2024-09-23 17:10:00,2024-09-23 17:30:00,5.12,111.44,P002271,4.6,Chennai
R002272,D0066,C01808,V0234,2024-11-26 06:05:00,2024-11-26 06:54:00,12.37,188.44,P002272,4.6,Ahmedabad
R002273,D0253,C01002,V0158,2024-04-05 00:27:00,2024-04-05 00:41:00,4.02,57.16,P002273,3.7,Ahmedabad
R002274,D0150,C01039,V0102,2024-01-12 20:49:00,2024-01-12 21:09:00,4.38,60.04,P002274,4.3,Delhi
R002275,D0037,C00806,V0032,2024-06-05 00:39:00,2024-06-05 00:54:00,1.68,40.08,P002275,4.4,Chennai
R002276,D0085,C00274,V0225,2025-07-10 02:36:00,2025-07-10 03:00:00,6.88,80.04,P002276,5.0,Chennai
R002277,D0224,C01051,V0019,2025-01-26 00:47:00,2025-01-26 00:56:00,0.82,49.84,P002277,4.9,Ahmedabad
R002278,D0081,C01449,V0049,2024-05-13 14:40:00,2024-05-13 14:53:00,2.24,33.44,P002278,4.4,Delhi
R002279,D0250,C01465,V0028,2025-01-01 05:15:00,2025-01-01 05:27:00,0.76,24.56,P002279,3.5,Chennai
R002280,D0002,C00758,V0119,2024-08-15 09:12:00,2024-08-15 09:36:00,2.67,46.02,P002280,5.0,Delhi
R002281,D0030,C01985,V0164,2025-07-02 07:46:00,2025-07-02 08:12:00,5.62,53.72,P002281,4.8,Hyderabad
R002282,D0295,C00920,V0002,2025-01-22 08:42:00,2025-01-22 08:45:00,2.22,66.64,P002282,4.8,Kolkata
R002283,D0031,C00597,V0263,2024-02-22 08:05:00,2024-02-22 08:18:00,2.27,33.62,P002283,5.0,Mumbai
R002284,D0156,C00273,V0033,2024-05-27 20:01:00,2024-05-27 20:20:00,2.4,68.8,P002284,5.0,Delhi
R002285,D0260,C01811,V0070,2025-08-16 03:07:00,2025-08-16 03:22:00,2.48,34.88,P002285,4.6,Chennai
R002286,D0035,C00127,V0027,2025-04-15 19:07:00,2025-04-15 19:16:00,1.42,57.04,P002286,5.0,Ahmedabad
R002287,D0065,C01431,V0025,2024-04-19 04:18:00,2024-04-19 04:26:00,1.63,29.78,P002287,4.5,Mumbai
R002288,D0113,C00577,V0134,2024-09-25 05:05:00,2024-09-25 05:27:00,6.71,120.52,P002288,5.0,Ahmedabad
R002289,D0120,C01754,V0214,2024-03-20 15:54:00,2024-03-20 16:20:00,4.37,46.22,P002289,4.5,Chennai
R002290,D0135,C01288,V0146,2025-01-05 06:25:00,2025-01-05 06:38:00,1.8,39.4,P002290,3.9,Kolkata
R002291,D0189,C00619,V0025,2024-04-13 15:50:00,2024-04-13 16:06:00,2.12,32.72,P002291,5.0,Pune
R002292,D0139,C01052,V0084,2024-01-23 13:04:00,2024-01-23 13:52:00,12.36,188.32,P002292,4.7,Mumbai
R002293,D0096,C01962,V0145,2025-05-13 20:04:00,2025-05-13 20:22:00,1.48,67.76,P002293,4.4,Delhi
R002294,D0275,C01464,V0051,2024-08-03 21:26:00,2024-08-03 21:43:00,4.62,95.44,P002294,4.5,Ahmedabad
R002295,D0108,C00139,V0105,2025-01-19 10:40:00,2025-01-19 11:06:00,6.37,58.22,P002295,5.0,Delhi
R002296,D0168,C01272,V0007,2025-04-06 05:11:00,2025-04-06 05:38:00,5.68,54.08,P002296,4.0,Ahmedabad
R002297,D0018,C01603,V0057,2024-11-01 00:57:00,2024-11-01 01:16:00,2.5,45.0,P002297,3.4,Hyderabad
R002298,D0212,C00991,V0161,2024-07-01 21:36:00,2024-07-01 22:03:00,6.21,57.26,P002298,5.0,Mumbai
R002299,D0164,C01466,V0146,2024-02-02 03:21:00,2024-02-02 03:36:00,2.92,48.36,P002299,4.5,Kolkata
R002300,D0190,C00487,V0066,2024-12-21 15:39:00,2024-12-21 15:55:00,1.52,29.12,P002300,4.2,Mumbai
R002301,D0140,C01143,V0051,2025-07-13 00:10:00,2025-07-13 00:52:00,12.18,186.16,P002301,4.4,Ahmedabad
R002302,D0165,C00338,V0010,2025-06-18 23:16:00,2025-06-18 23:26:00,2.69,72.28,P002302,5.0,Delhi
R002303,D0146,C01714,V0269,2024-05-04 06:38:00,2024-05-04 07:43:00,17.28,247.36,P002303,4.8,Kolkata
R002304,D0170,C01943,V0132,2024-01-31 17:01:00,2024-01-31 17:33:00,7.37,128.44,P002304,4.5,Ahmedabad
R002305,D0092,C00968,V0196,2025-06-14 16:48:00,2025-06-14 16:56:00,2.02,64.24,P002305,4.5,Bangalore
R002306,D0100,C01095,V0116,2024-06-05 06:55:00,2024-06-05 07:45:00,14.42,106.52,P002306,4.4,Kolkata
R002307,D0045,C01496,V0195,2025-01-08 03:57:00,2025-01-08 04:10:00,1.89,40.12,P002307,4.4,Chennai
R002308,D0288,C01297,V0214,2024-08-10 00:20:00,2024-08-10 00:29:00,0.98,25.88,P002308,4.1,Kolkata
R002309,D0242,C00333,V0221,2024-05-21 07:05:00,2024-05-21 07:17:00,1.57,58.84,P002309,4.8,Ahmedabad
R002310,D0052,C01384,V0059,2024-05-09 08:17:00,2024-05-09 08:32:00,4.33,91.96,P002310,5.0,Chennai
R002311,D0181,C00614,V0222,2025-05-08 06:05:00,2025-05-08 07:14:00,19.21,135.26,P002311,4.7,Bangalore
R002312,D0284,C01371,V0175,2024-12-22 22:35:00,2024-12-22 22:44:00,1.75,61.0,P002312,4.1,Delhi
R002313,D0014,C00074,V0071,2024-10-28 14:47:00,2024-10-28 15:22:00,9.05,148.6,P002313,4.1,Chennai
R002314,D0103,C00729,V0235,2025-05-22 13:32:00,2025-05-22 14:08:00,9.17,75.02,P002314,4.1,Ahmedabad
R002315,D0069,C00213,V0214,2025-02-13 06:16:00,2025-02-13 06:43:00,3.86,43.16,P002315,4.5,Ahmedabad
R002316,D0093,C00390,V0255,2024-06-26 06:43:00,2024-06-26 06:48:00,0.65,47.8,P002316,3.8,Ahmedabad
R002317,D0235,C01539,V0044,2024-10-14 12:06:00,2024-10-14 12:18:00,1.0,52.0,P002317,4.7,Ahmedabad
R002318,D0033,C00354,V0281,2025-08-20 18:19:00,2025-08-20 18:50:00,9.03,148.36,P002318,4.8,Bangalore
R002319,D0247,C00261,V0258,2024-06-18 06:46:00,2024-06-18 06:49:00,1.49,46.92,P002319,4.9,Pune
R002320,D0286,C01294,V0092,2025-05-14 13:56:00,2025-05-14 14:20:00,4.19,58.52,P002320,4.6,Pune
R002321,D0288,C00974,V0214,2025-04-01 13:38:00,2025-04-01 14:26:00,12.48,114.88,P002321,5.0,Kolkata
R002322,D0116,C01384,V0057,2024-10-05 10:39:00,2024-10-05 10:52:00,1.65,48.2,P002322,4.4,Bangalore
R002323,D0119,C00173,V0044,2024-04-20 19:24:00,2024-04-20 20:05:00,8.84,146.08,P002323,4.9,Bangalore
R002324,D0094,C00933,V0113,2025-03-15 06:36:00,2025-03-15 07:11:00,8.7,94.6,P002324,4.6,Chennai
R002325,D0017,C01165,V0170,2024-12-27 11:57:00,2024-12-27 12:01:00,1.47,28.82,P002325,5.0,Mumbai
R002326,D0179,C01572,V0299,2024-03-06 14:10:00,2024-03-06 14:38:00,3.24,98.88,P002326,4.3,Ahmedabad
R002327,D0232,C00543,V0160,2024-02-04 16:16:00,2024-02-04 16:48:00,7.67,76.02,P002327,5.0,Ahmedabad
R002328,D0284,C01025,V0175,2025-08-23 13:18:00,2025-08-23 13:41:00,5.37,114.44,P002328,4.3,Delhi
R002329,D0004,C00219,V0096,2025-06-27 11:25:00,2025-06-27 11:35:00,1.53,68.36,P002329,4.4,Pune
R002330,D0009,C00363,V0058,2024-01-31 03:11:00,2024-01-31 03:32:00,3.1,38.6,P002330,4.5,Delhi
R002331,D0188,C00960,V0074,2024-11-26 13:50:00,2024-11-26 14:16:00,5.44,105.28,P002331,5.0,Kolkata
R002332,D0084,C00704,V0261,2024-07-09 11:15:00,2024-07-09 11:28:00,2.32,43.56,P002332,4.5,Chennai
R002333,D0236,C00864,V0150,2024-03-15 06:42:00,2024-03-15 07:07:00,7.44,94.52,P002333,3.7,Kolkata
R002334,D0119,C01619,V0044,2025-01-15 11:09:00,2025-01-15 11:42:00,9.62,155.44,P002334,4.8,Bangalore
R002335,D0184,C00107,V0077,2024-11-17 03:00:00,2024-11-17 03:18:00,2.59,71.08,P002335,4.7,Hyderabad
R002336,D0183,C01545,V0231,2024-11-22 22:00:00,2024-11-22 22:34:00,6.46,58.76,P002336,3.8,Bangalore
R002337,D0037,C01993,V0032,2024-12-02 06:29:00,2024-12-02 06:55:00,4.72,48.32,P002337,4.1,Chennai
R002338,D0234,C00475,V0158,2025-08-04 10:57:00,2025-08-04 11:29:00,8.54,93.32,P002338,4.4,Delhi
R002339,D0187,C01316,V0192,2024-08-26 17:04:00,2024-08-26 17:27:00,3.52,51.12,P002339,4.8,Delhi
R002340,D0164,C00364,V0146,2025-01-29 09:38:00,2025-01-29 09:47:00,1.37,35.96,P002340,4.6,Kolkata
R002341,D0190,C00011,V0066,2024-08-05 16:13:00,2024-08-05 16:40:00,7.57,65.42,P002341,4.5,Mumbai
R002342,D0246,C00857,V0079,2024-04-15 17:17:00,2024-04-15 17:30:00,2.61,45.88,P002342,4.3,Mumbai
R002343,D0126,C01342,V0290,2024-03-17 18:57:00,2024-03-17 19:27:00,5.2,66.6,P002343,4.4,Delhi
R002344,D0242,C01620,V0221,2025-03-07 21:48:00,2025-03-07 21:59:00,2.74,92.88,P002344,4.5,Ahmedabad
R002345,D0068,C01066,V0258,2025-03-21 10:52:00,2025-03-21 11:11:00,2.75,47.0,P002345,3.8,Ahmedabad
R002346,D0250,C00135,V0028,2024-11-23 06:12:00,2024-11-23 06:56:00,10.97,85.82,P002346,3.9,Chennai
R002347,D0047,C00856,V0054,2024-02-20 15:31:00,2024-02-20 16:05:00,4.98,109.76,P002347,4.3,Chennai
R002348,D0212,C01477,V0161,2024-02-17 08:26:00,2024-02-17 08:37:00,2.41,34.46,P002348,4.7,Mumbai
R002349,D0219,C00829,V0063,2024-05-02 03:28:00,2024-05-02 03:38:00,0.62,29.96,P002349,3.6,Ahmedabad
R002350,D0259,C01412,V0239,2024-06-24 19:20:00,2024-06-24 19:39:00,3.82,85.84,P002350,4.7,Mumbai
R002351,D0061,C01495,V0232,2025-01-27 07:36:00,2025-01-27 07:58:00,2.01,64.12,P002351,4.8,Pune
R002352,D0137,C01987,V0259,2024-01-22 09:01:00,2024-01-22 09:19:00,5.84,120.08,P002352,4.7,Bangalore
R002353,D0266,C01779,V0133,2025-08-12 00:58:00,2025-08-12 01:11:00,3.54,41.24,P002353,4.4,Kolkata
R002354,D0132,C01769,V0058,2025-04-17 09:08:00,2025-04-17 09:20:00,1.48,38.88,P002354,4.0,Chennai
R002355,D0092,C01287,V0196,2025-02-16 01:57:00,2025-02-16 02:16:00,3.23,78.76,P002355,4.9,Bangalore
R002356,D0179,C00958,V0299,2025-06-30 16:02:00,2025-06-30 16:23:00,4.78,117.36,P002356,4.6,Ahmedabad
R002357,D0195,C01447,V0247,2024-12-11 20:01:00,2024-12-11 20:29:00,10.62,109.96,P002357,4.6,Ahmedabad
R002358,D0220,C00534,V0088,2024-03-12 15:06:00,2024-03-12 15:22:00,1.64,38.12,P002358,4.9,Bangalore
R002359,D0290,C00450,V0102,2025-03-01 23:19:00,2025-03-01 23:25:00,1.14,34.12,P002359,4.9,Delhi
R002360,D0126,C00830,V0290,2024-10-08 10:48:00,2024-10-08 10:55:00,2.02,41.16,P002360,4.9,Delhi
R002361,D0158,C00250,V0266,2024-12-20 12:05:00,2024-12-20 12:27:00,2.92,95.04,P002361,4.7,Chennai
R002362,D0016,C01783,V0285,2025-07-23 10:31:00,2025-07-23 10:34:00,1.39,56.68,P002362,4.6,Delhi
R002363,D0052,C00889,V0059,2024-02-18 12:19:00,2024-02-18 12:32:00,2.36,68.32,P002363,4.3,Chennai
R002364,D0173,C01568,V0188,2025-04-10 15:54:00,2025-04-10 16:12:00,1.6,37.8,P002364,3.5,Bangalore
R002365,D0074,C00113,V0267,2024-05-04 11:39:00,2024-05-04 11:56:00,2.1,75.2,P002365,4.3,Chennai
R002366,D0121,C00591,V0192,2024-04-15 00:14:00,2024-04-15 00:21:00,1.57,29.42,P002366,4.6,Kolkata
R002367,D0244,C01616,V0244,2024-02-18 00:08:00,2024-02-18 00:19:00,1.45,57.4,P002367,4.7,Bangalore
R002368,D0291,C01237,V0051,2024-04-17 10:55:00,2024-04-17 11:08:00,3.36,80.32,P002368,5.0,Bangalore
R002369,D0231,C00277,V0107,2025-03-22 07:10:00,2025-03-22 07:37:00,3.68,84.16,P002369,4.9,Kolkata
R002370,D0215,C00199,V0188,2024-03-31 06:46:00,2024-03-31 07:00:00,3.39,52.12,P002370,4.0,Mumbai
R002371,D0116,C01026,V0057,2025-01-12 17:00:00,2025-01-12 17:12:00,2.93,48.44,P002371,4.3,Bangalore
R002372,D0206,C00177,V0214,2024-02-23 08:56:00,2024-02-23 09:30:00,9.4,86.4,P002372,5.0,Delhi
R002373,D0227,C00814,V0128,2024-02-14 03:03:00,2024-02-14 03:17:00,3.64,54.12,P002373,4.2,Bangalore
R002374,D0002,C00355,V0119,2024-11-07 02:16:00,2024-11-07 02:29:00,3.55,41.3,P002374,4.6,Delhi
R002375,D0147,C00692,V0153,2024-12-03 22:39:00,2024-12-03 22:55:00,1.63,29.78,P002375,4.7,Ahmedabad
R002376,D0159,C01179,V0080,2025-01-23 08:44:00,2025-01-23 09:03:00,2.22,62.76,P002376,4.9,Bangalore
R002377,D0230,C00935,V0052,2024-06-23 04:37:00,2024-06-23 06:07:00,30.6,407.2,P002377,4.8,Chennai
R002378,D0202,C01321,V0043,2025-04-16 03:08:00,2025-04-16 03:37:00,4.94,69.64,P002378,4.6,Hyderabad
R002379,D0286,C00707,V0092,2024-11-22 04:48:00,2024-11-22 05:12:00,4.5,71.0,P002379,4.4,Pune
R002380,D0233,C00199,V0240,2025-08-21 13:40:00,2025-08-21 13:53:00,2.58,80.96,P002380,4.5,Bangalore
R002381,D0103,C00406,V0235,2025-04-02 21:07:00,2025-04-02 21:32:00,5.95,55.7,P002381,5.0,Ahmedabad
R002382,D0053,C01915,V0112,2025-06-18 16:15:00,2025-06-18 16:34:00,3.85,86.2,P002382,4.8,Bangalore
R002383,D0136,C00878,V0081,2025-08-14 15:42:00,2025-08-14 15:52:00,2.98,58.84,P002383,4.0,Mumbai
R002384,D0168,C01729,V0007,2025-05-16 08:20:00,2025-05-16 08:31:00,2.88,37.28,P002384,3.6,Ahmedabad
R002385,D0208,C00464,V0024,2025-05-09 07:05:00,2025-05-09 07:46:00,12.49,209.88,P002385,4.5,Hyderabad
R002386,D0120,C01389,V0214,2024-09-27 09:45:00,2024-09-27 10:02:00,3.03,38.18,P002386,4.7,Chennai
R002387,D0139,C00528,V0084,2024-03-25 11:35:00,2024-03-25 11:49:00,2.62,81.44,P002387,4.9,Mumbai
R002388,D0245,C00220,V0172,2024-09-05 21:41:00,2024-09-05 21:56:00,1.67,60.04,P002388,4.4,Bangalore
R002389,D0184,C00980,V0077,2024-07-29 22:04:00,2024-07-29 22:10:00,1.17,54.04,P002389,4.6,Hyderabad
R002390,D0106,C00403,V0090,2024-03-17 15:03:00,2024-03-17 15:19:00,3.49,81.88,P002390,4.6,Kolkata
R002391,D0152,C01514,V0015,2024-08-05 00:42:00,2024-08-05 00:52:00,1.15,44.2,P002391,5.0,Chennai
R002392,D0165,C00892,V0010,2024-08-09 14:52:00,2024-08-09 15:01:00,1.39,56.68,P002392,4.9,Delhi
R002393,D0205,C00652,V0166,2025-01-29 06:31:00,2025-01-29 06:50:00,1.94,63.28,P002393,4.0,Bangalore
R002394,D0283,C01910,V0090,2024-04-17 10:13:00,2024-04-17 10:31:00,3.45,81.4,P002394,4.8,Delhi
R002395,D0125,C00673,V0055,2025-06-24 16:54:00,2025-06-24 17:13:00,7.24,126.88,P002395,4.6,Delhi
R002396,D0134,C00043,V0287,2024-11-16 09:45:00,2024-11-16 10:23:00,8.53,142.36,P002396,4.6,Mumbai
R002397,D0277,C00047,V0084,2025-04-09 20:09:00,2025-04-09 20:20:00,1.39,56.68,P002397,4.7,Bangalore
R002398,D0003,C01340,V0159,2025-05-31 03:58:00,2025-05-31 04:02:00,1.41,56.92,P002398,4.9,Delhi
R002399,D0035,C01395,V0027,2024-05-13 07:58:00,2024-05-13 08:21:00,4.55,104.6,P002399,4.6,Ahmedabad
R002400,D0070,C01529,V0283,2025-01-07 12:28:00,2025-01-07 12:53:00,3.48,81.76,P002400,4.6,Kolkata
R002401,D0219,C01612,V0063,2025-06-09 06:49:00,2025-06-09 07:03:00,3.97,56.76,P002401,5.0,Ahmedabad
R002402,D0257,C00720,V0127,2025-02-13 06:04:00,2025-02-13 06:24:00,3.88,96.56,P002402,4.1,Kolkata
R002403,D0134,C01107,V0287,2024-10-11 13:10:00,2024-10-11 13:25:00,2.41,68.92,P002403,5.0,Mumbai
R002404,D0202,C01593,V0043,2024-11-10 18:41:00,2024-11-10 19:16:00,9.48,86.88,P002404,4.5,Hyderabad
R002405,D0138,C01317,V0027,2024-04-14 04:29:00,2024-04-14 04:45:00,5.9,110.8,P002405,5.0,Delhi
R002406,D0015,C01968,V0216,2024-04-19 23:07:00,2024-04-19 23:43:00,7.96,88.68,P002406,4.5,Delhi
R002407,D0105,C01091,V0248,2024-09-03 00:57:00,2024-09-03 01:09:00,2.68,66.44,P002407,5.0,Pune
R002408,D0052,C01912,V0059,2025-04-16 05:17:00,2025-04-16 05:40:00,6.94,123.28,P002408,4.8,Chennai
R002409,D0016,C01564,V0285,2024-01-30 15:42:00,2024-01-30 16:16:00,11.05,172.6,P002409,5.0,Delhi
R002410,D0216,C00857,V0188,2025-06-27 14:22:00,2025-06-27 14:43:00,3.29,61.32,P002410,4.7,Hyderabad
R002411,D0204,C00081,V0191,2024-09-28 03:59:00,2024-09-28 04:06:00,0.98,51.76,P002411,4.7,Mumbai
R002412,D0259,C00597,V0239,2025-07-17 02:22:00,2025-07-17 02:40:00,3.43,81.16,P002412,5.0,Mumbai
R002413,D0027,C00994,V0126,2025-03-17 06:09:00,2025-03-17 06:14:00,3.16,38.96,P002413,5.0,Ahmedabad
R002414,D0093,C00783,V0255,2025-02-10 16:27:00,2025-02-10 16:49:00,6.42,127.04,P002414,4.8,Ahmedabad
R002415,D0106,C00278,V0090,2025-06-04 10:03:00,2025-06-04 10:16:00,1.99,63.88,P002415,4.9,Kolkata
R002416,D0048,C00387,V0054,2025-03-27 08:23:00,2025-03-27 08:51:00,5.76,109.12,P002416,5.0,Bangalore
R002417,D0263,C01008,V0248,2024-04-10 01:41:00,2024-04-10 01:53:00,1.98,50.84,P002417,4.4,Kolkata
R002418,D0245,C00798,V0172,2025-01-26 23:59:00,2025-01-27 00:22:00,2.97,75.64,P002418,4.8,Bangalore
R002419,D0068,C00109,V0258,2025-03-08 06:18:00,2025-03-08 06:40:00,4.25,59.0,P002419,4.5,Ahmedabad
R002420,D0078,C01399,V0047,2024-07-12 12:11:00,2024-07-12 12:42:00,6.59,77.72,P002420,4.6,Bangalore
R002421,D0112,C01475,V0229,2024-10-09 16:38:00,2024-10-09 16:57:00,3.93,53.58,P002421,4.8,Kolkata
R002422,D0219,C01132,V0063,2025-05-20 16:27:00,2025-05-20 17:05:00,7.64,86.12,P002422,5.0,Ahmedabad
R002423,D0044,C01225,V0170,2024-04-21 21:03:00,2024-04-21 21:09:00,1.5,39.0,P002423,4.1,Ahmedabad
R002424,D0140,C01420,V0051,2024-09-11 03:14:00,2024-09-11 03:23:00,1.42,57.04,P002424,4.8,Ahmedabad
R002425,D0010,C00518,V0097,2024-04-27 01:57:00,2024-04-27 02:18:00,6.1,113.2,P002425,4.4,Delhi
R002426,D0109,C01137,V0152,2024-02-06 18:17:00,2024-02-06 18:52:00,8.99,106.92,P002426,4.4,Delhi
R002427,D0004,C00994,V0096,2024-09-01 02:34:00,2024-09-01 03:15:00,11.85,182.2,P002427,3.7,Pune
R002428,D0244,C01535,V0244,2024-04-13 08:14:00,2024-04-13 08:29:00,2.46,69.52,P002428,4.5,Bangalore
R002429,D0012,C00671,V0075,2025-02-18 12:25:00,2025-02-18 12:57:00,8.34,91.72,P002429,4.4,Delhi
R002430,D0233,C01971,V0240,2024-04-13 07:46:00,2024-04-13 08:05:00,4.56,94.72,P002430,4.0,Bangalore
R002431,D0178,C01579,V0112,2024-10-01 15:13:00,2024-10-01 15:34:00,3.19,78.28,P002431,4.7,Bangalore
R002432,D0072,C00136,V0184,2024-06-24 06:22:00,2024-06-24 06:35:00,3.15,77.8,P002432,4.7,Mumbai
R002433,D0070,C01190,V0283,2024-10-21 22:38:00,2024-10-21 22:43:00,1.0,52.0,P002433,4.6,Kolkata
R002434,D0003,C00163,V0159,2024-10-21 23:00:00,2024-10-21 23:04:00,1.0,72.0,P002434,5.0,Delhi
R002435,D0137,C01192,V0259,2024-04-06 05:32:00,2024-04-06 05:54:00,2.77,73.24,P002435,5.0,Bangalore
R002436,D0114,C01493,V0119,2025-05-03 23:19:00,2025-05-04 00:13:00,15.63,113.78,P002436,4.3,Mumbai
R002437,D0107,C00852,V0124,2024-09-01 05:20:00,2024-09-01 05:24:00,0.9,50.8,P002437,4.7,Pune
R002438,D0144,C01671,V0105,2024-03-12 05:11:00,2024-03-12 05:23:00,1.39,28.34,P002438,4.3,Bangalore
R002439,D0231,C01892,V0107,2024-12-06 14:09:00,2024-12-06 14:22:00,1.48,57.76,P002439,4.5,Kolkata
R002440,D0188,C00228,V0074,2024-01-14 21:30:00,2024-01-14 21:47:00,1.58,68.96,P002440,5.0,Kolkata
R002441,D0022,C00397,V0284,2025-03-14 10:01:00,2025-03-14 10:48:00,13.91,206.92,P002441,5.0,Bangalore
R002442,D0249,C00516,V0290,2024-06-30 08:56:00,2024-06-30 09:12:00,1.64,38.12,P002442,4.6,Kolkata
R002443,D0075,C00177,V0067,2024-03-19 05:43:00,2024-03-19 06:22:00,7.24,82.92,P002443,5.0,Hyderabad
R002444,D0285,C00976,V0054,2024-01-10 19:22:00,2024-01-10 19:45:00,5.03,100.36,P002444,4.9,Chennai
R002445,D0109,C01670,V0152,2025-04-30 18:00:00,2025-04-30 18:22:00,2.53,45.24,P002445,5.0,Delhi
R002446,D0213,C01776,V0009,2025-05-15 07:30:00,2025-05-15 07:38:00,1.23,74.76,P002446,4.4,Pune
R002447,D0025,C00698,V0217,2024-04-22 01:52:00,2024-04-22 02:21:00,6.85,61.1,P002447,4.4,Pune
R002448,D0090,C01433,V0234,2024-01-18 18:43:00,2024-01-18 19:19:00,11.1,173.2,P002448,4.2,Bangalore
R002449,D0114,C01336,V0119,2024-10-24 07:33:00,2024-10-24 07:55:00,5.62,53.72,P002449,5.0,Mumbai
R002450,D0031,C01048,V0263,2025-05-30 05:48:00,2025-05-30 06:10:00,5.89,65.34,P002450,4.8,Mumbai
R002451,D0026,C01708,V0066,2024-05-30 03:06:00,2024-05-30 03:21:00,3.39,40.34,P002451,4.3,Hyderabad
R002452,D0176,C01752,V0141,2024-11-07 23:21:00,2024-11-07 23:40:00,3.95,63.7,P002452,4.5,Pune
R002453,D0101,C01917,V0274,2025-04-08 15:47:00,2025-04-08 16:12:00,6.99,123.88,P002453,4.5,Chennai
R002454,D0157,C01736,V0217,2024-12-25 17:16:00,2024-12-25 17:37:00,6.38,58.28,P002454,5.0,Delhi
R002455,D0032,C00528,V0015,2025-05-13 08:23:00,2025-05-13 08:30:00,1.76,39.08,P002455,4.7,Bangalore
R002456,D0065,C02000,V0025,2025-04-14 00:52:00,2025-04-14 01:31:00,9.23,75.38,P002456,4.7,Mumbai
R002457,D0225,C01697,V0106,2024-12-27 09:45:00,2024-12-27 10:03:00,2.11,41.88,P002457,4.3,Kolkata
R002458,D0062,C01556,V0241,2024-12-07 16:49:00,2024-12-07 17:03:00,0.85,50.2,P002458,4.6,Hyderabad
R002459,D0123,C00483,V0247,2025-05-10 03:17:00,2025-05-10 03:53:00,9.8,103.4,P002459,5.0,Pune
R002460,D0281,C01152,V0294,2025-06-15 23:40:00,2025-06-16 00:02:00,3.99,87.88,P002460,4.6,Delhi
R002461,D0047,C01150,V0054,2024-01-22 04:26:00,2024-01-22 04:42:00,1.2,54.4,P002461,5.0,Chennai
R002462,D0145,C01119,V0195,2024-08-13 21:09:00,2024-08-13 21:41:00,6.35,75.8,P002462,4.8,Pune
R002463,D0245,C00140,V0172,2024-12-31 15:01:00,2024-12-31 15:19:00,5.22,102.64,P002463,4.8,Bangalore
R002464,D0105,C00512,V0248,2024-09-07 18:47:00,2024-09-07 19:22:00,6.78,79.24,P002464,4.2,Pune
R002465,D0291,C01406,V0051,2025-03-17 11:13:00,2025-03-17 12:04:00,13.97,207.64,P002465,4.7,Bangalore
R002466,D0226,C01895,V0183,2024-04-01 06:58:00,2024-04-01 07:10:00,2.24,66.88,P002466,4.5,Ahmedabad
R002467,D0077,C00199,V0276,2025-01-21 20:06:00,2025-01-21 20:30:00,6.11,113.32,P002467,5.0,Chennai
R002468,D0005,C01631,V0047,2024-10-07 20:43:00,2024-10-07 20:51:00,2.08,41.64,P002468,4.5,Pune
R002469,D0162,C00828,V0020,2025-07-11 14:56:00,2025-07-11 15:13:00,2.29,67.48,P002469,4.5,Mumbai
R002470,D0268,C00474,V0271,2025-06-23 05:16:00,2025-06-23 05:37:00,3.81,85.72,P002470,4.3,Mumbai
R002471,D0205,C01899,V0166,2024-12-23 10:25:00,2024-12-23 10:48:00,3.18,98.16,P002471,4.8,Bangalore
R002472,D0096,C01764,V0145,2025-03-03 08:19:00,2025-03-03 08:37:00,2.27,67.24,P002472,4.8,Delhi
R002473,D0278,C01600,V0214,2024-07-14 01:37:00,2024-07-14 02:40:00,19.99,139.94,P002473,4.9,Kolkata
R002474,D0106,C00499,V0090,2025-06-16 22:21:00,2025-06-16 22:52:00,7.76,143.12,P002474,4.5,Kolkata
R002475,D0120,C00414,V0214,2024-05-05 13:50:00,2024-05-05 14:00:00,1.54,29.24,P002475,4.9,Chennai
R002476,D0187,C01456,V0192,2025-04-10 18:50:00,2025-04-10 19:02:00,2.02,32.12,P002476,5.0,Delhi
R002477,D0091,C01798,V0293,2024-12-21 09:07:00,2024-12-21 09:52:00,11.67,180.04,P002477,5.0,Bangalore
R002478,D0057,C01774,V0198,2024-01-09 15:59:00,2024-01-09 16:21:00,8.5,142.0,P002478,4.1,Chennai
R002479,D0133,C00453,V0080,2024-05-30 14:43:00,2024-05-30 15:01:00,2.78,47.24,P002479,4.5,Pune
R002480,D0258,C01924,V0078,2024-06-02 16:18:00,2024-06-02 16:37:00,6.26,57.56,P002480,4.8,Chennai
R002481,D0046,C01681,V0271,2025-07-25 21:10:00,2025-07-25 21:26:00,3.4,80.8,P002481,4.9,Delhi
R002482,D0163,C01910,V0286,2024-11-06 15:18:00,2024-11-06 15:36:00,4.94,49.64,P002482,4.7,Chennai
R002483,D0246,C01804,V0079,2024-03-07 09:00:00,2024-03-07 09:36:00,8.81,95.48,P002483,4.9,Mumbai
R002484,D0047,C00076,V0054,2025-04-09 01:13:00,2025-04-09 01:45:00,9.06,148.72,P002484,4.3,Chennai
R002485,D0104,C01468,V0290,2024-10-16 18:07:00,2024-10-16 18:27:00,1.93,40.44,P002485,4.9,Ahmedabad
R002486,D0221,C00573,V0220,2024-02-24 15:19:00,2024-02-24 15:45:00,3.09,38.54,P002486,4.5,Delhi
R002487,D0138,C01479,V0027,2024-01-06 13:22:00,2024-01-06 13:40:00,2.04,64.48,P002487,4.8,Delhi
R002488,D0290,C01539,V0102,2024-01-01 01:16:00,2024-01-01 01:47:00,5.68,70.44,P002488,4.8,Delhi
R002489,D0185,C00415,V0053,2024-05-21 11:56:00,2024-05-21 12:19:00,3.5,73.0,P002489,4.6,Chennai
R002490,D0228,C01018,V0124,2024-10-17 16:42:00,2024-10-17 16:57:00,2.41,68.92,P002490,5.0,Pune
R002491,D0289,C01706,V0187,2025-07-28 04:05:00,2025-07-28 04:38:00,7.18,146.16,P002491,4.9,Mumbai
R002492,D0067,C00803,V0199,2024-10-04 04:46:00,2024-10-04 05:02:00,2.15,65.8,P002492,4.5,Mumbai
R002493,D0282,C01506,V0148,2024-07-20 13:37:00,2024-07-20 14:18:00,11.01,192.12,P002493,5.0,Hyderabad
R002494,D0220,C01515,V0088,2024-03-23 09:14:00,2024-03-23 09:30:00,3.46,52.68,P002494,4.5,Bangalore
R002495,D0031,C00790,V0263,2024-02-02 15:59:00,2024-02-02 16:02:00,0.66,23.96,P002495,4.1,Mumbai
R002496,D0012,C01716,V0075,2024-12-29 07:51:00,2024-12-29 08:17:00,4.07,57.56,P002496,4.3,Delhi
R002497,D0268,C01121,V0271,2025-01-30 13:25:00,2025-01-30 13:42:00,2.15,85.8,P002497,4.0,Mumbai
R002498,D0122,C00757,V0273,2024-04-10 08:58:00,2024-04-10 09:45:00,12.16,92.96,P002498,4.4,Pune
R002499,D0163,C00723,V0286,2024-11-05 19:19:00,2024-11-05 19:24:00,1.65,29.9,P002499,4.2,Chennai
R002500,D0205,C00413,V0166,2024-06-26 18:27:00,2024-06-26 18:44:00,3.25,79.0,P002500,4.4,Bangalore
R002501,D0019,C00950,V0250,2024-11-26 18:08:00,2024-11-26 18:38:00,6.84,132.08,P002501,4.9,Chennai
R002502,D0116,C00024,V0057,2024-07-23 08:08:00,2024-07-23 08:30:00,2.88,48.04,P002502,4.6,Bangalore
R002503,D0271,C00631,V0166,2025-03-02 17:12:00,2025-03-02 17:26:00,1.9,62.8,P002503,5.0,Mumbai
R002504,D0119,C01936,V0044,2024-11-04 09:05:00,2024-11-04 10:14:00,16.28,235.36,P002504,4.5,Bangalore
R002505,D0010,C01491,V0097,2024-10-31 18:59:00,2024-10-31 19:25:00,8.29,139.48,P002505,4.5,Delhi
R002506,D0017,C01656,V0170,2025-04-17 17:11:00,2025-04-17 18:00:00,11.39,98.34,P002506,4.1,Mumbai
R002507,D0040,C01811,V0294,2025-01-19 13:06:00,2025-01-19 13:13:00,1.06,52.72,P002507,4.6,Bangalore
R002508,D0055,C00786,V0237,2024-05-21 16:28:00,2024-05-21 16:56:00,6.52,118.24,P002508,4.6,Chennai
R002509,D0065,C00556,V0025,2024-11-16 16:59:00,2024-11-16 17:16:00,2.75,36.5,P002509,4.5,Mumbai
R002510,D0050,C00525,V0033,2025-01-01 14:22:00,2025-01-01 14:57:00,6.66,119.92,P002510,4.6,Kolkata
R002511,D0118,C01790,V0253,2025-03-13 14:26:00,2025-03-13 15:11:00,13.13,98.78,P002511,4.4,Kolkata
R002512,D0176,C00447,V0141,2025-02-24 14:01:00,2025-02-24 14:23:00,5.13,50.78,P002512,5.0,Pune
R002513,D0008,C01236,V0203,2025-07-26 00:49:00,2025-07-26 00:56:00,1.09,26.54,P002513,4.7,Chennai
R002514,D0075,C01245,V0067,2025-03-07 02:48:00,2025-03-07 03:09:00,4.72,62.76,P002514,4.4,Hyderabad
R002515,D0035,C00640,V0027,2024-05-23 19:58:00,2024-05-23 20:11:00,1.12,53.44,P002515,4.7,Ahmedabad
R002516,D0122,C01595,V0273,2024-11-05 07:37:00,2024-11-05 07:43:00,1.35,28.1,P002516,4.5,Pune
R002517,D0171,C01609,V0263,2025-06-08 11:08:00,2025-06-08 11:37:00,6.34,58.04,P002517,4.5,Mumbai
R002518,D0158,C00321,V0266,2025-07-10 18:56:00,2025-07-10 19:10:00,2.37,68.44,P002518,4.5,Chennai
R002519,D0200,C00554,V0014,2024-10-27 01:48:00,2024-10-27 02:03:00,1.53,29.18,P002519,4.2,Bangalore
R002520,D0230,C00149,V0052,2025-02-06 04:25:00,2025-02-06 04:42:00,4.77,97.24,P002520,5.0,Chennai
R002521,D0118,C00088,V0253,2024-01-07 14:51:00,2024-01-07 14:59:00,1.45,28.7,P002521,4.8,Kolkata
R002522,D0097,C01803,V0288,2025-06-14 14:53:00,2025-06-14 15:01:00,1.17,27.02,P002522,4.9,Mumbai
R002523,D0189,C01615,V0025,2024-02-25 02:03:00,2024-02-25 02:12:00,2.43,34.58,P002523,4.5,Pune
R002524,D0067,C01438,V0199,2024-10-03 20:06:00,2024-10-03 20:30:00,3.22,78.64,P002524,4.1,Mumbai
R002525,D0202,C01337,V0043,2024-12-07 19:06:00,2024-12-07 19:36:00,6.83,80.98,P002525,4.0,Hyderabad
R002526,D0108,C00255,V0105,2024-10-24 18:30:00,2024-10-24 18:47:00,3.84,43.04,P002526,4.3,Delhi
R002527,D0114,C01923,V0119,2024-12-05 01:07:00,2024-12-05 01:10:00,2.52,35.12,P002527,4.1,Mumbai
R002528,D0288,C00036,V0214,2025-08-21 21:32:00,2025-08-21 21:49:00,1.45,38.7,P002528,3.9,Kolkata
R002529,D0140,C01490,V0051,2024-02-24 22:13:00,2024-02-24 23:00:00,12.64,211.68,P002529,4.2,Ahmedabad
R002530,D0182,C00816,V0120,2025-06-12 04:35:00,2025-06-12 04:41:00,1.61,37.88,P002530,4.9,Chennai
R002531,D0169,C01647,V0019,2025-05-22 04:14:00,2025-05-22 04:30:00,2.44,69.28,P002531,5.0,Pune
R002532,D0162,C01251,V0020,2024-06-07 09:40:00,2024-06-07 10:05:00,9.59,155.08,P002532,4.6,Mumbai
R002533,D0200,C00876,V0014,2024-11-14 23:59:00,2024-11-15 00:14:00,1.28,27.68,P002533,4.1,Bangalore
R002534,D0268,C01203,V0271,2024-01-07 15:39:00,2024-01-07 15:55:00,4.88,98.56,P002534,4.7,Mumbai
R002535,D0278,C00255,V0214,2024-07-24 03:04:00,2024-07-24 03:27:00,3.69,42.14,P002535,4.3,Kolkata
R002536,D0004,C01581,V0096,2024-01-01 04:38:00,2024-01-01 05:19:00,10.47,165.64,P002536,4.6,Pune
R002537,D0028,C01303,V0240,2024-05-03 16:06:00,2024-05-03 16:25:00,2.26,67.12,P002537,5.0,Bangalore
R002538,D0112,C00562,V0229,2024-09-10 06:06:00,2024-09-10 06:33:00,2.89,37.34,P002538,4.4,Kolkata
R002539,D0201,C01532,V0211,2025-04-30 00:53:00,2025-04-30 01:23:00,4.25,55.5,P002539,5.0,Bangalore
R002540,D0269,C01614,V0140,2025-06-01 14:25:00,2025-06-01 15:06:00,6.45,117.4,P002540,5.0,Chennai
R002541,D0167,C00365,V0088,2024-02-26 03:19:00,2024-02-26 04:25:00,19.34,179.72,P002541,5.0,Mumbai
R002542,D0182,C01694,V0120,2025-02-18 15:11:00,2025-02-18 15:24:00,3.94,66.52,P002542,4.5,Chennai
R002543,D0099,C01348,V0260,2024-08-28 17:16:00,2024-08-28 17:23:00,1.03,33.24,P002543,4.4,Bangalore
R002544,D0228,C01187,V0124,2025-03-25 21:39:00,2025-03-25 22:06:00,5.72,108.64,P002544,5.0,Pune
R002545,D0164,C00388,V0146,2024-05-06 13:09:00,2024-05-06 13:24:00,3.13,50.04,P002545,4.4,Kolkata
R002546,D0066,C00319,V0234,2024-01-23 05:09:00,2024-01-23 05:13:00,1.09,53.08,P002546,4.7,Ahmedabad
R002547,D0055,C01027,V0237,2024-09-03 05:32:00,2024-09-03 05:51:00,2.61,81.32,P002547,4.9,Chennai
R002548,D0143,C01721,V0084,2025-07-13 06:30:00,2025-07-13 07:05:00,5.14,101.68,P002548,4.4,Chennai
R002549,D0043,C00022,V0284,2025-05-06 09:18:00,2025-05-06 09:57:00,11.36,176.32,P002549,4.9,Hyderabad
R002550,D0151,C01943,V0270,2024-04-12 18:31:00,2024-04-12 18:49:00,1.79,39.32,P002550,4.4,Pune
R002551,D0290,C00428,V0102,2025-01-11 21:17:00,2025-01-11 22:25:00,19.19,178.52,P002551,4.7,Delhi
R002552,D0030,C01344,V0164,2025-02-04 12:44:00,2025-02-04 12:51:00,3.43,40.58,P002552,5.0,Hyderabad
R002553,D0093,C01256,V0255,2024-04-19 14:26:00,2024-04-19 14:39:00,3.79,85.48,P002553,4.5,Ahmedabad
R002554,D0147,C01255,V0153,2025-03-11 04:01:00,2025-03-11 04:40:00,7.75,66.5,P002554,4.5,Ahmedabad
R002555,D0078,C00192,V0047,2024-10-17 14:07:00,2024-10-17 14:15:00,1.73,38.84,P002555,4.6,Bangalore
R002556,D0099,C01315,V0260,2025-07-31 12:00:00,2025-07-31 12:25:00,7.71,86.68,P002556,4.5,Bangalore
R002557,D0195,C00742,V0247,2025-08-17 09:02:00,2025-08-17 09:10:00,1.72,38.76,P002557,5.0,Ahmedabad
R002558,D0221,C00082,V0220,2025-03-31 01:58:00,2025-03-31 02:09:00,1.23,37.38,P002558,4.4,Delhi
R002559,D0219,C00873,V0063,2024-12-29 04:29:00,2024-12-29 04:58:00,4.86,83.88,P002559,4.0,Ahmedabad
R002560,D0063,C00531,V0033,2025-04-14 08:00:00,2025-04-14 08:35:00,8.89,146.68,P002560,4.7,Delhi
R002561,D0246,C00165,V0079,2024-06-11 11:32:00,2024-06-11 12:08:00,8.78,95.24,P002561,4.4,Mumbai
R002562,D0171,C00099,V0263,2025-05-30 06:22:00,2025-05-30 06:33:00,1.74,30.44,P002562,4.7,Mumbai
R002563,D0183,C00114,V0231,2025-06-21 12:32:00,2025-06-21 13:05:00,4.93,49.58,P002563,4.7,Bangalore
R002564,D0169,C01939,V0019,2024-03-05 05:41:00,2024-03-05 05:55:00,1.18,54.16,P002564,4.2,Pune
R002565,D0099,C01357,V0260,2024-06-04 11:41:00,2024-06-04 12:06:00,4.28,59.24,P002565,4.4,Bangalore
R002566,D0165,C00982,V0010,2025-07-30 10:29:00,2025-07-30 10:38:00,2.3,67.6,P002566,4.6,Delhi
R002567,D0007,C00296,V0031,2024-05-23 08:50:00,2024-05-23 09:07:00,1.65,29.9,P002567,4.2,Ahmedabad
R002568,D0001,C00173,V0080,2024-11-06 12:04:00,2024-11-06 12:21:00,4.32,59.56,P002568,4.8,Bangalore
R002569,D0135,C01454,V0146,2025-05-10 12:30:00,2025-05-10 12:49:00,2.63,56.04,P002569,4.6,Kolkata
R002570,D0140,C00332,V0051,2024-07-03 18:45:00,2024-07-03 18:54:00,2.14,75.68,P002570,4.8,Ahmedabad
R002571,D0151,C01055,V0270,2025-06-03 21:33:00,2025-06-03 22:02:00,8.34,91.72,P002571,4.0,Pune
R002572,D0258,C00183,V0078,2024-09-22 04:44:00,2024-09-22 05:20:00,7.74,66.44,P002572,4.4,Chennai
R002573,D0182,C00267,V0120,2024-11-27 18:37:00,2024-11-27 18:56:00,4.04,57.32,P002573,4.5,Chennai
R002574,D0192,C01722,V0070,2024-12-22 18:39:00,2024-12-22 18:48:00,1.85,31.1,P002574,4.6,Kolkata
R002575,D0288,C01420,V0214,2025-02-17 02:02:00,2025-02-17 02:19:00,0.97,25.82,P002575,4.1,Kolkata
R002576,D0069,C00703,V0214,2024-01-31 23:10:00,2024-01-31 23:31:00,5.55,53.3,P002576,4.5,Ahmedabad
R002577,D0068,C00570,V0258,2024-08-25 03:42:00,2024-08-25 03:51:00,1.46,36.68,P002577,4.3,Ahmedabad
R002578,D0127,C01077,V0123,2024-04-18 15:59:00,2024-04-18 17:01:00,14.87,218.44,P002578,4.6,Kolkata
R002579,D0119,C01673,V0044,2025-05-02 10:48:00,2025-05-02 11:02:00,2.33,67.96,P002579,4.4,Bangalore
R002580,D0199,C01168,V0282,2024-08-25 23:50:00,2024-08-26 00:32:00,11.58,178.96,P002580,5.0,Chennai
R002581,D0295,C00196,V0002,2024-08-30 03:57:00,2024-08-30 04:39:00,12.05,184.6,P002581,4.0,Kolkata
R002582,D0012,C01186,V0075,2024-06-27 23:57:00,2024-06-28 00:19:00,2.67,46.36,P002582,4.6,Delhi
R002583,D0247,C00107,V0258,2025-01-28 13:59:00,2025-01-28 14:10:00,2.87,47.96,P002583,4.5,Pune
R002584,D0021,C00162,V0241,2024-03-06 01:39:00,2024-03-06 02:13:00,6.8,131.6,P002584,4.3,Mumbai
R002585,D0260,C00363,V0070,2024-09-13 03:02:00,2024-09-13 03:12:00,1.13,26.78,P002585,4.9,Chennai
R002586,D0033,C01484,V0281,2024-03-15 14:48:00,2024-03-15 15:06:00,3.82,85.84,P002586,3.8,Bangalore
R002587,D0113,C01038,V0134,2025-01-18 19:40:00,2025-01-18 20:09:00,9.34,152.08,P002587,4.9,Ahmedabad
R002588,D0067,C00215,V0199,2024-01-31 05:20:00,2024-01-31 05:51:00,9.18,160.16,P002588,5.0,Mumbai
R002589,D0019,C01177,V0250,2024-04-20 22:28:00,2024-04-20 22:38:00,1.37,56.44,P002589,4.0,Chennai
R002590,D0066,C00972,V0234,2025-01-21 04:40:00,2025-01-21 05:00:00,2.0,74.0,P002590,4.2,Ahmedabad
R002591,D0135,C00022,V0146,2025-08-10 17:12:00,2025-08-10 18:10:00,18.77,175.16,P002591,4.8,Kolkata
R002592,D0268,C01299,V0271,2024-07-19 08:31:00,2024-07-19 08:51:00,3.18,78.16,P002592,4.5,Mumbai
R002593,D0276,C01390,V0012,2025-03-24 21:18:00,2025-03-24 21:35:00,1.72,80.64,P002593,4.7,Chennai
R002594,D0184,C01444,V0077,2024-08-18 06:47:00,2024-08-18 07:23:00,9.28,151.36,P002594,4.8,Hyderabad
R002595,D0291,C00373,V0051,2024-06-14 13:52:00,2024-06-14 14:05:00,3.87,86.44,P002595,3.5,Bangalore
R002596,D0200,C01970,V0014,2025-06-25 06:05:00,2025-06-25 06:34:00,7.27,73.62,P002596,4.6,Bangalore
R002597,D0158,C01384,V0266,2025-08-19 00:40:00,2025-08-19 01:11:00,2.46,69.52,P002597,4.3,Chennai
R002598,D0025,C01956,V0217,2024-04-08 06:02:00,2024-04-08 06:37:00,7.98,67.88,P002598,4.3,Pune
R002599,D0291,C01757,V0051,2024-05-23 00:23:00,2024-05-23 00:48:00,4.96,99.52,P002599,4.3,Bangalore
R002600,D0191,C01842,V0050,2025-02-21 18:34:00,2025-02-21 18:41:00,1.22,34.76,P002600,4.6,Bangalore
R002601,D0140,C00029,V0051,2024-03-14 10:11:00,2024-03-14 10:39:00,5.56,106.72,P002601,4.6,Ahmedabad
R002602,D0165,C01030,V0010,2025-06-24 15:12:00,2025-06-24 15:23:00,2.92,75.04,P002602,4.7,Delhi
R002603,D0035,C00256,V0027,2024-07-31 18:52:00,2024-07-31 19:09:00,3.58,82.96,P002603,4.6,Ahmedabad
R002604,D0040,C00276,V0294,2025-04-30 16:22:00,2025-04-30 16:38:00,3.05,86.6,P002604,4.6,Bangalore
R002605,D0114,C00540,V0119,2024-12-31 19:57:00,2024-12-31 20:04:00,1.7,30.2,P002605,4.2,Mumbai
R002606,D0230,C01954,V0052,2025-07-26 04:51:00,2025-07-26 05:12:00,2.61,71.32,P002606,3.9,Chennai
R002607,D0159,C01999,V0080,2024-03-09 14:27:00,2024-03-09 14:51:00,8.57,103.56,P002607,4.1,Bangalore
R002608,D0046,C00024,V0271,2025-01-20 02:36:00,2025-01-20 03:08:00,5.75,109.0,P002608,4.5,Delhi
R002609,D0232,C01152,V0160,2024-03-21 04:50:00,2024-03-21 05:09:00,3.95,43.7,P002609,4.2,Ahmedabad
R002610,D0005,C01802,V0047,2025-06-13 09:06:00,2025-06-13 09:26:00,5.15,76.2,P002610,4.9,Pune
R002611,D0022,C01868,V0284,2024-04-30 15:14:00,2024-04-30 15:29:00,1.69,60.28,P002611,4.2,Bangalore
R002612,D0259,C01867,V0239,2024-02-22 19:34:00,2024-02-22 19:42:00,1.67,60.04,P002612,4.6,Mumbai
R002613,D0111,C01480,V0154,2024-12-04 00:14:00,2024-12-04 00:21:00,1.88,31.28,P002613,4.8,Ahmedabad
R002614,D0272,C01525,V0288,2024-10-23 08:24:00,2024-10-23 09:25:00,15.21,111.26,P002614,4.2,Hyderabad
R002615,D0067,C01385,V0199,2025-01-01 02:55:00,2025-01-01 03:21:00,7.72,132.64,P002615,4.4,Mumbai
R002616,D0211,C01146,V0150,2024-06-10 09:04:00,2024-06-10 09:44:00,12.64,126.12,P002616,5.0,Bangalore
R002617,D0204,C00900,V0191,2025-07-01 18:15:00,2025-07-01 18:52:00,10.69,168.28,P002617,4.8,Mumbai
R002618,D0244,C01350,V0244,2025-06-14 19:32:00,2025-06-14 19:55:00,5.42,105.04,P002618,4.6,Bangalore
R002619,D0070,C01327,V0283,2024-11-15 12:39:00,2024-11-15 12:46:00,2.04,64.48,P002619,4.6,Kolkata
R002620,D0293,C01752,V0198,2024-02-28 17:44:00,2024-02-28 17:57:00,3.02,76.24,P002620,4.7,Hyderabad
R002621,D0240,C01721,V0011,2024-04-23 18:30:00,2024-04-23 18:40:00,1.61,37.88,P002621,4.7,Pune
R002622,D0049,C01643,V0057,2024-09-26 20:01:00,2024-09-26 20:55:00,16.8,159.4,P002622,5.0,Chennai
R002623,D0187,C01798,V0192,2024-02-03 10:26:00,2024-02-03 10:48:00,6.97,61.82,P002623,4.7,Delhi
R002624,D0025,C00924,V0217,2024-09-24 06:21:00,2024-09-24 06:46:00,6.06,56.36,P002624,4.2,Pune
R002625,D0272,C00979,V0288,2024-03-01 04:13:00,2024-03-01 04:53:00,10.43,82.58,P002625,5.0,Hyderabad
R002626,D0295,C00757,V0002,2025-07-14 23:21:00,2025-07-14 23:34:00,3.28,79.36,P002626,4.7,Kolkata
R002627,D0120,C00600,V0214,2024-03-04 07:31:00,2024-03-04 07:46:00,1.15,26.9,P002627,4.6,Chennai
R002628,D0267,C00328,V0115,2024-03-15 18:57:00,2024-03-15 19:20:00,2.54,45.32,P002628,5.0,Ahmedabad
R002629,D0137,C01664,V0259,2024-02-06 11:04:00,2024-02-06 11:16:00,2.51,70.12,P002629,4.4,Bangalore
R002630,D0195,C01274,V0247,2025-03-02 19:47:00,2025-03-02 20:20:00,7.31,83.48,P002630,4.4,Ahmedabad
R002631,D0078,C01637,V0047,2024-03-23 17:30:00,2024-03-23 17:54:00,5.4,68.2,P002631,4.1,Bangalore
R002632,D0101,C00780,V0274,2024-05-12 08:46:00,2024-05-12 09:01:00,2.05,74.6,P002632,4.9,Chennai
R002633,D0098,C00637,V0187,2024-02-12 03:02:00,2024-02-12 03:42:00,13.17,198.04,P002633,4.2,Delhi
R002634,D0233,C00875,V0240,2025-05-23 16:14:00,2025-05-23 16:51:00,7.92,155.04,P002634,5.0,Bangalore
R002635,D0287,C01965,V0078,2024-12-24 13:30:00,2024-12-24 13:50:00,2.39,34.34,P002635,5.0,Hyderabad
R002636,D0113,C00540,V0134,2024-11-06 07:01:00,2024-11-06 07:21:00,1.46,57.52,P002636,4.0,Ahmedabad
R002637,D0232,C00942,V0160,2024-02-26 00:49:00,2024-02-26 01:16:00,4.95,59.7,P002637,5.0,Ahmedabad
R002638,D0284,C00976,V0175,2024-07-19 17:38:00,2024-07-19 17:55:00,1.75,71.0,P002638,4.6,Delhi
R002639,D0191,C00708,V0050,2025-01-23 21:43:00,2025-01-23 21:59:00,4.78,63.24,P002639,4.7,Bangalore
R002640,D0009,C01986,V0058,2024-01-19 17:30:00,2024-01-19 17:45:00,3.81,42.86,P002640,4.3,Delhi
R002641,D0025,C01117,V0217,2024-02-23 12:49:00,2024-02-23 13:08:00,5.07,50.42,P002641,5.0,Pune
R002642,D0088,C01659,V0200,2025-01-21 22:08:00,2025-01-21 22:29:00,3.41,80.92,P002642,4.9,Mumbai
R002643,D0104,C00486,V0290,2025-03-16 22:27:00,2025-03-16 22:52:00,6.05,73.4,P002643,5.0,Ahmedabad
R002644,D0127,C01259,V0123,2025-07-16 04:07:00,2025-07-16 04:14:00,1.95,63.4,P002644,4.1,Kolkata
R002645,D0048,C01452,V0054,2025-03-24 03:57:00,2025-03-24 04:31:00,10.1,171.2,P002645,4.2,Bangalore
R002646,D0234,C01356,V0158,2025-01-11 11:12:00,2025-01-11 11:25:00,1.32,35.56,P002646,4.7,Delhi
R002647,D0251,C01214,V0041,2024-12-17 13:58:00,2024-12-17 14:14:00,2.24,66.88,P002647,4.2,Pune
R002648,D0076,C01146,V0230,2024-02-29 07:14:00,2024-02-29 07:31:00,1.48,57.76,P002648,4.3,Bangalore
R002649,D0270,C00650,V0127,2024-04-04 18:00:00,2024-04-04 18:18:00,1.97,63.64,P002649,4.7,Bangalore
R002650,D0019,C01050,V0250,2024-08-20 13:47:00,2024-08-20 14:08:00,3.22,98.64,P002650,4.6,Chennai
R002651,D0153,C01943,V0279,2025-07-03 18:02:00,2025-07-03 18:20:00,3.58,82.96,P002651,4.2,Kolkata
R002652,D0195,C01682,V0247,2024-01-16 23:15:00,2024-01-16 23:31:00,2.32,53.56,P002652,4.3,Ahmedabad
R002653,D0116,C00193,V0057,2024-02-28 02:03:00,2024-02-28 02:49:00,12.98,128.84,P002653,4.2,Bangalore
R002654,D0278,C00752,V0214,2024-05-09 14:11:00,2024-05-09 14:22:00,3.15,38.9,P002654,4.4,Kolkata
R002655,D0173,C00054,V0188,2024-10-16 01:20:00,2024-10-16 01:34:00,2.09,41.72,P002655,5.0,Bangalore
R002656,D0291,C00805,V0051,2024-12-24 19:41:00,2024-12-24 20:20:00,8.93,147.16,P002656,4.7,Bangalore
R002657,D0201,C00041,V0211,2024-09-07 09:08:00,2024-09-07 09:42:00,7.95,67.7,P002657,4.0,Bangalore
R002658,D0029,C00372,V0069,2025-02-11 15:42:00,2025-02-11 15:56:00,2.58,35.48,P002658,4.1,Ahmedabad
R002659,D0291,C01479,V0051,2024-05-05 21:04:00,2024-05-05 22:14:00,18.52,262.24,P002659,4.2,Bangalore
R002660,D0158,C01739,V0266,2024-03-19 08:34:00,2024-03-19 08:51:00,6.56,118.72,P002660,5.0,Chennai
R002661,D0138,C00640,V0027,2024-07-29 15:45:00,2024-07-29 15:59:00,4.05,88.6,P002661,4.3,Delhi
R002662,D0221,C00647,V0220,2024-12-31 07:28:00,2024-12-31 08:04:00,8.66,71.96,P002662,5.0,Delhi
R002663,D0018,C00861,V0057,2024-11-05 11:49:00,2024-11-05 12:05:00,2.09,41.72,P002663,4.9,Hyderabad
R002664,D0268,C00415,V0271,2025-07-18 09:55:00,2025-07-18 10:15:00,2.8,73.6,P002664,4.4,Mumbai
R002665,D0212,C01594,V0161,2024-09-07 16:57:00,2024-09-07 17:10:00,0.76,24.56,P002665,5.0,Mumbai
R002666,D0135,C00097,V0146,2024-09-30 10:44:00,2024-09-30 11:00:00,3.55,63.4,P002666,4.2,Kolkata
R002667,D0231,C00579,V0107,2025-07-08 16:06:00,2025-07-08 16:30:00,3.31,79.72,P002667,4.3,Kolkata
R002668,D0225,C00859,V0106,2024-02-25 11:57:00,2024-02-25 12:15:00,0.86,41.88,P002668,5.0,Kolkata
R002669,D0140,C00382,V0051,2025-02-24 22:39:00,2025-02-24 22:53:00,1.5,58.0,P002669,5.0,Ahmedabad
R002670,D0019,C00499,V0250,2025-05-12 08:05:00,2025-05-12 08:20:00,5.26,103.12,P002670,5.0,Chennai
R002671,D0298,C00454,V0294,2024-07-27 04:53:00,2024-07-27 05:01:00,1.19,54.28,P002671,4.8,Hyderabad
R002672,D0275,C00521,V0051,2025-06-17 07:19:00,2025-06-17 07:44:00,3.94,87.28,P002672,5.0,Ahmedabad
R002673,D0006,C00884,V0277,2025-07-20 06:07:00,2025-07-20 06:13:00,1.62,37.96,P002673,4.4,Pune
R002674,D0022,C00630,V0284,2025-01-16 23:52:00,2025-01-17 00:23:00,3.6,83.2,P002674,4.9,Bangalore
R002675,D0107,C01187,V0124,2024-05-25 01:15:00,2024-05-25 01:29:00,4.69,96.28,P002675,4.6,Pune
R002676,D0182,C01575,V0120,2025-03-26 20:48:00,2025-03-26 21:47:00,13.84,145.72,P002676,5.0,Chennai
R002677,D0280,C01581,V0047,2025-04-09 03:01:00,2025-04-09 03:22:00,4.91,64.28,P002677,5.0,Chennai
R002678,D0206,C00153,V0214,2025-05-25 01:17:00,2025-05-25 01:26:00,1.5,29.0,P002678,4.8,Delhi
R002679,D0223,C01885,V0299,2024-10-11 18:24:00,2024-10-11 19:04:00,10.56,166.72,P002679,5.0,Hyderabad
R002680,D0016,C01793,V0285,2024-11-03 02:03:00,2024-11-03 02:15:00,1.36,56.32,P002680,3.9,Delhi
R002681,D0017,C00537,V0170,2024-10-12 19:24:00,2024-10-12 20:04:00,12.74,96.44,P002681,4.3,Mumbai
R002682,D0021,C00039,V0241,2025-05-22 00:55:00,2025-05-22 01:15:00,3.35,80.2,P002682,4.9,Mumbai
R002683,D0082,C00165,V0175,2025-01-26 12:28:00,2025-01-26 12:55:00,5.85,110.2,P002683,4.7,Ahmedabad
R002684,D0020,C00999,V0227,2024-02-15 07:13:00,2024-02-15 07:40:00,7.88,134.56,P002684,4.6,Hyderabad
R002685,D0104,C00669,V0290,2025-01-23 05:42:00,2025-01-23 06:38:00,15.17,156.36,P002685,4.7,Ahmedabad
R002686,D0058,C01868,V0165,2025-03-17 17:03:00,2025-03-17 17:24:00,4.55,47.3,P002686,4.4,Chennai
R002687,D0241,C00957,V0277,2024-11-08 01:34:00,2024-11-08 01:51:00,2.59,45.72,P002687,5.0,Pune
R002688,D0232,C01293,V0160,2024-12-22 00:58:00,2024-12-22 01:35:00,9.27,75.62,P002688,4.3,Ahmedabad
R002689,D0262,C01570,V0293,2024-12-10 08:51:00,2024-12-10 09:28:00,11.37,176.44,P002689,4.9,Mumbai
R002690,D0063,C00591,V0033,2024-08-09 00:21:00,2024-08-09 00:34:00,2.33,77.96,P002690,4.8,Delhi
R002691,D0275,C01665,V0051,2025-03-20 13:50:00,2025-03-20 14:13:00,5.44,105.28,P002691,4.7,Ahmedabad
R002692,D0168,C01071,V0007,2024-02-28 03:35:00,2024-02-28 03:53:00,5.21,61.26,P002692,4.2,Ahmedabad
R002693,D0199,C00491,V0282,2025-02-01 23:59:00,2025-02-02 00:38:00,11.53,178.36,P002693,4.1,Chennai
R002694,D0188,C00611,V0074,2024-10-21 17:29:00,2024-10-21 17:51:00,4.19,90.28,P002694,4.3,Kolkata
R002695,D0093,C01811,V0255,2025-03-10 18:46:00,2025-03-10 19:10:00,8.19,138.28,P002695,5.0,Ahmedabad
R002696,D0064,C01151,V0296,2025-08-04 16:16:00,2025-08-04 16:43:00,5.8,54.8,P002696,4.7,Chennai
R002697,D0070,C00598,V0283,2024-06-15 12:29:00,2024-06-15 12:50:00,5.77,109.24,P002697,4.7,Kolkata
R002698,D0198,C00558,V0010,2024-08-31 04:58:00,2024-08-31 05:22:00,2.78,73.36,P002698,4.0,Hyderabad
R002699,D0016,C00298,V0285,2024-01-16 08:51:00,2024-01-16 09:07:00,3.32,79.84,P002699,5.0,Delhi
R002700,D0184,C01794,V0077,2024-10-07 02:15:00,2024-10-07 02:28:00,2.96,75.52,P002700,4.7,Hyderabad
R002701,D0015,C00398,V0216,2025-07-09 09:21:00,2025-07-09 09:50:00,3.62,53.96,P002701,4.3,Delhi
R002702,D0192,C00356,V0070,2025-08-07 12:02:00,2025-08-07 12:16:00,1.46,28.76,P002702,4.3,Kolkata
R002703,D0220,C00331,V0088,2024-10-07 11:17:00,2024-10-07 11:32:00,2.26,43.08,P002703,4.8,Bangalore
R002704,D0104,C01898,V0290,2024-09-13 20:51:00,2024-09-13 21:04:00,1.34,35.72,P002704,4.5,Ahmedabad
R002705,D0300,C01014,V0271,2024-01-13 03:19:00,2024-01-13 03:34:00,2.9,74.8,P002705,4.4,Pune
R002706,D0030,C00735,V0164,2025-08-05 21:20:00,2025-08-05 21:36:00,1.66,49.96,P002706,4.8,Hyderabad
R002707,D0091,C00296,V0293,2024-09-27 05:28:00,2024-09-27 05:52:00,4.92,109.04,P002707,4.6,Bangalore
R002708,D0050,C01195,V0033,2025-04-18 00:28:00,2025-04-18 00:50:00,6.32,125.84,P002708,5.0,Kolkata
R002709,D0209,C01282,V0239,2024-01-10 14:02:00,2024-01-10 14:21:00,1.38,56.56,P002709,5.0,Mumbai
R002710,D0179,C01115,V0299,2025-01-02 15:40:00,2025-01-02 15:56:00,3.01,76.12,P002710,4.4,Ahmedabad
R002711,D0152,C01588,V0015,2025-07-23 06:26:00,2025-07-23 06:44:00,2.84,47.72,P002711,4.4,Chennai
R002712,D0020,C00205,V0227,2024-02-29 18:05:00,2024-02-29 18:47:00,9.53,154.36,P002712,4.2,Hyderabad
R002713,D0015,C00687,V0216,2024-10-10 19:35:00,2024-10-10 20:11:00,6.66,98.28,P002713,4.4,Delhi
R002714,D0257,C00638,V0127,2024-11-17 02:28:00,2024-11-17 03:14:00,10.55,166.6,P002714,4.8,Kolkata
R002715,D0250,C01190,V0028,2024-07-03 08:49:00,2024-07-03 09:18:00,6.56,69.36,P002715,5.0,Chennai
R002716,D0165,C00161,V0010,2024-10-09 08:55:00,2024-10-09 09:15:00,2.38,68.56,P002716,4.2,Delhi
R002717,D0052,C01375,V0059,2025-05-21 04:14:00,2025-05-21 04:28:00,3.88,86.56,P002717,4.6,Chennai
R002718,D0270,C01869,V0127,2024-06-27 04:55:00,2024-06-27 05:08:00,1.83,61.96,P002718,5.0,Bangalore
R002719,D0142,C01583,V0264,2024-02-20 07:07:00,2024-02-20 07:24:00,2.78,46.68,P002719,4.9,Hyderabad
R002720,D0115,C01120,V0049,2024-02-09 05:43:00,2024-02-09 05:52:00,1.56,39.36,P002720,4.4,Bangalore
R002721,D0283,C01060,V0090,2025-06-02 14:37:00,2025-06-02 15:03:00,4.55,94.6,P002721,4.8,Delhi
R002722,D0043,C00699,V0284,2024-11-20 01:35:00,2024-11-20 01:47:00,1.95,63.4,P002722,4.6,Hyderabad
R002723,D0120,C00711,V0214,2024-08-21 01:45:00,2024-08-21 02:13:00,6.48,68.88,P002723,3.8,Chennai
R002724,D0140,C00647,V0051,2024-09-22 08:01:00,2024-09-22 08:19:00,2.92,75.04,P002724,4.6,Ahmedabad
R002725,D0018,C01763,V0057,2024-12-27 17:45:00,2024-12-27 18:03:00,3.98,76.84,P002725,4.3,Hyderabad
R002726,D0008,C01962,V0203,2024-02-15 19:15:00,2024-02-15 19:57:00,14.41,106.46,P002726,5.0,Chennai
R002727,D0138,C00224,V0027,2024-12-24 03:04:00,2024-12-24 03:15:00,1.4,56.8,P002727,4.6,Delhi
R002728,D0004,C01251,V0096,2025-06-03 14:07:00,2025-06-03 14:25:00,1.42,57.04,P002728,4.3,Pune
R002729,D0232,C00805,V0160,2025-06-07 02:15:00,2025-06-07 02:38:00,5.95,55.7,P002729,4.6,Ahmedabad
R002730,D0023,C01809,V0220,2024-07-27 10:36:00,2024-07-27 10:57:00,4.6,57.6,P002730,4.8,Chennai
R002731,D0081,C00629,V0049,2025-01-15 21:26:00,2025-01-15 21:52:00,4.41,46.46,P002731,5.0,Delhi
R002732,D0190,C01653,V0066,2024-03-14 20:27:00,2024-03-14 20:47:00,2.42,34.52,P002732,4.8,Mumbai
R002733,D0088,C00861,V0200,2024-10-16 04:01:00,2024-10-16 04:32:00,6.16,113.92,P002733,4.9,Mumbai
R002734,D0232,C01308,V0160,2024-11-30 19:50:00,2024-11-30 20:05:00,1.58,29.48,P002734,5.0,Ahmedabad
R002735,D0100,C01867,V0116,2025-01-03 10:26:00,2025-01-03 10:55:00,6.33,57.98,P002735,5.0,Kolkata
R002736,D0090,C00840,V0234,2025-01-18 15:18:00,2025-01-18 15:28:00,0.72,58.64,P002736,4.0,Bangalore
R002737,D0262,C00142,V0293,2024-02-01 05:23:00,2024-02-01 05:41:00,5.68,108.16,P002737,4.3,Mumbai
R002738,D0092,C01487,V0196,2024-02-15 09:59:00,2024-02-15 10:08:00,1.59,59.08,P002738,4.8,Bangalore
R002739,D0049,C01288,V0057,2024-06-02 18:01:00,2024-06-02 18:31:00,8.47,92.76,P002739,4.7,Chennai
R002740,D0239,C01496,V0038,2024-04-18 19:13:00,2024-04-18 19:32:00,3.3,51.4,P002740,4.2,Pune
R002741,D0286,C00385,V0092,2024-11-16 16:45:00,2024-11-16 17:07:00,4.76,63.08,P002741,3.9,Pune
R002742,D0132,C01013,V0058,2025-06-04 18:45:00,2025-06-04 18:56:00,1.34,28.04,P002742,4.3,Chennai
R002743,D0080,C00820,V0165,2024-12-18 06:24:00,2024-12-18 06:42:00,4.07,44.42,P002743,4.8,Kolkata
R002744,D0265,C00328,V0120,2025-08-19 01:42:00,2025-08-19 01:58:00,1.34,35.72,P002744,4.6,Bangalore
R002745,D0005,C00898,V0047,2024-06-02 12:48:00,2024-06-02 12:59:00,2.77,57.16,P002745,5.0,Pune
R002746,D0022,C01379,V0284,2024-03-21 02:59:00,2024-03-21 03:32:00,9.37,152.44,P002746,3.9,Bangalore
R002747,D0208,C00521,V0024,2024-08-17 18:32:00,2024-08-17 18:47:00,2.09,75.08,P002747,4.4,Hyderabad
R002748,D0174,C00917,V0148,2025-08-11 20:35:00,2025-08-11 21:06:00,5.38,104.56,P002748,4.5,Hyderabad
R002749,D0012,C01480,V0075,2025-03-04 17:46:00,2025-03-04 18:02:00,2.34,43.72,P002749,4.9,Delhi
R002750,D0275,C00611,V0051,2024-05-04 16:51:00,2024-05-04 17:01:00,1.73,60.76,P002750,4.0,Ahmedabad
R002751,D0032,C01062,V0015,2024-02-22 19:30:00,2024-02-22 19:34:00,3.37,51.96,P002751,3.8,Bangalore
R002752,D0117,C00871,V0021,2025-06-21 16:28:00,2025-06-21 16:36:00,1.75,61.0,P002752,4.4,Hyderabad
R002753,D0166,C00566,V0279,2024-11-20 08:12:00,2024-11-20 08:29:00,1.64,59.68,P002753,5.0,Pune
R002754,D0240,C01486,V0011,2025-08-12 09:58:00,2025-08-12 10:29:00,8.52,93.16,P002754,4.7,Pune
R002755,D0231,C01976,V0107,2024-09-06 10:15:00,2024-09-06 10:33:00,1.69,60.28,P002755,4.2,Kolkata
R002756,D0022,C00352,V0284,2025-01-05 07:29:00,2025-01-05 07:36:00,0.92,51.04,P002756,3.3,Bangalore
R002757,D0195,C01268,V0247,2024-11-18 23:07:00,2024-11-18 23:27:00,5.16,66.28,P002757,4.3,Ahmedabad
R002758,D0069,C01288,V0214,2024-09-03 14:46:00,2024-09-03 15:03:00,0.93,35.58,P002758,4.6,Ahmedabad
R002759,D0073,C00339,V0238,2025-02-23 11:05:00,2025-02-23 11:21:00,2.54,45.32,P002759,4.2,Kolkata
R002760,D0276,C01777,V0012,2024-12-26 17:32:00,2024-12-26 17:53:00,5.94,111.28,P002760,4.8,Chennai
R002761,D0158,C00465,V0266,2024-03-19 11:41:00,2024-03-19 11:59:00,4.88,98.56,P002761,4.3,Chennai
R002762,D0083,C01881,V0149,2025-05-10 19:14:00,2025-05-10 19:35:00,6.37,116.44,P002762,5.0,Hyderabad
R002763,D0214,C01687,V0186,2025-04-04 13:14:00,2025-04-04 13:26:00,1.22,54.64,P002763,5.0,Pune
R002764,D0153,C01220,V0279,2025-08-06 04:59:00,2025-08-06 05:21:00,5.32,103.84,P002764,4.1,Kolkata
R002765,D0279,C01042,V0029,2025-07-04 07:49:00,2025-07-04 07:57:00,1.45,57.4,P002765,4.9,Chennai
R002766,D0229,C00343,V0266,2025-02-21 21:37:00,2025-02-21 22:04:00,5.89,120.68,P002766,4.4,Bangalore
R002767,D0035,C01437,V0027,2024-05-21 19:16:00,2024-05-21 19:41:00,5.31,103.72,P002767,4.6,Ahmedabad
R002768,D0300,C00938,V0271,2024-10-20 10:20:00,2024-10-20 10:24:00,0.8,49.6,P002768,4.6,Pune
R002769,D0084,C00761,V0261,2024-04-30 02:26:00,2024-04-30 02:34:00,1.3,35.4,P002769,4.2,Chennai
R002770,D0012,C01421,V0075,2025-03-07 16:09:00,2025-03-07 16:30:00,1.44,36.52,P002770,5.0,Delhi
R002771,D0109,C00755,V0152,2025-08-12 15:40:00,2025-08-12 16:02:00,4.32,59.56,P002771,4.4,Delhi
R002772,D0069,C01478,V0214,2024-07-21 05:56:00,2024-07-21 06:13:00,3.43,40.58,P002772,3.9,Ahmedabad
R002773,D0265,C01593,V0120,2025-04-09 00:10:00,2025-04-09 00:23:00,5.2,66.6,P002773,4.5,Bangalore
R002774,D0291,C00137,V0051,2024-05-03 13:16:00,2024-05-03 13:55:00,9.17,150.04,P002774,4.9,Bangalore
R002775,D0214,C00623,V0186,2025-07-21 22:59:00,2025-07-21 23:05:00,1.39,76.68,P002775,4.3,Pune
R002776,D0280,C00040,V0047,2025-04-26 23:06:00,2025-04-26 23:19:00,1.73,38.84,P002776,5.0,Chennai
R002777,D0077,C01257,V0276,2024-05-09 01:53:00,2024-05-09 02:09:00,1.85,72.2,P002777,4.1,Chennai
R002778,D0056,C01287,V0068,2025-03-17 00:44:00,2025-03-17 01:08:00,6.37,75.96,P002778,4.8,Bangalore
R002779,D0189,C01037,V0025,2024-06-19 02:08:00,2024-06-19 02:34:00,6.45,58.7,P002779,5.0,Pune
R002780,D0281,C01758,V0294,2025-06-11 16:58:00,2025-06-11 17:06:00,2.06,64.72,P002780,4.3,Delhi
R002781,D0094,C01901,V0113,2025-02-01 13:22:00,2025-02-01 13:35:00,1.5,37.0,P002781,4.4,Chennai
R002782,D0043,C00524,V0284,2024-05-10 12:44:00,2024-05-10 13:04:00,3.03,86.36,P002782,4.7,Hyderabad
R002783,D0002,C00982,V0119,2025-07-24 07:45:00,2025-07-24 08:03:00,5.5,53.0,P002783,5.0,Delhi
R002784,D0229,C01120,V0266,2024-10-27 03:21:00,2024-10-27 03:39:00,3.79,85.48,P002784,5.0,Bangalore
R002785,D0278,C01976,V0214,2024-12-10 18:38:00,2024-12-10 19:16:00,7.79,66.74,P002785,4.0,Kolkata
R002786,D0037,C01471,V0032,2024-04-20 23:02:00,2024-04-20 23:18:00,2.63,55.78,P002786,4.4,Chennai
R002787,D0290,C01477,V0102,2024-03-16 23:58:00,2024-03-17 00:15:00,4.19,58.52,P002787,5.0,Delhi
R002788,D0034,C01339,V0254,2024-12-29 14:58:00,2024-12-29 15:17:00,3.86,106.32,P002788,4.8,Delhi
R002789,D0140,C01112,V0051,2025-02-22 20:28:00,2025-02-22 20:39:00,2.51,70.12,P002789,4.3,Ahmedabad
R002790,D0005,C01760,V0047,2025-03-22 09:48:00,2025-03-22 10:19:00,5.82,71.56,P002790,4.6,Pune
R002791,D0266,C01972,V0133,2025-05-03 22:08:00,2025-05-03 22:36:00,7.09,62.54,P002791,4.7,Kolkata
R002792,D0028,C00139,V0240,2024-07-06 23:49:00,2024-07-06 23:52:00,1.04,72.48,P002792,4.7,Bangalore
R002793,D0022,C01167,V0284,2025-06-05 02:09:00,2025-06-05 02:22:00,2.01,64.12,P002793,4.8,Bangalore
R002794,D0222,C01361,V0051,2024-01-08 18:37:00,2024-01-08 19:26:00,15.4,234.8,P002794,4.3,Chennai
R002795,D0087,C01795,V0219,2025-01-13 21:41:00,2025-01-13 22:35:00,17.11,245.32,P002795,4.5,Hyderabad
R002796,D0161,C01571,V0095,2025-04-09 12:20:00,2025-04-09 12:33:00,0.97,25.82,P002796,4.7,Hyderabad
R002797,D0010,C01841,V0097,2025-03-25 05:32:00,2025-03-25 05:50:00,4.28,91.36,P002797,4.9,Delhi
R002798,D0070,C00526,V0283,2024-10-13 03:14:00,2024-10-13 03:42:00,6.55,138.6,P002798,4.3,Kolkata
R002799,D0041,C00575,V0141,2024-10-31 15:21:00,2024-10-31 15:46:00,5.76,54.56,P002799,4.2,Delhi
R002800,D0276,C01067,V0012,2024-02-19 18:33:00,2024-02-19 18:40:00,1.53,58.36,P002800,5.0,Chennai
R002801,D0052,C01669,V0059,2025-06-21 18:32:00,2025-06-21 19:12:00,9.0,148.0,P002801,5.0,Chennai
R002802,D0227,C01136,V0128,2025-03-12 09:20:00,2025-03-12 09:40:00,6.91,80.28,P002802,4.5,Bangalore
R002803,D0117,C00711,V0021,2025-01-28 10:48:00,2025-01-28 11:10:00,3.07,76.84,P002803,4.4,Hyderabad
R002804,D0055,C01693,V0237,2024-07-01 04:02:00,2024-07-01 04:21:00,1.39,56.68,P002804,4.7,Chennai
R002805,D0229,C00352,V0266,2024-08-03 13:33:00,2024-08-03 13:46:00,1.16,53.92,P002805,4.3,Bangalore
R002806,D0122,C00275,V0273,2024-10-11 18:56:00,2024-10-11 19:24:00,5.51,53.06,P002806,5.0,Pune
R002807,D0013,C00012,V0006,2024-11-17 03:22:00,2024-11-17 03:44:00,5.62,69.96,P002807,3.6,Ahmedabad
R002808,D0112,C00325,V0229,2024-10-18 05:07:00,2024-10-18 05:31:00,7.03,62.18,P002808,4.7,Kolkata
R002809,D0298,C01810,V0294,2024-10-21 08:31:00,2024-10-21 08:47:00,1.54,58.48,P002809,4.4,Hyderabad
R002810,D0263,C01581,V0248,2025-03-25 07:56:00,2025-03-25 08:13:00,3.82,55.56,P002810,4.3,Kolkata
R002811,D0042,C01540,V0291,2024-06-22 09:58:00,2024-06-22 10:22:00,7.21,136.52,P002811,5.0,Bangalore
R002812,D0233,C01897,V0240,2024-09-22 19:48:00,2024-09-22 20:06:00,3.09,87.08,P002812,4.7,Bangalore
R002813,D0151,C00241,V0270,2024-04-18 07:42:00,2024-04-18 07:52:00,2.01,41.08,P002813,4.6,Pune
R002814,D0255,C01038,V0104,2024-10-12 04:06:00,2024-10-12 04:21:00,1.71,60.52,P002814,4.0,Pune
R002815,D0194,C00906,V0057,2024-07-30 17:53:00,2024-07-30 18:17:00,3.79,55.32,P002815,5.0,Delhi
R002816,D0074,C00310,V0267,2025-06-04 05:01:00,2025-06-04 05:46:00,9.55,154.6,P002816,5.0,Chennai
R002817,D0188,C01948,V0074,2024-02-10 17:34:00,2024-02-10 18:00:00,4.84,98.08,P002817,4.8,Kolkata
R002818,D0158,C00511,V0266,2024-07-18 00:31:00,2024-07-18 00:34:00,1.48,57.76,P002818,5.0,Chennai
R002819,D0243,C01276,V0114,2024-01-27 11:13:00,2024-01-27 12:17:00,16.31,235.72,P002819,4.9,Bangalore
R002820,D0080,C00543,V0165,2024-10-15 18:27:00,2024-10-15 18:48:00,3.47,40.82,P002820,4.2,Kolkata
R002821,D0021,C00316,V0241,2025-03-31 16:08:00,2025-03-31 17:09:00,19.97,279.64,P002821,4.3,Mumbai
R002822,D0218,C01322,V0221,2025-04-09 09:58:00,2025-04-09 10:26:00,3.62,83.44,P002822,4.5,Bangalore
R002823,D0124,C00918,V0088,2024-04-22 22:45:00,2024-04-22 23:07:00,4.34,79.72,P002823,3.6,Hyderabad
R002824,D0203,C00758,V0233,2024-05-02 14:56:00,2024-05-02 15:16:00,4.01,88.12,P002824,4.5,Pune
R002825,D0296,C00500,V0067,2025-03-18 15:16:00,2025-03-18 15:40:00,7.66,86.28,P002825,4.4,Kolkata
R002826,D0202,C00706,V0043,2024-03-29 04:17:00,2024-03-29 04:48:00,6.91,61.46,P002826,4.8,Hyderabad
R002827,D0144,C01915,V0105,2024-04-29 11:51:00,2024-04-29 12:18:00,6.15,56.9,P002827,4.6,Bangalore
R002828,D0062,C00240,V0241,2024-03-21 23:50:00,2024-03-22 00:18:00,6.36,116.32,P002828,4.4,Hyderabad
R002829,D0215,C01230,V0188,2024-08-15 23:04:00,2024-08-15 23:23:00,2.8,47.4,P002829,4.4,Mumbai
R002830,D0222,C01031,V0051,2024-11-30 05:32:00,2024-11-30 05:46:00,4.84,98.08,P002830,4.6,Chennai
R002831,D0041,C00319,V0141,2024-12-09 08:29:00,2024-12-09 08:51:00,2.84,47.04,P002831,4.6,Delhi
R002832,D0086,C01047,V0024,2025-06-09 21:49:00,2025-06-09 22:07:00,2.96,75.52,P002832,4.5,Ahmedabad
R002833,D0063,C01009,V0033,2024-03-16 22:44:00,2024-03-16 22:55:00,2.57,80.84,P002833,4.0,Delhi
R002834,D0054,C00951,V0283,2024-11-18 01:27:00,2024-11-18 01:46:00,2.59,71.08,P002834,4.5,Mumbai
R002835,D0214,C01726,V0186,2024-04-12 22:50:00,2024-04-12 23:29:00,8.35,140.2,P002835,4.4,Pune
R002836,D0018,C01954,V0057,2025-06-17 10:12:00,2025-06-17 10:51:00,11.17,114.36,P002836,5.0,Hyderabad
R002837,D0102,C01718,V0094,2025-07-25 21:53:00,2025-07-25 22:36:00,13.1,129.8,P002837,5.0,Chennai
R002838,D0223,C00022,V0299,2024-02-06 20:40:00,2024-02-06 21:10:00,4.63,95.56,P002838,5.0,Hyderabad
R002839,D0096,C00507,V0145,2024-01-09 07:08:00,2024-01-09 07:42:00,8.91,146.92,P002839,4.6,Delhi
R002840,D0253,C00163,V0158,2025-08-23 12:55:00,2025-08-23 13:31:00,11.6,117.8,P002840,4.4,Ahmedabad
R002841,D0299,C00505,V0280,2024-08-13 21:12:00,2024-08-13 21:41:00,4.63,95.56,P002841,3.8,Mumbai
R002842,D0208,C00801,V0024,2024-09-28 15:09:00,2024-09-28 15:24:00,2.31,67.72,P002842,4.5,Hyderabad
R002843,D0220,C00720,V0088,2025-05-11 05:46:00,2025-05-11 06:21:00,8.45,92.6,P002843,4.1,Bangalore
R002844,D0063,C01428,V0033,2025-05-23 09:08:00,2025-05-23 09:35:00,6.22,124.64,P002844,4.1,Delhi
R002845,D0105,C00528,V0248,2024-07-22 20:56:00,2024-07-22 21:15:00,3.37,51.96,P002845,4.6,Pune
R002846,D0085,C01694,V0225,2024-03-31 16:54:00,2024-03-31 17:12:00,2.83,47.64,P002846,5.0,Chennai
R002847,D0105,C00544,V0248,2024-08-07 00:27:00,2024-08-07 01:03:00,8.27,101.16,P002847,5.0,Pune
R002848,D0167,C00734,V0088,2024-03-09 15:35:00,2024-03-09 15:47:00,3.26,51.08,P002848,5.0,Mumbai
R002849,D0264,C00739,V0097,2024-08-01 22:11:00,2024-08-01 22:28:00,2.81,93.72,P002849,5.0,Mumbai
R002850,D0187,C00285,V0192,2024-02-09 13:44:00,2024-02-09 14:01:00,3.58,41.48,P002850,5.0,Delhi
R002851,D0231,C00710,V0107,2024-09-26 19:24:00,2024-09-26 19:30:00,1.64,59.68,P002851,4.6,Kolkata
R002852,D0265,C00964,V0120,2025-08-20 07:40:00,2025-08-20 07:49:00,1.46,36.68,P002852,4.6,Bangalore
R002853,D0090,C01600,V0234,2024-12-23 15:33:00,2024-12-23 15:48:00,2.69,72.28,P002853,4.7,Bangalore
R002854,D0050,C01387,V0033,2024-07-03 09:53:00,2024-07-03 10:02:00,1.28,55.36,P002854,4.4,Kolkata
R002855,D0264,C01504,V0097,2024-08-25 09:42:00,2024-08-25 10:16:00,9.2,150.4,P002855,4.9,Mumbai
R002856,D0178,C00658,V0112,2025-05-11 15:50:00,2025-05-11 16:13:00,2.98,75.76,P002856,5.0,Bangalore
R002857,D0220,C00503,V0088,2025-02-05 19:22:00,2025-02-05 20:13:00,15.42,148.36,P002857,4.3,Bangalore
R002858,D0162,C01033,V0020,2025-07-10 15:18:00,2025-07-10 15:35:00,2.68,72.16,P002858,4.6,Mumbai
R002859,D0146,C00979,V0269,2024-04-08 07:07:00,2024-04-08 07:42:00,5.2,102.4,P002859,4.9,Kolkata
R002860,D0119,C01154,V0044,2024-10-21 13:28:00,2024-10-21 13:42:00,1.01,52.12,P002860,4.4,Bangalore
R002861,D0069,C01213,V0214,2024-11-29 07:42:00,2024-11-29 08:28:00,12.1,92.6,P002861,4.8,Ahmedabad
R002862,D0221,C00139,V0220,2025-03-11 03:11:00,2025-03-11 03:25:00,1.39,28.34,P002862,4.9,Delhi
R002863,D0117,C01839,V0021,2025-04-20 10:42:00,2025-04-20 10:53:00,2.06,64.72,P002863,4.4,Hyderabad
R002864,D0027,C00456,V0126,2024-04-26 11:44:00,2024-04-26 11:57:00,2.7,36.2,P002864,3.8,Ahmedabad
R002865,D0043,C01282,V0284,2025-02-11 22:08:00,2025-02-11 22:40:00,7.89,134.68,P002865,4.8,Hyderabad
R002866,D0231,C00120,V0107,2025-05-10 15:38:00,2025-05-10 16:35:00,15.63,237.56,P002866,5.0,Kolkata
R002867,D0140,C00132,V0051,2025-02-25 21:15:00,2025-02-25 21:56:00,9.51,154.12,P002867,3.7,Ahmedabad
R002868,D0293,C00428,V0198,2024-01-30 09:17:00,2024-01-30 09:34:00,1.81,61.72,P002868,4.1,Hyderabad
R002869,D0095,C00776,V0047,2025-06-03 06:56:00,2025-06-03 07:15:00,3.68,54.44,P002869,4.7,Ahmedabad
R002870,D0193,C01455,V0157,2025-02-22 01:35:00,2025-02-22 01:50:00,4.09,54.54,P002870,5.0,Hyderabad
R002871,D0211,C01654,V0150,2024-11-26 08:43:00,2024-11-26 08:59:00,1.28,35.24,P002871,4.0,Bangalore
R002872,D0170,C00846,V0132,2024-11-21 13:25:00,2024-11-21 13:42:00,3.84,86.08,P002872,4.4,Ahmedabad
R002873,D0266,C01950,V0133,2025-03-28 13:25:00,2025-03-28 13:54:00,5.93,55.58,P002873,3.9,Kolkata
R002874,D0156,C00525,V0033,2024-09-23 01:17:00,2024-09-23 01:31:00,4.29,91.48,P002874,5.0,Delhi
R002875,D0299,C00687,V0280,2025-05-12 23:14:00,2025-05-12 23:34:00,1.33,55.96,P002875,4.6,Mumbai
R002876,D0140,C01408,V0051,2024-12-13 20:52:00,2024-12-13 21:14:00,6.18,114.16,P002876,5.0,Ahmedabad
R002877,D0137,C00218,V0259,2024-02-16 09:28:00,2024-02-16 10:18:00,8.66,143.92,P002877,5.0,Bangalore
R002878,D0077,C01452,V0276,2025-02-23 07:36:00,2025-02-23 08:06:00,6.69,120.28,P002878,4.4,Chennai
R002879,D0242,C01260,V0221,2024-06-19 17:13:00,2024-06-19 17:36:00,4.89,98.68,P002879,5.0,Ahmedabad
R002880,D0245,C00769,V0172,2024-04-22 19:39:00,2024-04-22 20:10:00,6.62,119.44,P002880,4.2,Bangalore
R002881,D0139,C01781,V0084,2024-12-03 04:38:00,2024-12-03 05:12:00,10.32,163.84,P002881,4.7,Mumbai
R002882,D0292,C00067,V0194,2025-07-06 00:46:00,2025-07-06 01:06:00,3.35,100.2,P002882,5.0,Hyderabad
R002883,D0200,C00942,V0014,2024-01-22 12:05:00,2024-01-22 12:20:00,3.34,40.04,P002883,4.6,Bangalore
R002884,D0207,C01461,V0110,2024-12-07 11:49:00,2024-12-07 12:19:00,4.76,97.12,P002884,4.8,Pune
R002885,D0020,C01585,V0227,2025-07-20 02:41:00,2025-07-20 03:30:00,14.91,238.92,P002885,4.6,Hyderabad
R002886,D0094,C00594,V0113,2024-02-20 16:13:00,2024-02-20 16:50:00,8.46,92.68,P002886,4.0,Chennai
R002887,D0245,C01044,V0172,2025-01-05 17:12:00,2025-01-05 17:39:00,7.76,143.12,P002887,4.7,Bangalore
R002888,D0285,C00182,V0054,2024-06-09 17:25:00,2024-06-09 17:43:00,4.64,95.68,P002888,4.2,Chennai
R002889,D0066,C01774,V0234,2024-08-22 09:51:00,2024-08-22 09:57:00,0.74,48.88,P002889,4.2,Ahmedabad
R002890,D0059,C00196,V0187,2024-06-14 11:21:00,2024-06-14 11:50:00,5.71,108.52,P002890,4.5,Ahmedabad
R002891,D0023,C00583,V0220,2025-02-27 06:35:00,2025-02-27 06:56:00,1.66,29.96,P002891,5.0,Chennai
R002892,D0217,C00773,V0289,2024-09-11 00:02:00,2024-09-11 00:15:00,1.89,62.68,P002892,5.0,Kolkata
R002893,D0266,C00553,V0133,2024-01-21 16:06:00,2024-01-21 16:23:00,6.25,67.5,P002893,5.0,Kolkata
R002894,D0089,C00637,V0180,2025-05-28 12:50:00,2025-05-28 13:10:00,4.94,109.28,P002894,4.8,Hyderabad
R002895,D0237,C01840,V0023,2025-05-11 01:10:00,2025-05-11 01:26:00,3.34,61.72,P002895,4.5,Ahmedabad
R002896,D0197,C01147,V0172,2024-10-16 09:01:00,2024-10-16 09:04:00,1.33,55.96,P002896,4.3,Pune
R002897,D0285,C00350,V0054,2024-08-23 20:49:00,2024-08-23 22:12:00,23.4,320.8,P002897,4.7,Chennai
R002898,D0052,C00999,V0059,2024-09-10 01:17:00,2024-09-10 01:45:00,3.9,86.8,P002898,5.0,Chennai
R002899,D0136,C00858,V0081,2024-05-06 12:41:00,2024-05-06 12:53:00,0.97,32.76,P002899,5.0,Mumbai
R002900,D0211,C00771,V0150,2025-02-14 04:52:00,2025-02-14 05:11:00,1.72,38.76,P002900,4.5,Bangalore
R002901,D0277,C01909,V0084,2024-10-03 02:04:00,2024-10-03 02:10:00,1.82,61.84,P002901,4.4,Bangalore
R002902,D0173,C00243,V0188,2024-03-16 16:46:00,2024-03-16 16:56:00,2.43,44.44,P002902,4.6,Bangalore
R002903,D0079,C00328,V0087,2025-03-01 00:00:00,2025-03-01 00:33:00,7.6,141.2,P002903,3.8,Hyderabad
R002904,D0082,C01278,V0175,2025-07-08 19:58:00,2025-07-08 20:03:00,1.16,63.92,P002904,3.9,Ahmedabad
R002905,D0071,C00538,V0263,2024-06-04 03:47:00,2024-06-04 03:53:00,0.69,24.14,P002905,5.0,Pune
R002906,D0200,C01842,V0014,2025-02-04 06:53:00,2025-02-04 07:10:00,2.18,43.08,P002906,4.0,Bangalore
R002907,D0261,C00386,V0214,2024-11-15 10:27:00,2024-11-15 10:33:00,1.27,27.62,P002907,5.0,Pune
R002908,D0139,C01855,V0084,2025-06-08 23:01:00,2025-06-08 23:13:00,2.39,68.68,P002908,4.4,Mumbai
R002909,D0125,C01396,V0055,2024-11-05 08:29:00,2024-11-05 08:51:00,4.25,91.0,P002909,4.8,Delhi
R002910,D0066,C01535,V0234,2024-07-26 03:16:00,2024-07-26 03:39:00,2.92,75.04,P002910,4.6,Ahmedabad
R002911,D0108,C01664,V0105,2025-08-13 15:24:00,2025-08-13 15:39:00,4.18,45.08,P002911,4.4,Delhi
R002912,D0048,C00725,V0054,2024-10-25 13:05:00,2024-10-25 13:14:00,2.26,67.12,P002912,4.0,Bangalore
R002913,D0267,C01240,V0115,2024-08-15 13:35:00,2024-08-15 14:08:00,9.01,97.08,P002913,5.0,Ahmedabad
R002914,D0069,C00809,V0214,2024-10-12 15:18:00,2024-10-12 16:00:00,11.04,86.24,P002914,4.3,Ahmedabad
R002915,D0253,C00013,V0158,2025-06-30 16:15:00,2025-06-30 16:22:00,1.75,39.0,P002915,4.8,Ahmedabad
R002916,D0073,C00158,V0238,2025-01-26 00:31:00,2025-01-26 00:41:00,1.81,49.48,P002916,4.3,Kolkata
R002917,D0153,C00156,V0279,2025-02-07 11:48:00,2025-02-07 12:10:00,5.19,102.28,P002917,3.9,Kolkata
R002918,D0105,C00185,V0248,2025-07-13 22:06:00,2025-07-13 22:32:00,5.15,66.2,P002918,4.5,Pune
R002919,D0137,C00142,V0259,2025-04-08 07:36:00,2025-04-08 07:52:00,4.2,100.4,P002919,5.0,Bangalore
R002920,D0072,C00360,V0184,2024-01-26 12:49:00,2024-01-26 13:01:00,1.75,61.0,P002920,4.6,Mumbai
R002921,D0156,C01794,V0033,2024-08-25 14:23:00,2024-08-25 14:45:00,5.88,110.56,P002921,4.1,Delhi
R002922,D0191,C00355,V0050,2025-05-03 18:06:00,2025-05-03 18:51:00,13.19,130.52,P002922,4.8,Bangalore
R002923,D0035,C00947,V0027,2024-11-14 10:09:00,2024-11-14 10:35:00,4.4,92.8,P002923,4.7,Ahmedabad
R002924,D0150,C00168,V0102,2024-03-26 03:35:00,2024-03-26 03:58:00,6.18,74.44,P002924,3.8,Delhi
R002925,D0177,C00056,V0028,2024-06-22 06:55:00,2024-06-22 07:11:00,3.45,40.7,P002925,4.7,Kolkata
R002926,D0157,C00641,V0217,2025-05-16 18:15:00,2025-05-16 18:26:00,1.83,30.98,P002926,4.8,Delhi
R002927,D0062,C00107,V0241,2024-03-26 04:25:00,2024-03-26 04:42:00,3.48,81.76,P002927,4.7,Hyderabad
R002928,D0114,C01928,V0119,2025-04-29 16:46:00,2025-04-29 16:53:00,1.39,28.34,P002928,4.7,Mumbai
R002929,D0290,C01241,V0102,2025-08-03 07:03:00,2025-08-03 07:25:00,4.21,58.68,P002929,4.7,Delhi
R002930,D0263,C00369,V0248,2025-05-20 08:26:00,2025-05-20 08:43:00,3.26,61.08,P002930,4.8,Kolkata
R002931,D0236,C01314,V0150,2024-11-14 23:21:00,2024-11-14 23:34:00,1.63,48.04,P002931,4.5,Kolkata
R002932,D0213,C00112,V0009,2024-06-03 01:20:00,2024-06-03 01:42:00,5.96,111.52,P002932,5.0,Pune
R002933,D0091,C00725,V0293,2025-08-01 19:26:00,2025-08-01 19:34:00,1.5,58.0,P002933,4.1,Bangalore
R002934,D0221,C00210,V0220,2024-01-06 08:44:00,2024-01-06 09:11:00,4.46,46.76,P002934,4.3,Delhi
R002935,D0017,C01288,V0170,2024-08-02 17:50:00,2024-08-02 18:16:00,8.42,70.52,P002935,4.3,Mumbai
R002936,D0201,C00578,V0211,2025-05-15 17:31:00,2025-05-15 19:01:00,26.5,179.0,P002936,3.4,Bangalore
R002937,D0117,C00466,V0021,2024-11-16 20:15:00,2024-11-16 20:26:00,2.64,71.68,P002937,4.5,Hyderabad
R002938,D0131,C01013,V0148,2024-11-25 14:45:00,2024-11-25 15:27:00,7.46,139.52,P002938,4.6,Pune
R002939,D0247,C00782,V0258,2025-05-09 16:35:00,2025-05-09 17:06:00,7.71,96.68,P002939,4.5,Pune
R002940,D0157,C01178,V0217,2024-03-24 03:27:00,2024-03-24 03:41:00,1.77,30.62,P002940,4.7,Delhi
R002941,D0190,C01158,V0066,2024-03-20 12:08:00,2024-03-20 12:20:00,3.22,49.32,P002941,4.8,Mumbai
R002942,D0141,C01247,V0240,2024-01-14 05:33:00,2024-01-14 05:53:00,4.68,96.16,P002942,4.0,Ahmedabad
R002943,D0277,C01824,V0084,2024-05-04 05:12:00,2024-05-04 05:25:00,2.8,73.6,P002943,4.7,Bangalore
R002944,D0253,C01100,V0158,2025-03-24 03:02:00,2025-03-24 03:20:00,4.65,62.2,P002944,5.0,Ahmedabad
R002945,D0086,C00504,V0024,2025-03-10 15:10:00,2025-03-10 15:13:00,2.65,71.8,P002945,4.5,Ahmedabad
R002946,D0279,C00722,V0029,2025-06-21 15:08:00,2025-06-21 15:19:00,1.1,53.2,P002946,5.0,Chennai
R002947,D0275,C00480,V0051,2025-07-14 13:25:00,2025-07-14 13:36:00,2.28,67.36,P002947,4.7,Ahmedabad
R002948,D0051,C01147,V0123,2024-01-10 09:07:00,2024-01-10 09:21:00,2.08,84.96,P002948,4.3,Delhi
R002949,D0086,C01159,V0024,2025-03-21 09:46:00,2025-03-21 09:49:00,2.41,68.92,P002949,4.0,Ahmedabad
R002950,D0020,C01106,V0227,2024-10-04 16:20:00,2024-10-04 16:48:00,3.3,89.6,P002950,4.4,Hyderabad
R002951,D0222,C00694,V0051,2025-01-15 18:41:00,2025-01-15 18:56:00,0.9,50.8,P002951,4.2,Chennai
R002952,D0049,C01943,V0057,2024-06-18 04:18:00,2024-06-18 04:37:00,2.09,41.72,P002952,4.0,Chennai
R002953,D0221,C01323,V0220,2025-06-19 21:13:00,2025-06-19 21:53:00,11.82,90.92,P002953,4.8,Delhi
R002954,D0029,C00175,V0069,2025-01-15 16:38:00,2025-01-15 17:00:00,4.76,48.56,P002954,4.4,Ahmedabad
R002955,D0259,C00679,V0239,2024-09-14 15:29:00,2024-09-14 15:45:00,4.9,98.8,P002955,4.6,Mumbai
R002956,D0282,C01316,V0148,2024-08-03 10:59:00,2024-08-03 11:15:00,4.14,89.68,P002956,3.9,Hyderabad
R002957,D0252,C00388,V0093,2024-05-18 05:33:00,2024-05-18 05:53:00,4.46,93.52,P002957,3.9,Delhi
R002958,D0194,C00998,V0057,2025-04-30 00:20:00,2025-04-30 00:53:00,10.01,115.08,P002958,4.4,Delhi
R002959,D0132,C00265,V0058,2025-03-02 05:09:00,2025-03-02 05:25:00,3.76,42.56,P002959,4.5,Chennai
R002960,D0037,C01802,V0032,2025-04-26 02:00:00,2025-04-26 02:17:00,5.09,50.54,P002960,4.4,Chennai
R002961,D0150,C00481,V0102,2024-11-15 22:12:00,2024-11-15 23:21:00,16.88,160.04,P002961,4.5,Delhi
R002962,D0117,C00038,V0021,2024-07-23 22:06:00,2024-07-23 22:27:00,4.54,94.48,P002962,5.0,Hyderabad
R002963,D0246,C01956,V0079,2025-07-04 14:21:00,2025-07-04 14:36:00,2.11,41.88,P002963,4.8,Mumbai
R002964,D0253,C00699,V0158,2024-04-06 01:39:00,2024-04-06 01:50:00,1.23,34.84,P002964,4.5,Ahmedabad
R002965,D0185,C01390,V0053,2025-04-24 19:10:00,2025-04-24 19:35:00,5.1,75.8,P002965,4.6,Chennai
R002966,D0199,C01965,V0282,2024-03-09 11:40:00,2024-03-09 11:54:00,2.56,70.72,P002966,4.4,Chennai
R002967,D0077,C00063,V0276,2025-07-26 07:22:00,2025-07-26 07:39:00,3.28,79.36,P002967,4.1,Chennai
R002968,D0201,C01279,V0211,2024-01-15 06:17:00,2024-01-15 06:36:00,6.82,60.92,P002968,5.0,Bangalore
R002969,D0036,C00932,V0002,2024-10-18 13:37:00,2024-10-18 13:45:00,1.25,55.0,P002969,4.8,Chennai
R002970,D0020,C01332,V0227,2024-11-09 11:39:00,2024-11-09 12:07:00,4.78,97.36,P002970,4.4,Hyderabad
R002971,D0023,C01210,V0220,2025-02-16 08:35:00,2025-02-16 08:58:00,6.31,57.86,P002971,4.3,Chennai
R002972,D0194,C01300,V0057,2025-07-08 20:42:00,2025-07-08 21:02:00,3.72,64.76,P002972,4.4,Delhi
R002973,D0187,C00354,V0192,2024-07-26 02:37:00,2024-07-26 02:47:00,1.61,29.66,P002973,4.4,Delhi
R002974,D0173,C01195,V0188,2024-06-05 03:46:00,2024-06-05 04:12:00,6.62,77.96,P002974,4.2,Bangalore
R002975,D0008,C01196,V0203,2024-08-09 08:11:00,2024-08-09 08:21:00,2.47,34.82,P002975,5.0,Chennai
R002976,D0261,C01653,V0214,2024-09-26 18:06:00,2024-09-26 18:24:00,3.46,50.76,P002976,4.7,Pune
R002977,D0020,C01567,V0227,2024-05-09 16:37:00,2024-05-09 17:03:00,8.37,140.44,P002977,4.8,Hyderabad
R002978,D0217,C00688,V0289,2025-01-27 10:36:00,2025-01-27 10:51:00,3.82,85.84,P002978,4.6,Kolkata
R002979,D0229,C00280,V0266,2024-10-10 23:55:00,2024-10-11 00:15:00,2.75,73.0,P002979,4.9,Bangalore
R002980,D0260,C01996,V0070,2025-04-29 06:10:00,2025-04-29 06:33:00,4.79,48.74,P002980,4.6,Chennai
R002981,D0119,C01611,V0044,2024-01-03 07:13:00,2024-01-03 07:32:00,2.64,71.68,P002981,5.0,Bangalore
R002982,D0280,C01333,V0047,2024-04-03 19:09:00,2024-04-03 19:30:00,4.87,63.96,P002982,5.0,Chennai
R002983,D0212,C00740,V0161,2024-05-26 05:30:00,2024-05-26 05:40:00,2.52,35.12,P002983,4.0,Mumbai
R002984,D0292,C01130,V0194,2024-01-01 10:04:00,2024-01-01 10:28:00,5.38,104.56,P002984,5.0,Hyderabad
R002985,D0234,C00090,V0158,2024-02-23 04:32:00,2024-02-23 04:47:00,1.13,34.04,P002985,4.8,Delhi
R002986,D0002,C00781,V0119,2025-03-26 13:42:00,2025-03-26 13:57:00,4.99,49.94,P002986,4.6,Delhi
R002987,D0182,C00445,V0120,2025-04-28 10:19:00,2025-04-28 10:44:00,5.91,72.28,P002987,5.0,Chennai
R002988,D0212,C00027,V0161,2025-05-27 03:15:00,2025-05-27 03:52:00,8.54,71.24,P002988,4.5,Mumbai
R002989,D0072,C01988,V0184,2025-07-27 12:24:00,2025-07-27 12:54:00,6.73,120.76,P002989,4.5,Mumbai
R002990,D0166,C00841,V0279,2025-01-29 22:30:00,2025-01-29 22:41:00,3.92,87.04,P002990,3.9,Pune
R002991,D0237,C01401,V0023,2024-12-29 09:53:00,2024-12-29 10:07:00,1.03,33.24,P002991,4.7,Ahmedabad
R002992,D0236,C00349,V0150,2025-06-18 10:33:00,2025-06-18 11:13:00,11.39,116.12,P002992,4.0,Kolkata
R002993,D0078,C00219,V0047,2024-03-21 19:53:00,2024-03-21 20:24:00,3.74,64.92,P002993,4.4,Bangalore
R002994,D0097,C01168,V0288,2024-08-07 05:40:00,2024-08-07 06:01:00,5.27,51.62,P002994,4.1,Mumbai
R002995,D0241,C01188,V0277,2024-10-11 22:09:00,2024-10-11 22:21:00,0.82,31.56,P002995,4.8,Pune
R002996,D0227,C01308,V0128,2025-03-23 17:28:00,2025-03-23 17:47:00,4.12,57.96,P002996,4.4,Bangalore
R002997,D0254,C01030,V0110,2025-05-16 22:50:00,2025-05-16 23:19:00,6.96,123.52,P002997,4.5,Bangalore
R002998,D0238,C01042,V0110,2024-09-13 21:07:00,2024-09-13 21:36:00,6.64,129.68,P002998,4.4,Kolkata
R002999,D0100,C01466,V0116,2025-07-25 13:41:00,2025-07-25 13:57:00,3.73,42.38,P002999,4.5,Kolkata
R003000,D0183,C00308,V0231,2024-12-22 05:01:00,2024-12-22 05:22:00,3.04,38.24,P003000,4.2,Bangalore
R003001,D0001,C01726,V0080,2025-01-09 14:49:00,2025-01-09 15:44:00,13.22,130.76,P003001,3.9,Bangalore
R003002,D0083,C01637,V0149,2024-12-20 23:27:00,2024-12-20 23:43:00,1.58,58.96,P003002,4.0,Hyderabad
R003003,D0239,C01410,V0038,2024-08-06 19:35:00,2024-08-06 19:43:00,2.43,44.44,P003003,4.8,Pune
R003004,D0264,C01198,V0097,2024-07-14 12:23:00,2024-07-14 12:36:00,1.42,67.04,P003004,4.9,Mumbai
R003005,D0214,C01971,V0186,2024-07-02 23:00:00,2024-07-02 23:08:00,2.98,75.76,P003005,4.6,Pune
R003006,D0104,C00723,V0290,2024-07-19 14:23:00,2024-07-19 14:52:00,7.5,85.0,P003006,4.2,Ahmedabad
R003007,D0024,C01613,V0091,2025-06-22 06:00:00,2025-06-22 06:43:00,13.42,211.04,P003007,4.6,Ahmedabad
R003008,D0043,C01616,V0284,2025-08-23 09:21:00,2025-08-23 10:16:00,15.2,222.4,P003008,4.1,Hyderabad
R003009,D0191,C00573,V0050,2024-04-06 11:58:00,2024-04-06 12:25:00,6.31,75.48,P003009,5.0,Bangalore
R003010,D0051,C01683,V0123,2024-09-16 16:58:00,2024-09-16 17:07:00,3.72,94.64,P003010,4.8,Delhi
R003011,D0248,C01154,V0124,2024-01-14 19:17:00,2024-01-14 19:52:00,7.62,131.44,P003011,4.8,Kolkata
R003012,D0280,C01954,V0047,2024-02-04 20:17:00,2024-02-04 20:54:00,8.85,95.8,P003012,4.4,Chennai
R003013,D0184,C01175,V0077,2025-05-05 12:02:00,2025-05-05 12:15:00,1.11,53.32,P003013,4.4,Hyderabad
R003014,D0148,C00889,V0095,2024-09-16 08:40:00,2024-09-16 09:24:00,11.25,87.5,P003014,4.7,Delhi
R003015,D0115,C01408,V0049,2024-02-28 18:52:00,2024-02-28 19:03:00,2.03,42.18,P003015,4.9,Bangalore
R003016,D0185,C01606,V0053,2024-02-01 22:59:00,2024-02-01 23:26:00,3.95,56.6,P003016,4.1,Chennai
R003017,D0009,C01761,V0058,2025-04-27 19:40:00,2025-04-27 20:07:00,4.01,44.06,P003017,5.0,Delhi
R003018,D0142,C01267,V0264,2025-04-10 15:11:00,2025-04-10 15:29:00,2.62,35.72,P003018,4.9,Hyderabad
R003019,D0005,C01293,V0047,2025-04-29 23:55:00,2025-04-30 00:24:00,6.01,73.08,P003019,4.7,Pune
R003020,D0276,C00245,V0012,2025-07-12 03:02:00,2025-07-12 03:29:00,8.81,145.72,P003020,4.9,Chennai
R003021,D0150,C00117,V0102,2025-01-13 00:39:00,2025-01-13 00:48:00,2.57,45.56,P003021,4.6,Delhi
R003022,D0098,C01908,V0187,2024-06-05 22:47:00,2024-06-05 22:52:00,0.95,51.4,P003022,4.0,Delhi
R003023,D0182,C01815,V0120,2024-06-30 04:05:00,2024-06-30 04:32:00,3.53,53.24,P003023,5.0,Chennai
R003024,D0266,C01737,V0133,2025-03-05 03:03:00,2025-03-05 03:36:00,7.55,65.3,P003024,4.7,Kolkata
R003025,D0191,C01217,V0050,2025-03-30 20:45:00,2025-03-30 21:05:00,1.94,40.52,P003025,4.2,Bangalore
R003026,D0282,C00403,V0148,2024-03-04 10:06:00,2024-03-04 10:55:00,15.25,223.0,P003026,4.0,Hyderabad
R003027,D0092,C00405,V0196,2025-07-11 08:54:00,2025-07-11 09:24:00,7.32,127.84,P003027,4.3,Bangalore
R003028,D0037,C01232,V0032,2024-07-17 20:39:00,2024-07-17 21:29:00,15.38,112.28,P003028,4.6,Chennai
R003029,D0107,C01390,V0124,2024-01-18 10:53:00,2024-01-18 11:14:00,2.75,83.0,P003029,4.4,Pune
R003030,D0002,C00376,V0119,2024-11-20 22:10:00,2024-11-20 22:35:00,4.02,44.12,P003030,4.7,Delhi
R003031,D0287,C01095,V0078,2025-08-23 23:23:00,2025-08-23 23:34:00,1.93,31.58,P003031,4.7,Hyderabad
R003032,D0204,C00991,V0191,2025-06-12 00:42:00,2025-06-12 01:03:00,4.54,94.48,P003032,4.2,Mumbai
R003033,D0144,C00343,V0105,2025-02-16 13:53:00,2025-02-16 14:16:00,5.63,53.78,P003033,4.9,Bangalore
R003034,D0050,C00698,V0033,2024-03-03 02:12:00,2024-03-03 02:21:00,1.11,53.32,P003034,4.8,Kolkata
R003035,D0299,C00421,V0280,2025-05-28 04:46:00,2025-05-28 05:03:00,3.6,93.2,P003035,4.4,Mumbai
R003036,D0280,C01596,V0047,2024-09-30 02:11:00,2024-09-30 02:32:00,3.1,59.8,P003036,4.5,Chennai
R003037,D0092,C00310,V0196,2025-03-30 01:17:00,2025-03-30 01:36:00,3.06,76.72,P003037,5.0,Bangalore
R003038,D0100,C01227,V0116,2024-07-22 22:32:00,2024-07-22 22:49:00,4.1,44.6,P003038,4.4,Kolkata
R003039,D0173,C00805,V0188,2025-02-23 05:40:00,2025-02-23 06:21:00,7.47,84.76,P003039,4.7,Bangalore
R003040,D0005,C01169,V0047,2024-01-04 09:17:00,2024-01-04 09:38:00,4.75,73.0,P003040,4.3,Pune
R003041,D0056,C01201,V0068,2025-07-28 11:07:00,2025-07-28 11:12:00,1.25,35.0,P003041,5.0,Bangalore
R003042,D0300,C01150,V0271,2024-12-15 14:36:00,2024-12-15 14:51:00,4.87,98.44,P003042,4.6,Pune
R003043,D0095,C01736,V0047,2024-03-29 18:59:00,2024-03-29 19:15:00,1.99,40.92,P003043,4.8,Ahmedabad
R003044,D0079,C00449,V0087,2025-04-19 02:07:00,2025-04-19 02:23:00,3.73,84.76,P003044,4.6,Hyderabad
R003045,D0142,C00497,V0264,2024-04-02 05:46:00,2024-04-02 06:15:00,5.86,55.16,P003045,5.0,Hyderabad
R003046,D0024,C01061,V0091,2024-03-29 05:20:00,2024-03-29 05:33:00,2.08,74.96,P003046,4.7,Ahmedabad
R003047,D0134,C00799,V0287,2024-01-21 05:50:00,2024-01-21 06:35:00,11.57,178.84,P003047,4.8,Mumbai
R003048,D0241,C01746,V0277,2024-01-11 06:40:00,2024-01-11 06:58:00,2.93,48.44,P003048,3.8,Pune
R003049,D0121,C00081,V0192,2025-01-18 14:05:00,2025-01-18 14:40:00,7.31,73.86,P003049,5.0,Kolkata
R003050,D0189,C00421,V0025,2024-09-09 09:53:00,2024-09-09 10:05:00,1.48,38.88,P003050,4.4,Pune
R003051,D0047,C01226,V0054,2024-07-14 23:48:00,2024-07-15 00:15:00,7.19,126.28,P003051,4.3,Chennai
R003052,D0261,C01534,V0214,2024-05-15 09:03:00,2024-05-15 09:12:00,1.9,41.4,P003052,4.5,Pune
R003053,D0253,C01226,V0158,2025-01-23 22:18:00,2025-01-23 22:44:00,5.04,65.32,P003053,5.0,Ahmedabad
R003054,D0109,C00576,V0152,2024-07-01 08:08:00,2024-07-01 09:11:00,17.91,168.28,P003054,4.4,Delhi
R003055,D0286,C01627,V0092,2025-08-01 10:26:00,2025-08-01 10:47:00,6.74,88.92,P003055,4.1,Pune
R003056,D0110,C00421,V0289,2024-08-19 06:17:00,2024-08-19 06:26:00,1.83,61.96,P003056,4.7,Hyderabad
R003057,D0228,C01165,V0124,2024-07-23 05:18:00,2024-07-23 05:59:00,13.23,198.76,P003057,4.7,Pune
R003058,D0211,C00584,V0150,2024-09-22 22:28:00,2024-09-22 22:44:00,2.47,44.76,P003058,4.2,Bangalore
R003059,D0199,C00969,V0282,2024-09-27 02:31:00,2024-09-27 03:23:00,14.45,223.4,P003059,5.0,Chennai
R003060,D0177,C01887,V0028,2024-12-29 18:23:00,2024-12-29 18:35:00,3.75,42.5,P003060,4.6,Kolkata
R003061,D0041,C01670,V0141,2024-12-23 20:33:00,2024-12-23 20:46:00,2.11,32.66,P003061,4.7,Delhi
R003062,D0158,C01586,V0266,2025-04-05 20:43:00,2025-04-05 21:11:00,8.31,139.72,P003062,3.9,Chennai
R003063,D0276,C00868,V0012,2024-06-23 01:53:00,2024-06-23 02:06:00,0.96,51.52,P003063,4.1,Chennai
R003064,D0123,C00692,V0247,2025-08-22 12:09:00,2025-08-22 12:41:00,5.47,68.76,P003064,5.0,Pune
R003065,D0206,C00644,V0214,2025-07-04 18:13:00,2025-07-04 18:29:00,2.97,47.82,P003065,4.4,Delhi
R003066,D0172,C00393,V0198,2025-03-20 11:41:00,2025-03-20 12:03:00,1.16,53.92,P003066,5.0,Kolkata
R003067,D0292,C00193,V0194,2024-10-22 06:21:00,2024-10-22 06:51:00,8.84,146.08,P003067,5.0,Hyderabad
R003068,D0287,C02000,V0078,2025-05-30 17:53:00,2025-05-30 18:19:00,1.47,28.82,P003068,4.5,Hyderabad
R003069,D0278,C01975,V0214,2024-10-02 02:32:00,2024-10-02 03:04:00,7.81,66.86,P003069,4.7,Kolkata
R003070,D0227,C00271,V0128,2024-08-03 08:13:00,2024-08-03 08:45:00,9.58,111.64,P003070,4.7,Bangalore
R003071,D0067,C01852,V0199,2025-04-23 08:02:00,2025-04-23 08:40:00,9.98,159.76,P003071,4.2,Mumbai
R003072,D0119,C00912,V0044,2024-04-28 16:42:00,2024-04-28 17:22:00,8.06,136.72,P003072,4.5,Bangalore
R003073,D0231,C00234,V0107,2024-07-09 15:08:00,2024-07-09 15:19:00,1.58,58.96,P003073,4.3,Kolkata
R003074,D0167,C01779,V0088,2025-04-23 18:20:00,2025-04-23 18:41:00,6.5,97.0,P003074,4.7,Mumbai
R003075,D0185,C01312,V0053,2025-01-16 18:24:00,2025-01-16 18:33:00,2.03,41.24,P003075,4.8,Chennai
R003076,D0022,C01161,V0284,2024-02-04 10:44:00,2024-02-04 10:59:00,2.87,74.44,P003076,4.3,Bangalore
R003077,D0032,C01010,V0015,2024-04-17 20:22:00,2024-04-17 20:47:00,6.16,74.28,P003077,4.9,Bangalore
R003078,D0133,C01921,V0080,2024-01-09 05:26:00,2024-01-09 05:38:00,4.3,59.4,P003078,4.4,Pune
R003079,D0185,C00098,V0053,2025-05-01 10:21:00,2025-05-01 10:44:00,7.11,81.88,P003079,4.7,Chennai
R003080,D0266,C01386,V0133,2024-04-12 05:58:00,2024-04-12 06:24:00,6.83,80.98,P003080,5.0,Kolkata
R003081,D0086,C00513,V0024,2025-01-01 09:10:00,2025-01-01 09:13:00,0.82,49.84,P003081,4.6,Ahmedabad
R003082,D0167,C01544,V0088,2025-04-23 17:11:00,2025-04-23 17:18:00,1.34,45.72,P003082,4.5,Mumbai
R003083,D0084,C00843,V0261,2024-01-23 14:51:00,2024-01-23 15:19:00,6.23,84.84,P003083,4.4,Chennai
R003084,D0032,C01823,V0015,2025-04-12 18:36:00,2025-04-12 18:49:00,1.91,60.28,P003084,5.0,Bangalore
R003085,D0057,C01671,V0198,2025-03-21 23:25:00,2025-03-21 23:41:00,2.18,66.16,P003085,4.6,Chennai
R003086,D0181,C01196,V0222,2025-04-29 07:16:00,2025-04-29 07:43:00,5.68,64.08,P003086,4.6,Bangalore
R003087,D0135,C00817,V0146,2025-01-17 19:21:00,2025-01-17 19:59:00,10.04,105.32,P003087,4.1,Kolkata
R003088,D0293,C01837,V0198,2025-05-09 21:25:00,2025-05-09 21:51:00,7.15,125.8,P003088,3.7,Hyderabad
R003089,D0051,C01850,V0123,2024-11-03 01:59:00,2024-11-03 02:25:00,5.35,114.2,P003089,5.0,Delhi
R003090,D0038,C00194,V0099,2024-08-27 16:06:00,2024-08-27 16:41:00,7.08,62.48,P003090,5.0,Bangalore
R003091,D0237,C00672,V0023,2025-03-07 13:49:00,2025-03-07 14:16:00,4.7,62.6,P003091,4.0,Ahmedabad
R003092,D0032,C00333,V0015,2024-10-02 18:25:00,2024-10-02 18:39:00,3.87,55.96,P003092,5.0,Bangalore
R003093,D0025,C01050,V0217,2024-01-30 05:32:00,2024-01-30 05:54:00,3.79,52.74,P003093,3.9,Pune
R003094,D0170,C00448,V0132,2024-06-19 09:56:00,2024-06-19 10:50:00,13.59,203.08,P003094,4.0,Ahmedabad
R003095,D0300,C00512,V0271,2025-06-20 06:36:00,2025-06-20 07:14:00,8.91,146.92,P003095,4.5,Pune
R003096,D0294,C00950,V0133,2024-05-22 04:42:00,2024-05-22 05:03:00,7.33,63.98,P003096,4.3,Bangalore
R003097,D0144,C00416,V0105,2024-12-07 01:05:00,2024-12-07 01:37:00,9.01,74.06,P003097,4.5,Bangalore
R003098,D0294,C01443,V0133,2024-11-12 04:51:00,2024-11-12 05:07:00,4.2,55.2,P003098,4.2,Bangalore
R003099,D0266,C01468,V0133,2024-12-20 14:25:00,2024-12-20 15:12:00,11.66,89.96,P003099,4.6,Kolkata
R003100,D0163,C01897,V0286,2024-06-18 14:00:00,2024-06-18 14:24:00,4.16,44.96,P003100,4.7,Chennai
R003101,D0280,C00309,V0047,2024-05-31 06:56:00,2024-05-31 07:06:00,3.94,56.52,P003101,5.0,Chennai
R003102,D0139,C01387,V0084,2024-06-25 09:19:00,2024-06-25 09:32:00,4.71,96.52,P003102,4.7,Mumbai
R003103,D0047,C01890,V0054,2024-03-23 05:15:00,2024-03-23 05:45:00,6.2,114.4,P003103,4.4,Chennai
R003104,D0068,C00266,V0258,2024-07-27 13:05:00,2024-07-27 13:24:00,2.3,53.4,P003104,5.0,Ahmedabad
R003105,D0229,C01730,V0266,2024-09-07 04:43:00,2024-09-07 05:05:00,4.41,92.92,P003105,3.8,Bangalore
R003106,D0073,C01817,V0238,2025-07-22 11:00:00,2025-07-22 11:19:00,3.77,55.16,P003106,4.1,Kolkata
R003107,D0077,C00927,V0276,2025-05-03 05:22:00,2025-05-03 05:40:00,1.54,58.48,P003107,4.0,Chennai
R003108,D0175,C00110,V0202,2024-04-12 15:35:00,2024-04-12 15:55:00,5.33,103.96,P003108,4.3,Bangalore
R003109,D0076,C00950,V0230,2025-02-07 22:13:00,2025-02-07 22:39:00,5.9,110.8,P003109,5.0,Bangalore
R003110,D0176,C01519,V0141,2025-04-28 21:24:00,2025-04-28 21:34:00,1.98,31.88,P003110,3.9,Pune
R003111,D0044,C00040,V0170,2025-04-19 22:15:00,2025-04-19 22:35:00,2.42,54.52,P003111,4.5,Ahmedabad
R003112,D0068,C00094,V0258,2024-04-08 12:08:00,2024-04-08 12:19:00,1.54,37.32,P003112,4.5,Ahmedabad
R003113,D0237,C01047,V0023,2024-11-21 04:25:00,2024-11-21 04:31:00,1.01,33.08,P003113,4.4,Ahmedabad
R003114,D0113,C00742,V0134,2024-11-30 09:52:00,2024-11-30 10:04:00,2.27,67.24,P003114,4.3,Ahmedabad
R003115,D0234,C00696,V0158,2025-03-10 19:25:00,2025-03-10 19:28:00,0.88,32.04,P003115,4.7,Delhi
R003116,D0150,C01691,V0102,2025-06-30 02:22:00,2025-06-30 02:46:00,4.74,72.92,P003116,4.5,Delhi
R003117,D0075,C01892,V0067,2025-05-15 21:47:00,2025-05-15 21:54:00,1.62,37.96,P003117,4.6,Hyderabad
R003118,D0260,C00531,V0070,2025-08-23 00:14:00,2025-08-23 00:34:00,3.3,39.8,P003118,5.0,Chennai
R003119,D0021,C00881,V0241,2024-07-01 07:23:00,2024-07-01 07:37:00,2.84,84.08,P003119,5.0,Mumbai
R003120,D0078,C01871,V0047,2025-01-05 10:32:00,2025-01-05 10:39:00,0.88,42.04,P003120,4.1,Bangalore
R003121,D0275,C00123,V0051,2024-01-02 19:38:00,2024-01-02 19:50:00,2.84,74.08,P003121,4.6,Ahmedabad
R003122,D0033,C01376,V0281,2025-02-11 02:41:00,2025-02-11 02:44:00,1.36,56.32,P003122,4.1,Bangalore
R003123,D0010,C00236,V0097,2024-08-23 04:31:00,2024-08-23 05:00:00,6.48,117.76,P003123,4.7,Delhi
R003124,D0214,C00693,V0186,2024-07-11 01:13:00,2024-07-11 01:54:00,10.24,162.88,P003124,4.1,Pune
R003125,D0033,C01629,V0281,2024-11-05 13:05:00,2024-11-05 13:27:00,4.53,104.36,P003125,5.0,Bangalore
R003126,D0028,C01094,V0240,2024-12-13 12:41:00,2024-12-13 12:52:00,3.13,97.56,P003126,4.4,Bangalore
R003127,D0286,C00361,V0092,2024-07-03 13:09:00,2024-07-03 13:23:00,3.76,55.08,P003127,4.8,Pune
R003128,D0287,C01410,V0078,2024-10-18 09:24:00,2024-10-18 09:48:00,2.34,34.04,P003128,4.9,Hyderabad
R003129,D0196,C01642,V0174,2025-05-07 01:16:00,2025-05-07 01:42:00,3.78,105.36,P003129,4.1,Pune
R003130,D0089,C00506,V0180,2025-03-07 05:10:00,2025-03-07 05:23:00,4.12,89.44,P003130,5.0,Hyderabad
R003131,D0136,C01950,V0081,2025-02-11 21:33:00,2025-02-11 22:04:00,6.18,74.44,P003131,4.7,Mumbai
R003132,D0056,C00679,V0068,2024-04-18 14:51:00,2024-04-18 15:14:00,5.89,72.12,P003132,4.3,Bangalore
R003133,D0218,C01382,V0221,2024-03-25 11:43:00,2024-03-25 12:11:00,9.79,157.48,P003133,3.8,Bangalore
R003134,D0133,C00119,V0080,2024-04-13 20:55:00,2024-04-13 21:26:00,9.27,109.16,P003134,5.0,Pune
R003135,D0241,C00522,V0277,2025-02-18 00:10:00,2025-02-18 00:32:00,4.38,60.04,P003135,4.3,Pune
R003136,D0070,C01115,V0283,2024-11-22 04:36:00,2024-11-22 05:51:00,21.02,292.24,P003136,4.4,Kolkata
R003137,D0257,C01043,V0127,2025-06-03 12:43:00,2025-06-03 13:16:00,8.87,146.44,P003137,4.8,Kolkata
R003138,D0218,C00440,V0221,2025-04-10 00:31:00,2025-04-10 00:48:00,3.48,81.76,P003138,5.0,Bangalore
R003139,D0140,C00077,V0051,2025-02-15 13:49:00,2025-02-15 14:52:00,20.17,282.04,P003139,4.8,Ahmedabad
R003140,D0196,C00023,V0174,2024-02-25 09:27:00,2024-02-25 09:42:00,4.09,99.08,P003140,4.4,Pune
R003141,D0051,C01703,V0123,2024-09-21 23:40:00,2024-09-22 00:17:00,8.36,140.32,P003141,3.9,Delhi
R003142,D0035,C00104,V0027,2024-04-28 19:51:00,2024-04-28 20:10:00,4.42,93.04,P003142,5.0,Ahmedabad
R003143,D0189,C01443,V0025,2025-04-06 16:23:00,2025-04-06 16:50:00,4.54,47.24,P003143,4.9,Pune
R003144,D0029,C00657,V0069,2025-04-29 22:21:00,2025-04-29 22:42:00,5.35,52.1,P003144,4.2,Ahmedabad
R003145,D0179,C00092,V0299,2025-07-01 11:07:00,2025-07-01 11:11:00,1.48,57.76,P003145,4.5,Ahmedabad
R003146,D0023,C01948,V0220,2024-07-02 13:34:00,2024-07-02 14:11:00,10.87,85.22,P003146,4.8,Chennai
R003147,D0203,C00137,V0233,2025-01-27 21:05:00,2025-01-27 21:21:00,5.53,106.36,P003147,4.4,Pune
R003148,D0034,C01836,V0254,2024-06-02 00:21:00,2024-06-02 00:35:00,1.24,64.88,P003148,4.7,Delhi
R003149,D0166,C00085,V0279,2024-09-21 06:32:00,2024-09-21 06:45:00,1.96,63.52,P003149,5.0,Pune
R003150,D0213,C00229,V0009,2025-04-10 13:03:00,2025-04-10 13:23:00,5.06,110.72,P003150,4.7,Pune
R003151,D0220,C00162,V0088,2025-04-20 09:02:00,2025-04-20 09:36:00,8.64,94.12,P003151,5.0,Bangalore
R003152,D0093,C01974,V0255,2024-05-04 15:29:00,2024-05-04 15:49:00,2.25,77.0,P003152,4.9,Ahmedabad
R003153,D0266,C00334,V0133,2025-01-10 01:56:00,2025-01-10 02:05:00,2.18,33.08,P003153,4.5,Kolkata
R003154,D0283,C01623,V0090,2025-01-13 08:27:00,2025-01-13 08:50:00,2.12,65.44,P003154,4.2,Delhi
R003155,D0281,C01207,V0294,2024-12-11 21:18:00,2024-12-11 21:33:00,5.12,101.44,P003155,4.9,Delhi
R003156,D0019,C00036,V0250,2024-01-25 17:17:00,2024-01-25 17:32:00,3.29,79.48,P003156,4.3,Chennai
R003157,D0287,C00742,V0078,2024-07-02 09:22:00,2024-07-02 09:31:00,1.16,26.96,P003157,4.4,Hyderabad
R003158,D0152,C01779,V0015,2025-03-03 00:28:00,2025-03-03 01:00:00,7.63,86.04,P003158,4.7,Chennai
R003159,D0229,C00828,V0266,2024-11-28 09:40:00,2024-11-28 09:52:00,2.22,66.64,P003159,4.9,Bangalore
R003160,D0194,C01981,V0057,2024-02-06 19:07:00,2024-02-06 19:31:00,5.51,69.08,P003160,4.7,Delhi
R003161,D0118,C01997,V0253,2024-12-31 23:02:00,2024-12-31 23:17:00,2.98,47.88,P003161,4.1,Kolkata
R003162,D0010,C01853,V0097,2025-06-28 23:25:00,2025-06-28 23:45:00,3.48,91.76,P003162,4.9,Delhi
R003163,D0201,C00040,V0211,2024-09-11 05:05:00,2024-09-11 05:21:00,4.63,47.78,P003163,4.4,Bangalore
R003164,D0024,C00021,V0091,2025-07-01 03:08:00,2025-07-01 03:27:00,4.9,98.8,P003164,4.5,Ahmedabad
R003165,D0154,C01487,V0064,2024-05-28 20:31:00,2024-05-28 20:47:00,6.01,122.12,P003165,4.7,Hyderabad
R003166,D0072,C01315,V0184,2025-03-17 08:22:00,2025-03-17 08:40:00,3.64,83.68,P003166,4.7,Mumbai
R003167,D0015,C00375,V0216,2025-04-14 22:39:00,2025-04-14 23:15:00,8.3,91.4,P003167,5.0,Delhi
R003168,D0073,C00537,V0238,2024-09-06 23:52:00,2024-09-07 00:19:00,6.53,87.24,P003168,3.7,Kolkata
R003169,D0008,C01920,V0203,2025-06-20 18:29:00,2025-06-20 19:05:00,8.0,68.0,P003169,4.4,Chennai
R003170,D0216,C01240,V0188,2024-02-11 02:20:00,2024-02-11 02:34:00,2.39,64.12,P003170,3.8,Hyderabad
R003171,D0001,C00189,V0080,2025-01-16 01:09:00,2025-01-16 01:35:00,5.51,69.08,P003171,5.0,Bangalore
R003172,D0129,C00137,V0300,2024-04-13 12:32:00,2024-04-13 13:15:00,12.97,205.64,P003172,3.5,Mumbai
R003173,D0192,C00882,V0070,2024-03-21 10:59:00,2024-03-21 11:15:00,4.07,44.42,P003173,4.7,Kolkata
R003174,D0237,C00561,V0023,2024-11-05 13:25:00,2024-11-05 13:40:00,1.97,60.76,P003174,4.9,Ahmedabad
R003175,D0274,C01080,V0024,2024-01-23 05:47:00,2024-01-23 06:10:00,4.71,96.52,P003175,4.9,Kolkata
R003176,D0031,C01929,V0263,2024-09-20 23:41:00,2024-09-21 00:29:00,13.99,103.94,P003176,4.5,Mumbai
R003177,D0166,C00246,V0279,2024-03-22 13:07:00,2024-03-22 13:34:00,5.57,106.84,P003177,5.0,Pune
R003178,D0203,C01111,V0233,2024-07-15 18:16:00,2024-07-15 18:57:00,9.73,156.76,P003178,4.9,Pune
R003179,D0052,C01260,V0059,2024-11-06 19:32:00,2024-11-06 19:54:00,3.93,87.16,P003179,4.4,Chennai
R003180,D0213,C01616,V0009,2025-07-06 07:44:00,2025-07-06 08:04:00,4.14,109.68,P003180,4.8,Pune
R003181,D0103,C01838,V0235,2024-02-20 11:36:00,2024-02-20 11:51:00,4.82,48.92,P003181,5.0,Ahmedabad
R003182,D0019,C00762,V0250,2025-04-29 06:48:00,2025-04-29 07:01:00,1.32,55.84,P003182,4.7,Chennai
R003183,D0236,C00160,V0150,2025-03-23 08:47:00,2025-03-23 09:29:00,10.0,105.0,P003183,4.9,Kolkata
R003184,D0201,C00176,V0211,2024-07-09 08:32:00,2024-07-09 09:13:00,10.58,83.48,P003184,3.8,Bangalore
R003185,D0239,C01705,V0038,2024-02-16 19:25:00,2024-02-16 19:33:00,1.36,55.88,P003185,4.6,Pune
R003186,D0189,C01469,V0025,2024-07-04 21:18:00,2024-07-04 21:23:00,3.39,50.34,P003186,4.3,Pune
R003187,D0288,C00807,V0214,2024-10-06 00:26:00,2024-10-06 00:39:00,1.39,28.34,P003187,4.0,Kolkata
R003188,D0016,C00005,V0285,2024-07-31 00:50:00,2024-07-31 01:09:00,1.28,55.36,P003188,4.3,Delhi
R003189,D0269,C00821,V0140,2025-02-28 21:08:00,2025-02-28 21:18:00,1.95,63.4,P003189,4.7,Chennai
R003190,D0153,C01028,V0279,2024-10-08 08:29:00,2024-10-08 08:58:00,6.41,116.92,P003190,5.0,Kolkata
R003191,D0147,C01570,V0153,2024-11-21 03:14:00,2024-11-21 03:20:00,1.55,39.3,P003191,4.2,Ahmedabad
R003192,D0044,C00834,V0170,2024-08-18 00:45:00,2024-08-18 01:07:00,6.26,57.56,P003192,4.6,Ahmedabad
R003193,D0070,C00204,V0283,2024-11-28 07:04:00,2024-11-28 07:21:00,2.78,73.36,P003193,3.8,Kolkata
R003194,D0064,C01461,V0296,2024-10-21 23:45:00,2024-10-22 00:00:00,2.61,35.66,P003194,4.8,Chennai
R003195,D0213,C01633,V0009,2025-04-16 18:26:00,2025-04-16 18:50:00,1.62,59.44,P003195,4.2,Pune
R003196,D0104,C01882,V0290,2024-12-02 17:24:00,2024-12-02 17:36:00,1.16,34.28,P003196,3.7,Ahmedabad
R003197,D0109,C00514,V0152,2025-05-02 17:00:00,2025-05-02 17:15:00,1.38,36.04,P003197,4.5,Delhi
R003198,D0055,C00385,V0237,2024-12-17 10:20:00,2024-12-17 11:02:00,8.28,139.36,P003198,5.0,Chennai
R003199,D0127,C01658,V0123,2024-12-20 14:09:00,2024-12-20 14:44:00,6.19,114.28,P003199,5.0,Kolkata
R003200,D0122,C00122,V0273,2025-04-18 23:31:00,2025-04-18 23:50:00,3.31,39.86,P003200,4.9,Pune
R003201,D0224,C01819,V0019,2024-08-03 17:44:00,2024-08-03 17:58:00,1.76,71.12,P003201,4.2,Ahmedabad
R003202,D0076,C01431,V0230,2024-06-23 21:24:00,2024-06-23 21:37:00,2.17,66.04,P003202,5.0,Bangalore
R003203,D0224,C01711,V0019,2024-09-18 12:02:00,2024-09-18 12:32:00,8.14,137.68,P003203,4.6,Ahmedabad
R003204,D0120,C01103,V0214,2025-08-08 02:40:00,2025-08-08 02:46:00,0.97,25.82,P003204,4.4,Chennai
R003205,D0050,C00853,V0033,2025-05-13 17:22:00,2025-05-13 17:31:00,2.75,73.0,P003205,4.2,Kolkata
R003206,D0007,C00762,V0031,2024-03-26 06:47:00,2024-03-26 07:10:00,8.13,68.78,P003206,4.8,Ahmedabad
R003207,D0099,C00604,V0260,2025-06-26 11:19:00,2025-06-26 11:37:00,1.07,33.56,P003207,4.1,Bangalore
R003208,D0123,C00823,V0247,2024-10-25 10:28:00,2024-10-25 10:45:00,1.28,35.24,P003208,4.3,Pune
R003209,D0081,C00070,V0049,2025-04-23 00:09:00,2025-04-23 00:29:00,3.88,43.28,P003209,3.9,Delhi
R003210,D0169,C00889,V0019,2025-08-21 05:39:00,2025-08-21 06:03:00,5.59,117.08,P003210,4.6,Pune
R003211,D0130,C01306,V0215,2024-12-26 18:27:00,2024-12-26 18:52:00,3.24,50.92,P003211,3.9,Hyderabad
R003212,D0205,C00803,V0166,2025-03-01 00:48:00,2025-03-01 01:23:00,7.79,143.48,P003212,4.1,Bangalore
R003213,D0148,C00495,V0095,2024-10-17 17:47:00,2024-10-17 18:11:00,5.82,54.92,P003213,4.8,Delhi
R003214,D0116,C00143,V0057,2025-05-17 07:24:00,2025-05-17 07:59:00,7.65,86.2,P003214,4.9,Bangalore
R003215,D0136,C00613,V0081,2025-07-04 04:24:00,2025-07-04 04:38:00,1.82,49.56,P003215,4.2,Mumbai
R003216,D0002,C01385,V0119,2024-05-06 03:25:00,2024-05-06 03:40:00,2.11,32.66,P003216,5.0,Delhi
R003217,D0196,C01650,V0174,2024-08-11 06:07:00,2024-08-11 06:24:00,4.27,91.24,P003217,4.8,Pune
R003218,D0271,C01215,V0166,2025-08-07 09:11:00,2025-08-07 09:46:00,9.4,152.8,P003218,4.2,Mumbai
R003219,D0001,C01977,V0080,2024-06-11 23:25:00,2024-06-11 23:41:00,3.7,54.6,P003219,4.9,Bangalore
R003220,D0207,C00514,V0110,2025-07-17 13:22:00,2025-07-17 13:40:00,2.2,66.4,P003220,4.4,Pune
R003221,D0242,C00667,V0221,2024-08-10 13:57:00,2024-08-10 14:27:00,7.09,125.08,P003221,4.9,Ahmedabad
R003222,D0239,C00038,V0038,2024-10-12 10:49:00,2024-10-12 11:26:00,10.01,105.08,P003222,4.0,Pune
R003223,D0287,C01606,V0078,2025-01-06 20:06:00,2025-01-06 20:27:00,4.64,47.84,P003223,5.0,Hyderabad
R003224,D0202,C01255,V0043,2024-11-21 16:34:00,2024-11-21 17:08:00,8.37,70.22,P003224,4.4,Hyderabad
R003225,D0218,C01532,V0221,2025-06-29 12:14:00,2025-06-29 13:10:00,15.71,228.52,P003225,4.7,Bangalore
R003226,D0203,C00667,V0233,2025-02-17 15:48:00,2025-02-17 16:13:00,9.41,152.92,P003226,4.5,Pune
R003227,D0044,C01315,V0170,2025-04-20 09:52:00,2025-04-20 10:18:00,5.76,54.56,P003227,5.0,Ahmedabad
R003228,D0102,C00912,V0094,2025-04-05 05:59:00,2025-04-05 06:22:00,3.35,51.8,P003228,4.0,Chennai
R003229,D0201,C00545,V0211,2024-06-30 12:18:00,2024-06-30 12:58:00,12.13,92.78,P003229,4.8,Bangalore
R003230,D0084,C01731,V0261,2024-01-04 17:53:00,2024-01-04 18:49:00,16.65,158.2,P003230,5.0,Chennai
R003231,D0226,C00553,V0183,2024-12-08 14:41:00,2024-12-08 15:10:00,6.32,115.84,P003231,4.8,Ahmedabad
R003232,D0079,C01266,V0087,2024-06-25 21:58:00,2024-06-25 22:19:00,2.92,75.04,P003232,4.7,Hyderabad
R003233,D0045,C00948,V0195,2024-04-10 12:37:00,2024-04-10 12:50:00,1.28,35.24,P003233,4.6,Chennai
R003234,D0287,C00649,V0078,2025-03-04 13:26:00,2025-03-04 13:46:00,4.06,44.36,P003234,4.6,Hyderabad
R003235,D0119,C01922,V0044,2024-07-12 20:01:00,2024-07-12 20:24:00,4.81,107.72,P003235,4.8,Bangalore
R003236,D0013,C00221,V0006,2024-08-17 04:39:00,2024-08-17 04:56:00,3.57,53.56,P003236,4.8,Ahmedabad
R003237,D0095,C01825,V0047,2025-05-30 02:38:00,2025-05-30 02:48:00,1.67,38.36,P003237,4.8,Ahmedabad
R003238,D0059,C00745,V0187,2025-08-07 23:26:00,2025-08-08 00:18:00,13.46,201.52,P003238,5.0,Ahmedabad
R003239,D0244,C01462,V0244,2024-01-24 10:39:00,2024-01-24 11:03:00,3.28,79.36,P003239,4.5,Bangalore
R003240,D0075,C00254,V0067,2024-09-12 05:36:00,2024-09-12 06:13:00,9.33,99.64,P003240,4.7,Hyderabad
R003241,D0092,C00046,V0196,2025-04-28 21:05:00,2025-04-28 21:17:00,1.21,64.52,P003241,4.3,Bangalore
R003242,D0244,C01086,V0244,2025-01-14 00:47:00,2025-01-14 01:18:00,7.34,128.08,P003242,4.8,Bangalore
R003243,D0171,C01043,V0263,2025-02-02 17:32:00,2025-02-02 17:38:00,1.67,30.02,P003243,5.0,Mumbai
R003244,D0063,C00334,V0033,2024-07-16 05:29:00,2024-07-16 05:46:00,2.24,66.88,P003244,4.4,Delhi
R003245,D0115,C00335,V0049,2025-01-12 23:55:00,2025-01-13 00:30:00,7.11,62.66,P003245,4.7,Bangalore
R003246,D0111,C00677,V0154,2024-09-02 05:30:00,2024-09-02 06:04:00,5.16,50.96,P003246,4.8,Ahmedabad
R003247,D0122,C01940,V0273,2024-07-23 10:08:00,2024-07-23 10:19:00,0.99,25.94,P003247,4.4,Pune
R003248,D0247,C01254,V0258,2024-10-27 02:57:00,2024-10-27 03:09:00,2.97,48.76,P003248,4.0,Pune
R003249,D0022,C01689,V0284,2024-02-01 06:36:00,2024-02-01 06:52:00,1.46,67.52,P003249,4.8,Bangalore
R003250,D0051,C00747,V0123,2025-04-17 14:15:00,2025-04-17 14:33:00,2.2,66.4,P003250,4.7,Delhi
R003251,D0124,C00970,V0088,2025-03-30 07:50:00,2025-03-30 08:38:00,10.97,122.76,P003251,4.9,Hyderabad
R003252,D0153,C00427,V0279,2024-06-30 14:32:00,2024-06-30 14:35:00,1.06,52.72,P003252,5.0,Kolkata
R003253,D0046,C01439,V0271,2024-04-23 19:53:00,2024-04-23 20:33:00,7.28,137.36,P003253,3.9,Delhi
R003254,D0154,C01668,V0064,2024-12-05 05:15:00,2024-12-05 05:46:00,9.54,154.48,P003254,4.5,Hyderabad
R003255,D0188,C00743,V0074,2025-04-18 23:04:00,2025-04-18 23:18:00,2.33,67.96,P003255,4.5,Kolkata
R003256,D0127,C01566,V0123,2024-01-08 23:02:00,2024-01-08 23:18:00,2.24,66.88,P003256,4.6,Kolkata
R003257,D0189,C00213,V0025,2025-02-20 16:30:00,2025-02-20 16:49:00,3.3,39.8,P003257,4.6,Pune
R003258,D0246,C01722,V0079,2025-01-29 02:50:00,2025-01-29 02:57:00,0.96,32.68,P003258,4.0,Mumbai
R003259,D0113,C00617,V0134,2025-03-03 08:56:00,2025-03-03 09:13:00,1.83,61.96,P003259,4.6,Ahmedabad
R003260,D0061,C01642,V0232,2025-07-04 03:45:00,2025-07-04 04:08:00,4.11,89.32,P003260,4.6,Pune
R003261,D0093,C00770,V0255,2025-06-30 22:01:00,2025-06-30 22:12:00,1.12,53.44,P003261,5.0,Ahmedabad
R003262,D0092,C00916,V0196,2025-03-25 15:52:00,2025-03-25 16:12:00,2.51,70.12,P003262,5.0,Bangalore
R003263,D0107,C01787,V0124,2024-03-02 09:51:00,2024-03-02 10:15:00,4.56,94.72,P003263,4.2,Pune
R003264,D0019,C01526,V0250,2025-02-11 23:49:00,2025-02-12 00:09:00,2.9,74.8,P003264,4.1,Chennai
R003265,D0202,C01374,V0043,2024-02-10 11:25:00,2024-02-10 11:56:00,9.52,77.12,P003265,4.8,Hyderabad
R003266,D0252,C00252,V0093,2025-06-07 20:41:00,2025-06-07 20:54:00,0.99,51.88,P003266,5.0,Delhi
R003267,D0200,C00408,V0014,2025-03-26 13:50:00,2025-03-26 14:15:00,6.28,57.68,P003267,4.5,Bangalore
R003268,D0193,C00045,V0157,2024-05-07 03:09:00,2024-05-07 03:30:00,3.77,42.62,P003268,4.8,Hyderabad
R003269,D0088,C00578,V0200,2024-09-25 18:48:00,2024-09-25 19:11:00,4.75,97.0,P003269,4.9,Mumbai
R003270,D0168,C01867,V0007,2024-04-24 23:10:00,2024-04-24 23:48:00,5.91,55.46,P003270,4.7,Ahmedabad
R003271,D0196,C00325,V0174,2025-01-10 13:42:00,2025-01-10 13:45:00,1.7,60.4,P003271,4.3,Pune
R003272,D0272,C00470,V0288,2024-12-13 04:58:00,2024-12-13 05:26:00,4.53,57.18,P003272,4.8,Hyderabad
R003273,D0033,C00333,V0281,2024-09-05 15:13:00,2024-09-05 15:39:00,8.31,139.72,P003273,4.9,Bangalore
R003274,D0087,C01221,V0219,2024-09-27 03:21:00,2024-09-27 03:52:00,6.78,121.36,P003274,4.6,Hyderabad
R003275,D0120,C00500,V0214,2024-03-16 14:57:00,2024-03-16 15:07:00,1.41,28.46,P003275,4.9,Chennai
R003276,D0206,C00645,V0214,2025-05-18 07:48:00,2025-05-18 08:17:00,4.61,67.66,P003276,4.6,Delhi
R003277,D0183,C01885,V0231,2024-09-23 10:18:00,2024-09-23 10:28:00,1.35,28.1,P003277,4.8,Bangalore
R003278,D0100,C00397,V0116,2025-03-31 10:50:00,2025-03-31 11:04:00,2.3,33.8,P003278,4.4,Kolkata
R003279,D0001,C01386,V0080,2025-04-06 22:16:00,2025-04-06 22:33:00,1.36,35.88,P003279,4.0,Bangalore
R003280,D0205,C00242,V0166,2025-08-04 08:38:00,2025-08-04 08:44:00,2.23,66.76,P003280,4.0,Bangalore
R003281,D0031,C01404,V0263,2024-02-06 04:09:00,2024-02-06 04:30:00,3.18,39.08,P003281,5.0,Mumbai
R003282,D0011,C00671,V0218,2025-06-18 09:01:00,2025-06-18 09:24:00,5.31,103.72,P003282,4.4,Bangalore
R003283,D0252,C01893,V0093,2024-08-14 11:36:00,2024-08-14 12:05:00,6.12,113.44,P003283,4.3,Delhi
R003284,D0092,C00916,V0196,2025-01-06 22:18:00,2025-01-06 23:00:00,9.98,159.76,P003284,4.1,Bangalore
R003285,D0091,C01383,V0293,2024-11-10 22:10:00,2024-11-10 22:28:00,2.09,65.08,P003285,4.7,Bangalore
R003286,D0154,C00512,V0064,2025-08-04 20:19:00,2025-08-04 20:33:00,5.26,103.12,P003286,4.9,Hyderabad
R003287,D0276,C00750,V0012,2025-05-01 22:28:00,2025-05-01 22:45:00,1.63,59.56,P003287,4.9,Chennai
R003288,D0065,C01233,V0025,2024-10-28 04:47:00,2024-10-28 05:09:00,4.78,48.68,P003288,4.6,Mumbai
R003289,D0200,C00854,V0014,2024-05-11 04:38:00,2024-05-11 05:07:00,6.79,60.74,P003289,4.9,Bangalore
R003290,D0220,C01433,V0088,2024-10-26 12:16:00,2024-10-26 12:33:00,4.23,68.84,P003290,4.6,Bangalore
R003291,D0210,C01450,V0295,2024-08-21 00:54:00,2024-08-21 01:02:00,2.21,66.52,P003291,5.0,Chennai
R003292,D0236,C01115,V0150,2024-08-04 18:19:00,2024-08-04 18:40:00,3.6,53.8,P003292,4.8,Kolkata
R003293,D0096,C01891,V0145,2024-05-31 18:00:00,2024-05-31 18:25:00,3.74,84.88,P003293,4.0,Delhi
R003294,D0074,C01436,V0267,2024-09-22 11:46:00,2024-09-22 12:07:00,3.17,78.04,P003294,4.6,Chennai
R003295,D0048,C01332,V0054,2025-06-04 23:55:00,2025-06-05 00:22:00,5.58,116.96,P003295,4.4,Bangalore
R003296,D0183,C01096,V0231,2025-06-13 12:30:00,2025-06-13 13:05:00,6.3,67.8,P003296,4.6,Bangalore
R003297,D0276,C00299,V0012,2024-06-23 11:41:00,2024-06-23 12:22:00,11.92,183.04,P003297,4.6,Chennai
R003298,D0086,C00204,V0024,2024-06-08 18:54:00,2024-06-08 19:16:00,7.09,125.08,P003298,4.5,Ahmedabad
R003299,D0199,C01701,V0282,2025-05-28 10:33:00,2025-05-28 10:48:00,4.03,88.36,P003299,4.4,Chennai
R003300,D0050,C01749,V0033,2025-01-18 12:55:00,2025-01-18 13:11:00,5.29,103.48,P003300,4.3,Kolkata
R003301,D0023,C01220,V0220,2025-05-11 20:10:00,2025-05-11 20:50:00,9.22,75.32,P003301,4.4,Chennai
R003302,D0092,C00644,V0196,2025-06-21 15:11:00,2025-06-21 15:24:00,3.54,82.48,P003302,4.6,Bangalore
R003303,D0250,C00816,V0028,2025-05-10 12:00:00,2025-05-10 12:11:00,0.98,25.88,P003303,3.6,Chennai
R003304,D0122,C00320,V0273,2024-03-07 10:14:00,2024-03-07 10:27:00,1.5,29.0,P003304,4.2,Pune
R003305,D0026,C00519,V0066,2024-11-12 06:14:00,2024-11-12 07:07:00,12.89,97.34,P003305,4.7,Hyderabad
R003306,D0145,C00829,V0195,2024-06-02 08:38:00,2024-06-02 08:50:00,1.7,48.6,P003306,5.0,Pune
R003307,D0285,C00205,V0054,2024-05-02 20:12:00,2024-05-02 20:59:00,10.56,166.72,P003307,4.6,Chennai
R003308,D0158,C00837,V0266,2024-12-31 15:29:00,2024-12-31 15:48:00,1.78,61.36,P003308,4.8,Chennai
R003309,D0022,C00844,V0284,2025-08-06 20:58:00,2025-08-06 21:26:00,6.22,114.64,P003309,5.0,Bangalore
R003310,D0049,C00748,V0057,2024-01-13 23:54:00,2024-01-14 00:12:00,3.81,65.48,P003310,4.2,Chennai
R003311,D0163,C01662,V0286,2025-06-20 07:47:00,2025-06-20 08:02:00,1.37,28.22,P003311,3.8,Chennai
R003312,D0293,C00826,V0198,2024-07-26 11:42:00,2024-07-26 11:54:00,1.66,59.92,P003312,4.6,Hyderabad
R003313,D0169,C01571,V0019,2024-02-03 12:40:00,2024-02-03 13:51:00,21.84,302.08,P003313,4.4,Pune
R003314,D0257,C01947,V0127,2024-04-11 10:32:00,2024-04-11 11:02:00,5.85,120.2,P003314,4.4,Kolkata
R003315,D0110,C01789,V0289,2024-03-09 08:35:00,2024-03-09 08:51:00,3.25,79.0,P003315,4.1,Hyderabad
R003316,D0278,C00964,V0214,2025-07-01 23:34:00,2025-07-01 23:57:00,5.58,53.48,P003316,4.6,Kolkata
R003317,D0260,C01543,V0070,2024-03-22 01:28:00,2024-03-22 01:52:00,7.8,66.8,P003317,4.9,Chennai
R003318,D0270,C01704,V0127,2025-08-03 16:15:00,2025-08-03 17:13:00,14.82,227.84,P003318,4.8,Bangalore
R003319,D0062,C01221,V0241,2024-09-07 08:51:00,2024-09-07 09:02:00,2.79,73.48,P003319,4.6,Hyderabad
R003320,D0162,C01469,V0020,2024-07-06 22:59:00,2024-07-07 00:29:00,33.13,437.56,P003320,4.1,Mumbai
R003321,D0241,C01285,V0277,2024-09-07 07:44:00,2024-09-07 08:21:00,10.66,110.28,P003321,3.9,Pune
R003322,D0192,C00633,V0070,2025-04-12 05:02:00,2025-04-12 05:23:00,2.52,45.12,P003322,4.7,Kolkata
R003323,D0286,C01567,V0092,2024-09-29 17:17:00,2024-09-29 17:35:00,1.2,44.6,P003323,4.8,Pune
R003324,D0103,C01177,V0235,2024-04-03 23:12:00,2024-04-03 23:27:00,3.12,58.72,P003324,3.7,Ahmedabad
R003325,D0269,C00231,V0140,2024-03-06 04:33:00,2024-03-06 04:52:00,1.25,75.0,P003325,5.0,Chennai
R003326,D0230,C01851,V0052,2024-11-06 01:13:00,2024-11-06 01:35:00,5.08,100.96,P003326,5.0,Chennai
R003327,D0023,C00410,V0220,2024-08-21 07:37:00,2024-08-21 07:56:00,3.67,42.02,P003327,4.6,Chennai
R003328,D0168,C00930,V0007,2025-08-18 15:29:00,2025-08-18 16:21:00,16.56,119.36,P003328,4.2,Ahmedabad
R003329,D0109,C01749,V0152,2024-04-10 17:56:00,2024-04-10 18:14:00,2.93,48.44,P003329,3.9,Delhi
R003330,D0087,C00880,V0219,2024-02-22 10:50:00,2024-02-22 11:01:00,1.64,59.68,P003330,4.4,Hyderabad
R003331,D0067,C00465,V0199,2024-03-15 06:30:00,2024-03-15 06:47:00,5.42,105.04,P003331,4.0,Mumbai
R003332,D0237,C01096,V0023,2024-04-29 14:05:00,2024-04-29 14:39:00,7.8,87.4,P003332,4.7,Ahmedabad
R003333,D0185,C00715,V0053,2025-05-02 06:06:00,2025-05-02 06:20:00,1.41,36.28,P003333,4.7,Chennai
R003334,D0184,C01029,V0077,2025-07-09 18:13:00,2025-07-09 18:32:00,7.08,124.96,P003334,4.7,Hyderabad
R003335,D0074,C01238,V0267,2025-05-13 09:36:00,2025-05-13 09:53:00,4.25,91.0,P003335,4.1,Chennai
R003336,D0158,C01104,V0266,2024-01-10 18:27:00,2024-01-10 18:41:00,3.37,80.44,P003336,4.7,Chennai
R003337,D0015,C01239,V0216,2024-04-24 23:56:00,2024-04-25 00:10:00,1.36,35.88,P003337,4.9,Delhi
R003338,D0111,C01933,V0154,2025-03-29 20:12:00,2025-03-29 20:38:00,5.89,55.34,P003338,4.2,Ahmedabad
R003339,D0078,C00865,V0047,2025-04-12 00:16:00,2025-04-12 00:25:00,1.68,48.44,P003339,4.6,Bangalore
R003340,D0293,C00478,V0198,2025-02-20 19:17:00,2025-02-20 19:38:00,3.29,79.48,P003340,5.0,Hyderabad
R003341,D0275,C00624,V0051,2025-05-19 20:11:00,2025-05-19 20:59:00,11.79,181.48,P003341,4.6,Ahmedabad
R003342,D0025,C01595,V0217,2024-12-02 16:30:00,2024-12-02 17:03:00,8.55,71.3,P003342,4.9,Pune
R003343,D0031,C01516,V0263,2025-06-10 09:41:00,2025-06-10 10:05:00,4.48,46.88,P003343,4.7,Mumbai
R003344,D0024,C01156,V0091,2024-11-02 08:55:00,2024-11-02 09:25:00,6.7,130.4,P003344,4.4,Ahmedabad
R003345,D0179,C01750,V0299,2025-06-28 07:21:00,2025-06-28 07:44:00,2.79,73.48,P003345,4.9,Ahmedabad
R003346,D0114,C00594,V0119,2024-10-08 21:35:00,2024-10-08 21:54:00,5.17,51.02,P003346,4.0,Mumbai
R003347,D0050,C01243,V0033,2025-05-30 09:40:00,2025-05-30 10:09:00,8.06,136.72,P003347,4.2,Kolkata
R003348,D0214,C01509,V0186,2025-03-26 03:48:00,2025-03-26 04:07:00,2.25,67.0,P003348,5.0,Pune
R003349,D0253,C00789,V0158,2024-07-05 15:00:00,2024-07-05 15:16:00,3.17,60.36,P003349,4.7,Ahmedabad
R003350,D0167,C01310,V0088,2024-11-22 16:30:00,2024-11-22 16:49:00,3.31,71.48,P003350,5.0,Mumbai
R003351,D0192,C01375,V0070,2025-05-22 05:11:00,2025-05-22 05:32:00,3.87,53.22,P003351,4.7,Kolkata
R003352,D0116,C01622,V0057,2024-03-08 13:43:00,2024-03-08 13:51:00,3.27,51.16,P003352,4.7,Bangalore
R003353,D0044,C01632,V0170,2024-11-07 03:59:00,2024-11-07 04:23:00,6.14,56.84,P003353,3.8,Ahmedabad
R003354,D0130,C00178,V0215,2025-03-29 10:40:00,2025-03-29 10:51:00,3.11,69.88,P003354,4.7,Hyderabad
R003355,D0010,C01392,V0097,2025-07-05 05:12:00,2025-07-05 05:38:00,7.31,127.72,P003355,4.8,Delhi
R003356,D0234,C01665,V0158,2024-04-21 07:13:00,2024-04-21 07:36:00,5.02,65.16,P003356,4.7,Delhi
R003357,D0169,C00662,V0019,2024-11-10 16:19:00,2024-11-10 16:32:00,2.13,65.56,P003357,4.6,Pune
R003358,D0268,C01684,V0271,2024-11-23 16:30:00,2024-11-23 16:51:00,2.57,70.84,P003358,4.2,Mumbai
R003359,D0201,C00202,V0211,2024-04-15 21:19:00,2024-04-15 21:39:00,2.86,47.16,P003359,4.9,Bangalore
R003360,D0123,C00304,V0247,2024-08-03 18:43:00,2024-08-03 19:42:00,12.93,138.44,P003360,4.5,Pune
R003361,D0048,C01080,V0054,2024-06-07 10:10:00,2024-06-07 10:20:00,2.22,86.64,P003361,4.6,Bangalore
R003362,D0055,C01047,V0237,2024-07-15 12:50:00,2024-07-15 13:24:00,8.01,136.12,P003362,4.1,Chennai
R003363,D0023,C01114,V0220,2024-06-24 05:39:00,2024-06-24 05:51:00,1.97,51.82,P003363,4.8,Chennai
R003364,D0216,C01143,V0188,2024-06-09 10:33:00,2024-06-09 11:05:00,5.64,70.12,P003364,5.0,Hyderabad
R003365,D0205,C01905,V0166,2025-04-30 20:38:00,2025-04-30 20:55:00,2.65,71.8,P003365,4.5,Bangalore
R003366,D0110,C01351,V0289,2025-03-02 23:17:00,2025-03-02 23:43:00,3.5,102.0,P003366,4.4,Hyderabad
R003367,D0139,C01235,V0084,2024-08-22 08:30:00,2024-08-22 08:49:00,6.3,115.6,P003367,4.6,Mumbai
R003368,D0065,C01107,V0025,2024-11-06 11:09:00,2024-11-06 11:51:00,11.41,88.46,P003368,4.6,Mumbai
R003369,D0288,C00975,V0214,2024-11-09 10:46:00,2024-11-09 11:11:00,6.13,56.78,P003369,4.6,Kolkata
R003370,D0046,C01005,V0271,2024-12-28 23:20:00,2024-12-29 00:36:00,22.23,306.76,P003370,4.6,Delhi
R003371,D0056,C00463,V0068,2025-04-05 09:27:00,2025-04-05 09:43:00,5.76,81.08,P003371,4.9,Bangalore
R003372,D0079,C01193,V0087,2025-07-30 12:48:00,2025-07-30 13:10:00,5.78,109.36,P003372,4.3,Hyderabad
R003373,D0179,C00522,V0299,2025-03-03 00:48:00,2025-03-03 01:32:00,10.4,164.8,P003373,4.9,Ahmedabad
R003374,D0167,C00910,V0088,2025-02-17 01:26:00,2025-02-17 01:33:00,1.22,34.76,P003374,4.3,Mumbai
R003375,D0019,C01391,V0250,2024-12-28 20:51:00,2024-12-28 21:17:00,3.82,105.84,P003375,4.5,Chennai
R003376,D0177,C00060,V0028,2024-05-23 14:49:00,2024-05-23 15:09:00,5.87,55.22,P003376,4.9,Kolkata
R003377,D0218,C00678,V0221,2024-10-07 00:52:00,2024-10-07 00:57:00,0.98,51.76,P003377,4.4,Bangalore
R003378,D0145,C01235,V0195,2024-07-26 06:42:00,2024-07-26 06:57:00,2.18,62.44,P003378,5.0,Pune
R003379,D0283,C01362,V0090,2024-09-19 09:53:00,2024-09-19 10:03:00,1.4,56.8,P003379,4.0,Delhi
R003380,D0119,C01849,V0044,2025-01-17 00:20:00,2025-01-17 00:37:00,3.03,76.36,P003380,4.4,Bangalore
R003381,D0008,C00144,V0203,2025-03-13 12:20:00,2025-03-13 12:39:00,4.13,44.78,P003381,4.5,Chennai
R003382,D0075,C00278,V0067,2025-07-25 17:47:00,2025-07-25 18:09:00,1.37,35.96,P003382,4.3,Hyderabad
R003383,D0238,C01410,V0110,2024-07-23 06:39:00,2024-07-23 06:57:00,2.47,89.64,P003383,4.4,Kolkata
R003384,D0092,C00572,V0196,2025-05-30 14:54:00,2025-05-30 15:22:00,7.8,143.6,P003384,4.6,Bangalore
R003385,D0281,C01303,V0294,2024-10-07 03:04:00,2024-10-07 03:33:00,5.73,108.76,P003385,4.5,Delhi
R003386,D0046,C01709,V0271,2024-09-05 05:20:00,2024-09-05 05:56:00,8.69,144.28,P003386,5.0,Delhi
R003387,D0172,C01854,V0198,2025-05-06 23:37:00,2025-05-07 00:03:00,5.24,102.88,P003387,4.0,Kolkata
R003388,D0229,C00920,V0266,2025-04-26 01:49:00,2025-04-26 02:12:00,5.8,109.6,P003388,5.0,Bangalore
R003389,D0108,C00666,V0105,2025-02-03 22:58:00,2025-02-03 23:25:00,5.93,55.58,P003389,3.8,Delhi
R003390,D0083,C01424,V0149,2025-05-13 07:17:00,2025-05-13 07:30:00,1.28,65.36,P003390,4.7,Hyderabad
R003391,D0019,C01323,V0250,2025-08-23 12:03:00,2025-08-23 12:31:00,3.88,106.56,P003391,4.0,Chennai
R003392,D0144,C00801,V0105,2024-04-13 01:40:00,2024-04-13 02:24:00,13.14,118.84,P003392,4.4,Bangalore
R003393,D0279,C00670,V0029,2024-12-16 08:34:00,2024-12-16 08:48:00,2.35,68.2,P003393,4.1,Chennai
R003394,D0069,C00585,V0214,2025-01-13 14:59:00,2025-01-13 15:12:00,2.87,37.22,P003394,5.0,Ahmedabad
R003395,D0043,C00637,V0284,2024-10-18 03:30:00,2024-10-18 03:52:00,4.14,89.68,P003395,4.2,Hyderabad
R003396,D0020,C00157,V0227,2024-05-17 23:04:00,2024-05-17 23:28:00,5.99,121.88,P003396,4.6,Hyderabad
R003397,D0244,C00894,V0244,2024-11-28 23:26:00,2024-11-28 23:44:00,1.79,71.48,P003397,4.1,Bangalore
R003398,D0233,C00704,V0240,2024-06-04 04:37:00,2024-06-04 05:02:00,1.51,68.12,P003398,4.6,Bangalore
R003399,D0025,C01023,V0217,2024-11-02 18:12:00,2024-11-02 18:21:00,2.27,33.62,P003399,3.9,Pune
R003400,D0044,C01861,V0170,2025-07-29 02:28:00,2025-07-29 02:43:00,2.34,54.04,P003400,4.2,Ahmedabad
R003401,D0002,C01125,V0119,2024-09-08 10:36:00,2024-09-08 10:59:00,6.43,68.58,P003401,4.0,Delhi
R003402,D0090,C01612,V0234,2025-07-13 21:16:00,2025-07-13 21:30:00,3.66,83.92,P003402,4.5,Bangalore
R003403,D0079,C00722,V0087,2025-07-24 16:52:00,2025-07-24 17:41:00,15.55,236.6,P003403,4.5,Hyderabad
R003404,D0155,C00820,V0272,2024-10-25 22:01:00,2024-10-25 22:29:00,3.83,52.98,P003404,4.4,Ahmedabad
R003405,D0208,C00378,V0024,2024-05-23 02:55:00,2024-05-23 03:11:00,3.51,92.12,P003405,4.3,Hyderabad
R003406,D0205,C00058,V0166,2024-11-17 11:57:00,2024-11-17 12:15:00,3.33,79.96,P003406,4.6,Bangalore
R003407,D0062,C00078,V0241,2025-04-01 23:56:00,2025-04-02 00:01:00,2.45,89.4,P003407,4.7,Hyderabad
R003408,D0172,C00491,V0198,2024-08-07 05:20:00,2024-08-07 05:35:00,3.8,85.6,P003408,5.0,Kolkata
R003409,D0142,C00551,V0264,2025-04-24 07:29:00,2025-04-24 07:35:00,3.22,39.32,P003409,5.0,Hyderabad
R003410,D0200,C01659,V0014,2025-01-05 10:12:00,2025-01-05 10:50:00,10.37,82.22,P003410,5.0,Bangalore
R003411,D0097,C00821,V0288,2024-09-22 08:38:00,2024-09-22 09:04:00,6.16,66.96,P003411,4.7,Mumbai
R003412,D0017,C00902,V0170,2024-01-24 04:07:00,2024-01-24 04:16:00,2.6,35.6,P003412,4.7,Mumbai
R003413,D0279,C00526,V0029,2025-02-24 13:25:00,2025-02-24 13:49:00,5.25,113.0,P003413,4.3,Chennai
R003414,D0035,C00953,V0027,2025-05-13 01:53:00,2025-05-13 02:04:00,2.52,70.24,P003414,5.0,Ahmedabad
R003415,D0071,C00530,V0263,2025-06-25 01:58:00,2025-06-25 02:20:00,5.94,55.64,P003415,4.4,Pune
R003416,D0145,C01938,V0195,2025-06-08 11:01:00,2025-06-08 11:23:00,2.38,64.04,P003416,4.4,Pune
R003417,D0038,C01911,V0099,2025-08-02 13:02:00,2025-08-02 13:29:00,7.07,62.42,P003417,4.9,Bangalore
R003418,D0073,C00156,V0238,2025-05-31 10:50:00,2025-05-31 11:17:00,6.03,73.24,P003418,4.4,Kolkata
R003419,D0008,C00376,V0203,2025-07-05 15:18:00,2025-07-05 15:45:00,7.59,85.54,P003419,4.7,Chennai
R003420,D0289,C01451,V0187,2025-08-11 10:40:00,2025-08-11 11:02:00,4.56,94.72,P003420,4.3,Mumbai
R003421,D0278,C00061,V0214,2024-03-09 23:04:00,2024-03-09 23:42:00,10.18,81.08,P003421,4.5,Kolkata
R003422,D0174,C01705,V0148,2025-08-01 02:35:00,2025-08-01 03:20:00,9.33,151.96,P003422,4.2,Hyderabad
R003423,D0110,C01229,V0289,2024-04-25 17:10:00,2024-04-25 17:38:00,5.26,103.12,P003423,4.0,Hyderabad
R003424,D0284,C01408,V0175,2025-06-09 02:36:00,2025-06-09 03:05:00,6.68,120.16,P003424,4.8,Delhi
R003425,D0263,C00860,V0248,2025-04-24 19:41:00,2025-04-24 20:14:00,5.65,80.2,P003425,5.0,Kolkata
R003426,D0193,C00278,V0157,2024-07-14 02:49:00,2024-07-14 03:00:00,0.71,24.26,P003426,4.2,Hyderabad
R003427,D0240,C00199,V0011,2025-03-17 08:29:00,2025-03-17 08:43:00,1.98,40.84,P003427,4.2,Pune
R003428,D0146,C01604,V0269,2025-04-07 23:09:00,2025-04-07 23:34:00,5.52,116.24,P003428,4.0,Kolkata
R003429,D0136,C01268,V0081,2024-12-04 02:11:00,2024-12-04 02:27:00,4.35,59.8,P003429,5.0,Mumbai
R003430,D0291,C00758,V0051,2025-08-12 10:29:00,2025-08-12 11:03:00,4.14,109.68,P003430,5.0,Bangalore
R003431,D0270,C00704,V0127,2025-06-24 22:47:00,2025-06-24 22:56:00,2.73,82.76,P003431,4.6,Bangalore
R003432,D0152,C00037,V0015,2025-03-18 00:25:00,2025-03-18 00:40:00,2.53,45.24,P003432,4.5,Chennai
R003433,D0067,C01032,V0199,2025-08-11 09:00:00,2025-08-11 09:19:00,3.99,87.88,P003433,4.7,Mumbai
R003434,D0052,C00674,V0059,2025-02-03 00:00:00,2025-02-03 00:25:00,5.38,104.56,P003434,4.6,Chennai
R003435,D0261,C01431,V0214,2024-08-18 10:27:00,2024-08-18 10:42:00,2.07,52.42,P003435,4.4,Pune
R003436,D0295,C01487,V0002,2024-06-03 08:54:00,2024-06-03 09:03:00,0.95,51.4,P003436,5.0,Kolkata
R003437,D0084,C01262,V0261,2024-08-16 18:43:00,2024-08-16 19:12:00,7.33,83.64,P003437,4.5,Chennai
R003438,D0223,C01507,V0299,2024-11-30 17:29:00,2024-11-30 17:45:00,2.01,64.12,P003438,4.3,Hyderabad
R003439,D0235,C00158,V0044,2024-07-24 18:59:00,2024-07-24 19:08:00,1.44,57.28,P003439,5.0,Ahmedabad
R003440,D0121,C01585,V0192,2024-12-29 22:55:00,2024-12-29 23:15:00,3.02,38.12,P003440,4.5,Kolkata
R003441,D0083,C01269,V0149,2025-08-13 04:12:00,2025-08-13 04:35:00,4.68,106.16,P003441,5.0,Hyderabad
R003442,D0289,C01833,V0187,2024-05-31 06:19:00,2024-05-31 06:31:00,2.79,83.48,P003442,4.3,Mumbai
R003443,D0133,C00467,V0080,2024-07-04 03:01:00,2024-07-04 03:23:00,6.33,75.64,P003443,4.7,Pune
R003444,D0063,C01472,V0033,2025-06-30 19:54:00,2025-06-30 20:12:00,2.15,65.8,P003444,5.0,Delhi
R003445,D0006,C01304,V0277,2024-02-10 04:34:00,2024-02-10 04:56:00,5.96,72.68,P003445,5.0,Pune
R003446,D0116,C01578,V0057,2024-12-22 02:20:00,2024-12-22 02:53:00,7.45,84.6,P003446,5.0,Bangalore
R003447,D0282,C01360,V0148,2024-11-18 07:42:00,2024-11-18 08:02:00,3.11,77.32,P003447,4.0,Hyderabad
R003448,D0143,C00269,V0084,2024-08-01 06:19:00,2024-08-01 07:03:00,10.1,171.2,P003448,4.3,Chennai
R003449,D0108,C00031,V0105,2024-06-16 13:17:00,2024-06-16 13:54:00,11.23,87.38,P003449,5.0,Delhi
R003450,D0202,C00212,V0043,2024-08-26 06:49:00,2024-08-26 07:09:00,4.19,45.14,P003450,4.2,Hyderabad
R003451,D0132,C00904,V0058,2024-12-29 00:08:00,2024-12-29 00:32:00,3.64,41.84,P003451,4.4,Chennai
R003452,D0298,C00352,V0294,2025-03-26 03:53:00,2025-03-26 04:58:00,17.7,252.4,P003452,5.0,Hyderabad
R003453,D0271,C01422,V0166,2025-01-19 00:28:00,2025-01-19 00:38:00,1.83,71.96,P003453,5.0,Mumbai
R003454,D0089,C01409,V0180,2024-08-01 12:03:00,2024-08-01 12:31:00,6.88,122.56,P003454,4.8,Hyderabad
R003455,D0027,C00669,V0126,2025-04-02 14:25:00,2025-04-02 15:07:00,8.16,68.96,P003455,5.0,Ahmedabad
R003456,D0150,C00705,V0102,2024-07-22 06:49:00,2024-07-22 07:32:00,8.27,91.16,P003456,3.6,Delhi
R003457,D0110,C01809,V0289,2025-01-24 18:52:00,2025-01-24 19:14:00,3.72,84.64,P003457,4.9,Hyderabad
R003458,D0263,C01176,V0248,2024-05-07 02:11:00,2024-05-07 02:36:00,3.64,54.12,P003458,4.6,Kolkata
R003459,D0084,C00403,V0261,2025-06-02 18:46:00,2025-06-02 19:14:00,7.29,83.32,P003459,5.0,Chennai
R003460,D0248,C01591,V0124,2025-06-12 03:10:00,2025-06-12 03:53:00,10.47,175.64,P003460,5.0,Kolkata
R003461,D0233,C01918,V0240,2024-08-02 03:31:00,2024-08-02 03:54:00,4.21,90.52,P003461,5.0,Bangalore
R003462,D0278,C01642,V0214,2025-01-01 23:20:00,2025-01-01 23:36:00,4.73,48.38,P003462,4.6,Kolkata
R003463,D0151,C00720,V0270,2025-03-01 06:13:00,2025-03-01 06:29:00,2.4,44.2,P003463,4.9,Pune
R003464,D0299,C01569,V0280,2024-04-02 16:23:00,2024-04-02 16:30:00,1.47,57.64,P003464,4.1,Mumbai
R003465,D0120,C00651,V0214,2025-05-04 08:32:00,2025-05-04 08:55:00,4.16,44.96,P003465,3.7,Chennai
R003466,D0237,C00627,V0023,2024-04-24 14:01:00,2024-04-24 14:37:00,8.0,89.0,P003466,4.2,Ahmedabad
R003467,D0246,C00781,V0079,2024-01-08 12:51:00,2024-01-08 13:25:00,8.65,94.2,P003467,4.9,Mumbai
R003468,D0020,C00202,V0227,2025-03-06 12:54:00,2025-03-06 13:06:00,0.97,51.64,P003468,5.0,Hyderabad
R003469,D0109,C00361,V0152,2024-04-12 11:23:00,2024-04-12 11:34:00,3.43,72.44,P003469,4.5,Delhi
R003470,D0068,C00121,V0258,2024-11-13 02:27:00,2024-11-13 02:36:00,1.62,37.96,P003470,4.1,Ahmedabad
R003471,D0060,C00384,V0084,2024-11-03 07:44:00,2024-11-03 08:07:00,4.95,99.4,P003471,5.0,Hyderabad
R003472,D0034,C01927,V0254,2024-03-27 20:41:00,2024-03-27 21:02:00,7.49,129.88,P003472,5.0,Delhi
R003473,D0003,C01676,V0159,2025-02-03 15:01:00,2025-02-03 15:05:00,1.53,68.36,P003473,5.0,Delhi
R003474,D0017,C00087,V0170,2024-10-08 23:41:00,2024-10-09 00:02:00,3.52,41.12,P003474,4.7,Mumbai
R003475,D0027,C00707,V0126,2024-11-27 01:09:00,2024-11-27 01:47:00,8.99,83.94,P003475,4.3,Ahmedabad
R003476,D0065,C00494,V0025,2024-09-11 05:36:00,2024-09-11 06:05:00,2.81,36.86,P003476,3.4,Mumbai
R003477,D0200,C00154,V0014,2024-01-10 04:33:00,2024-01-10 05:03:00,5.66,53.96,P003477,4.8,Bangalore
R003478,D0227,C01159,V0128,2024-06-08 04:44:00,2024-06-08 05:11:00,4.15,58.2,P003478,5.0,Bangalore
R003479,D0254,C01472,V0110,2025-04-26 01:03:00,2025-04-26 01:14:00,1.11,63.32,P003479,4.5,Bangalore
R003480,D0059,C01745,V0187,2024-08-02 23:42:00,2024-08-03 00:03:00,5.26,103.12,P003480,4.7,Ahmedabad
R003481,D0220,C01285,V0088,2024-10-27 11:39:00,2024-10-27 11:46:00,1.62,37.96,P003481,5.0,Bangalore
R003482,D0168,C01581,V0007,2025-02-28 05:26:00,2025-02-28 06:08:00,7.54,65.24,P003482,5.0,Ahmedabad
R003483,D0158,C00296,V0266,2024-06-25 05:59:00,2024-06-25 06:08:00,1.23,54.76,P003483,4.9,Chennai
R003484,D0004,C00122,V0096,2025-06-15 04:47:00,2025-06-15 05:11:00,2.8,83.6,P003484,4.8,Pune
R003485,D0212,C00705,V0161,2024-07-04 11:56:00,2024-07-04 12:15:00,4.15,44.9,P003485,4.2,Mumbai
R003486,D0205,C01054,V0166,2024-04-22 05:01:00,2024-04-22 05:17:00,2.86,74.32,P003486,4.8,Bangalore
R003487,D0057,C01164,V0198,2025-05-24 06:19:00,2025-05-24 06:25:00,1.26,55.12,P003487,5.0,Chennai
R003488,D0240,C00744,V0011,2025-02-17 20:23:00,2025-02-17 20:46:00,2.92,48.36,P003488,4.1,Pune
R003489,D0022,C01988,V0284,2024-09-28 19:20:00,2024-09-28 20:05:00,8.91,146.92,P003489,4.5,Bangalore
R003490,D0007,C00037,V0031,2024-01-30 00:21:00,2024-01-30 00:29:00,1.54,29.24,P003490,4.5,Ahmedabad
R003491,D0220,C01468,V0088,2024-01-30 15:02:00,2024-01-30 15:14:00,3.06,59.48,P003491,4.9,Bangalore
R003492,D0211,C00729,V0150,2024-05-27 13:02:00,2024-05-27 13:09:00,2.84,47.72,P003492,4.6,Bangalore
R003493,D0294,C01282,V0133,2025-07-06 12:48:00,2025-07-06 13:09:00,3.05,38.3,P003493,4.8,Bangalore
R003494,D0204,C00737,V0191,2025-06-21 05:10:00,2025-06-21 05:14:00,3.0,76.0,P003494,4.2,Mumbai
R003495,D0164,C00906,V0146,2024-04-12 00:22:00,2024-04-12 00:27:00,1.93,40.44,P003495,4.7,Kolkata
R003496,D0131,C00128,V0148,2024-08-16 02:26:00,2024-08-16 02:34:00,1.54,58.48,P003496,4.7,Pune
R003497,D0180,C00156,V0172,2024-03-08 03:30:00,2024-03-08 03:46:00,2.17,66.04,P003497,4.5,Pune
R003498,D0138,C01907,V0027,2025-04-20 13:54:00,2025-04-20 14:23:00,6.09,113.08,P003498,5.0,Delhi
R003499,D0263,C00808,V0248,2025-07-03 14:08:00,2025-07-03 14:38:00,11.31,125.48,P003499,5.0,Kolkata
R003500,D0202,C00177,V0043,2024-01-01 09:30:00,2024-01-01 09:45:00,1.8,40.8,P003500,4.8,Hyderabad
R003501,D0273,C00477,V0261,2025-04-25 08:08:00,2025-04-25 08:33:00,6.76,79.08,P003501,4.6,Chennai
R003502,D0168,C00548,V0007,2024-11-26 21:34:00,2024-11-26 21:47:00,3.5,41.0,P003502,4.6,Ahmedabad
R003503,D0139,C00415,V0084,2025-01-09 19:42:00,2025-01-09 19:46:00,1.27,55.24,P003503,4.9,Mumbai
R003504,D0091,C01328,V0293,2024-04-08 15:31:00,2024-04-08 15:49:00,1.78,61.36,P003504,4.2,Bangalore
R003505,D0072,C01615,V0184,2025-08-07 06:08:00,2025-08-07 06:31:00,3.98,87.76,P003505,4.4,Mumbai
R003506,D0114,C00611,V0119,2024-08-12 16:08:00,2024-08-12 16:41:00,8.81,72.86,P003506,4.6,Mumbai
R003507,D0190,C00083,V0066,2024-05-26 07:42:00,2024-05-26 07:58:00,2.27,33.62,P003507,5.0,Mumbai
R003508,D0272,C00288,V0288,2024-03-25 23:06:00,2024-03-25 23:51:00,10.83,84.98,P003508,4.6,Hyderabad
R003509,D0189,C00479,V0025,2025-02-17 09:56:00,2025-02-17 10:34:00,11.27,87.62,P003509,3.9,Pune
R003510,D0202,C00470,V0043,2024-04-17 07:14:00,2024-04-17 07:39:00,6.61,59.66,P003510,4.8,Hyderabad
R003511,D0064,C01663,V0296,2024-09-13 05:46:00,2024-09-13 06:45:00,12.39,94.34,P003511,5.0,Chennai
R003512,D0072,C00935,V0184,2024-11-04 10:45:00,2024-11-04 11:15:00,5.72,108.64,P003512,5.0,Mumbai
R003513,D0132,C00057,V0058,2025-04-18 21:37:00,2025-04-18 22:11:00,7.6,65.6,P003513,4.3,Chennai
R003514,D0121,C01207,V0192,2025-06-16 16:36:00,2025-06-16 16:46:00,2.21,33.26,P003514,4.5,Kolkata
R003515,D0150,C00969,V0102,2024-09-30 04:20:00,2024-09-30 04:33:00,2.86,47.88,P003515,4.5,Delhi
R003516,D0241,C00661,V0277,2025-03-08 11:42:00,2025-03-08 11:55:00,2.41,44.28,P003516,4.5,Pune
R003517,D0211,C01100,V0150,2024-05-28 18:47:00,2024-05-28 19:18:00,8.65,94.2,P003517,4.2,Bangalore
R003518,D0130,C01436,V0215,2024-02-05 23:57:00,2024-02-06 00:32:00,9.41,100.28,P003518,4.8,Hyderabad
R003519,D0249,C00150,V0290,2025-01-29 20:03:00,2025-01-29 20:48:00,8.41,92.28,P003519,4.8,Kolkata
R003520,D0029,C00173,V0069,2024-07-21 05:00:00,2024-07-21 05:20:00,2.57,55.42,P003520,4.4,Ahmedabad
R003521,D0218,C00085,V0221,2024-05-26 20:02:00,2024-05-26 20:39:00,11.96,183.52,P003521,4.6,Bangalore
R003522,D0138,C01107,V0027,2024-08-31 05:25:00,2024-08-31 05:32:00,2.0,64.0,P003522,4.9,Delhi
R003523,D0240,C01658,V0011,2024-11-26 00:36:00,2024-11-26 00:56:00,4.28,59.24,P003523,4.5,Pune
R003524,D0293,C01954,V0198,2025-05-07 15:54:00,2025-05-07 16:16:00,5.17,102.04,P003524,5.0,Hyderabad
R003525,D0232,C01311,V0160,2024-12-18 06:40:00,2024-12-18 07:09:00,7.12,62.72,P003525,4.2,Ahmedabad
R003526,D0195,C00249,V0247,2025-08-14 12:28:00,2025-08-14 12:45:00,2.17,52.36,P003526,4.5,Ahmedabad
R003527,D0277,C00772,V0084,2024-08-07 14:39:00,2024-08-07 14:58:00,0.55,46.6,P003527,4.0,Bangalore
R003528,D0252,C01500,V0093,2024-09-26 17:28:00,2024-09-26 17:49:00,3.51,82.12,P003528,3.3,Delhi
R003529,D0033,C01491,V0281,2024-04-30 23:17:00,2024-04-30 23:25:00,1.14,53.68,P003529,4.5,Bangalore
R003530,D0003,C01481,V0159,2025-06-10 10:21:00,2025-06-10 10:40:00,1.86,62.32,P003530,5.0,Delhi
R003531,D0155,C01147,V0272,2024-07-09 08:21:00,2024-07-09 08:31:00,1.93,31.58,P003531,4.1,Ahmedabad
R003532,D0142,C00818,V0264,2025-05-14 17:29:00,2025-05-14 18:23:00,13.2,99.2,P003532,4.2,Hyderabad
R003533,D0130,C00021,V0215,2024-04-08 21:54:00,2024-04-08 22:13:00,3.91,56.28,P003533,4.5,Hyderabad
R003534,D0049,C01993,V0057,2024-12-16 16:16:00,2024-12-16 16:47:00,3.09,49.72,P003534,4.7,Chennai
R003535,D0195,C01864,V0247,2024-03-05 11:27:00,2024-03-05 11:50:00,6.06,73.48,P003535,4.5,Ahmedabad
R003536,D0236,C00170,V0150,2024-01-27 17:08:00,2024-01-27 17:15:00,1.65,38.2,P003536,4.3,Kolkata
R003537,D0222,C01481,V0051,2024-04-06 07:29:00,2024-04-06 08:06:00,10.26,163.12,P003537,4.4,Chennai
R003538,D0172,C01186,V0198,2024-04-23 03:35:00,2024-04-23 04:21:00,11.94,203.28,P003538,4.2,Kolkata
R003539,D0106,C00277,V0090,2024-10-29 04:55:00,2024-10-29 05:11:00,2.54,70.48,P003539,4.3,Kolkata
R003540,D0002,C00730,V0119,2024-12-21 09:28:00,2024-12-21 09:44:00,2.44,34.64,P003540,3.5,Delhi
R003541,D0268,C00526,V0271,2025-03-22 17:05:00,2025-03-22 17:42:00,6.09,113.08,P003541,4.8,Mumbai
R003542,D0073,C00307,V0238,2025-05-31 05:25:00,2025-05-31 05:53:00,5.32,67.56,P003542,3.7,Kolkata
R003543,D0038,C01908,V0099,2025-06-07 06:09:00,2025-06-07 06:28:00,3.72,42.32,P003543,4.6,Bangalore
R003544,D0159,C01794,V0080,2024-08-15 00:12:00,2024-08-15 00:17:00,0.99,32.92,P003544,4.9,Bangalore
R003545,D0078,C01834,V0047,2024-12-28 16:38:00,2024-12-28 17:04:00,2.66,46.28,P003545,4.3,Bangalore
R003546,D0265,C01169,V0120,2024-06-04 18:55:00,2024-06-04 19:10:00,2.54,45.32,P003546,4.8,Bangalore
R003547,D0052,C01700,V0059,2025-06-27 16:03:00,2025-06-27 16:23:00,5.23,122.76,P003547,4.7,Chennai
R003548,D0118,C01520,V0253,2025-06-29 11:34:00,2025-06-29 12:02:00,7.71,76.26,P003548,4.9,Kolkata
R003549,D0226,C01060,V0183,2024-08-23 22:33:00,2024-08-23 22:50:00,2.56,80.72,P003549,5.0,Ahmedabad
R003550,D0005,C00385,V0047,2024-06-19 11:10:00,2024-06-19 11:27:00,1.52,37.16,P003550,4.8,Pune
R003551,D0246,C01944,V0079,2024-04-12 21:10:00,2024-04-12 21:35:00,6.05,73.4,P003551,5.0,Mumbai
R003552,D0002,C01201,V0119,2024-08-19 22:09:00,2024-08-19 22:27:00,2.39,44.34,P003552,4.9,Delhi
R003553,D0255,C01651,V0104,2025-07-07 19:27:00,2025-07-07 19:32:00,2.99,75.88,P003553,4.3,Pune
R003554,D0036,C01022,V0002,2024-07-26 08:03:00,2024-07-26 08:16:00,3.13,87.56,P003554,5.0,Chennai
R003555,D0103,C00355,V0235,2025-02-14 09:24:00,2025-02-14 09:49:00,6.37,58.22,P003555,5.0,Ahmedabad
R003556,D0193,C01437,V0157,2025-06-18 13:57:00,2025-06-18 14:10:00,1.75,30.5,P003556,4.6,Hyderabad
R003557,D0126,C00294,V0290,2025-05-02 14:20:00,2025-05-02 14:37:00,3.18,50.44,P003557,5.0,Delhi
R003558,D0283,C00182,V0090,2024-05-19 23:19:00,2024-05-19 23:38:00,3.69,84.28,P003558,3.8,Delhi
R003559,D0009,C00858,V0058,2024-01-01 02:16:00,2024-01-01 02:44:00,8.5,81.0,P003559,4.3,Delhi
R003560,D0273,C01122,V0261,2025-07-23 21:19:00,2025-07-23 21:23:00,1.15,34.2,P003560,4.1,Chennai
R003561,D0122,C00340,V0273,2024-08-01 23:39:00,2024-08-01 23:55:00,2.45,34.7,P003561,4.8,Pune
R003562,D0061,C01716,V0232,2024-03-09 01:48:00,2024-03-09 02:02:00,2.64,71.68,P003562,4.7,Pune
R003563,D0012,C01453,V0075,2025-02-24 04:09:00,2025-02-24 04:29:00,2.59,45.72,P003563,3.9,Delhi
R003564,D0017,C00223,V0170,2025-05-07 05:48:00,2025-05-07 05:57:00,2.27,33.62,P003564,5.0,Mumbai
R003565,D0111,C00919,V0154,2024-09-05 12:50:00,2024-09-05 13:22:00,6.32,57.92,P003565,4.8,Ahmedabad
R003566,D0296,C00917,V0067,2024-06-12 20:26:00,2024-06-12 20:45:00,5.76,71.08,P003566,5.0,Kolkata
R003567,D0159,C00729,V0080,2025-02-04 18:12:00,2025-02-04 18:26:00,2.8,47.4,P003567,4.7,Bangalore
R003568,D0079,C01216,V0087,2024-09-11 11:04:00,2024-09-11 11:32:00,4.14,89.68,P003568,5.0,Hyderabad
R003569,D0260,C00121,V0070,2024-08-19 08:08:00,2024-08-19 08:19:00,1.48,38.88,P003569,5.0,Chennai
R003570,D0222,C01097,V0051,2025-02-15 03:46:00,2025-02-15 04:53:00,21.2,294.4,P003570,4.5,Chennai
R003571,D0071,C01027,V0263,2025-08-22 21:09:00,2025-08-22 21:26:00,1.57,29.42,P003571,4.0,Pune
R003572,D0062,C00372,V0241,2024-07-29 14:09:00,2024-07-29 14:49:00,11.94,183.28,P003572,4.6,Hyderabad
R003573,D0144,C01893,V0105,2024-10-09 10:00:00,2024-10-09 10:17:00,2.73,46.38,P003573,4.3,Bangalore
R003574,D0043,C00545,V0284,2024-04-30 16:19:00,2024-04-30 16:37:00,1.36,56.32,P003574,5.0,Hyderabad
R003575,D0244,C00790,V0244,2025-06-20 03:49:00,2025-06-20 04:02:00,2.34,68.08,P003575,4.8,Bangalore
R003576,D0182,C01831,V0120,2025-04-27 07:42:00,2025-04-27 08:00:00,3.63,54.04,P003576,4.1,Chennai
R003577,D0050,C01200,V0033,2025-03-24 09:52:00,2025-03-24 10:08:00,3.25,79.0,P003577,4.1,Kolkata
R003578,D0016,C00194,V0285,2024-05-07 17:47:00,2024-05-07 18:01:00,0.79,59.48,P003578,4.5,Delhi
R003579,D0244,C01008,V0244,2025-04-10 04:04:00,2025-04-10 04:21:00,2.83,73.96,P003579,4.9,Bangalore
R003580,D0042,C00629,V0291,2024-12-15 08:02:00,2024-12-15 08:17:00,2.4,78.8,P003580,4.7,Bangalore
R003581,D0130,C00075,V0215,2025-01-25 08:07:00,2025-01-25 08:29:00,1.64,38.12,P003581,4.9,Hyderabad
R003582,D0236,C00700,V0150,2025-04-22 13:37:00,2025-04-22 13:54:00,2.31,43.48,P003582,4.2,Kolkata
R003583,D0029,C01902,V0069,2024-06-21 22:44:00,2024-06-21 23:04:00,4.06,44.36,P003583,5.0,Ahmedabad
R003584,D0271,C00008,V0166,2025-05-13 09:14:00,2025-05-13 09:25:00,1.62,59.44,P003584,4.3,Mumbai
R003585,D0151,C00937,V0270,2025-06-19 03:05:00,2025-06-19 03:30:00,4.92,64.36,P003585,4.9,Pune
R003586,D0093,C00642,V0255,2025-01-06 07:55:00,2025-01-06 08:08:00,1.3,65.6,P003586,4.6,Ahmedabad
R003587,D0084,C00241,V0261,2025-05-21 22:27:00,2025-05-21 22:51:00,2.45,44.6,P003587,4.7,Chennai
R003588,D0028,C00163,V0240,2025-03-07 01:40:00,2025-03-07 01:50:00,1.3,55.6,P003588,4.4,Bangalore
R003589,D0102,C00020,V0094,2024-04-17 08:53:00,2024-04-17 09:12:00,8.09,89.72,P003589,4.7,Chennai
R003590,D0057,C01131,V0198,2024-10-09 08:40:00,2024-10-09 09:16:00,6.19,114.28,P003590,4.6,Chennai
R003591,D0196,C00960,V0174,2025-06-04 10:26:00,2025-06-04 10:29:00,3.27,79.24,P003591,4.7,Pune
R003592,D0130,C00897,V0215,2024-09-14 11:05:00,2024-09-14 11:36:00,7.02,81.16,P003592,4.9,Hyderabad
R003593,D0287,C01909,V0078,2024-01-14 03:45:00,2024-01-14 04:31:00,9.84,99.04,P003593,4.5,Hyderabad
R003594,D0144,C01022,V0105,2025-05-12 07:37:00,2025-05-12 07:42:00,1.99,31.94,P003594,3.8,Bangalore
R003595,D0271,C01266,V0166,2025-05-21 07:37:00,2025-05-21 08:00:00,3.08,76.96,P003595,4.4,Mumbai
R003596,D0213,C01291,V0009,2025-03-20 21:17:00,2025-03-20 21:52:00,9.28,151.36,P003596,3.8,Pune
R003597,D0050,C00994,V0033,2024-04-16 22:31:00,2024-04-16 23:21:00,13.07,196.84,P003597,4.6,Kolkata
R003598,D0234,C01349,V0158,2025-07-28 19:53:00,2025-07-28 20:11:00,4.86,63.88,P003598,4.6,Delhi
R003599,D0255,C00302,V0104,2025-08-02 12:38:00,2025-08-02 13:07:00,10.67,168.04,P003599,4.6,Pune
R003600,D0209,C01876,V0239,2025-06-15 21:24:00,2025-06-15 21:51:00,6.08,112.96,P003600,4.5,Mumbai
R003601,D0198,C00823,V0010,2024-02-13 19:06:00,2024-02-13 19:20:00,1.86,62.32,P003601,4.3,Hyderabad
R003602,D0137,C01459,V0259,2024-04-10 18:06:00,2024-04-10 18:16:00,2.56,70.72,P003602,4.5,Bangalore
R003603,D0270,C00421,V0127,2024-04-30 07:23:00,2024-04-30 07:49:00,4.03,88.36,P003603,4.7,Bangalore
R003604,D0014,C01674,V0071,2025-08-17 21:45:00,2025-08-17 21:52:00,1.34,56.08,P003604,5.0,Chennai
R003605,D0201,C00804,V0211,2025-03-07 12:45:00,2025-03-07 13:02:00,1.81,50.86,P003605,4.1,Bangalore
R003606,D0063,C00724,V0033,2024-02-10 11:41:00,2024-02-10 12:18:00,11.0,172.0,P003606,3.8,Delhi
R003607,D0282,C01161,V0148,2025-03-26 14:36:00,2025-03-26 14:45:00,1.54,58.48,P003607,4.4,Hyderabad
R003608,D0166,C01654,V0279,2025-06-19 01:25:00,2025-06-19 01:55:00,5.42,105.04,P003608,4.3,Pune
R003609,D0083,C01841,V0149,2025-03-18 21:58:00,2025-03-18 22:12:00,1.87,62.44,P003609,5.0,Hyderabad
R003610,D0259,C00038,V0239,2024-01-27 06:36:00,2024-01-27 06:39:00,0.85,50.2,P003610,4.6,Mumbai
R003611,D0062,C01795,V0241,2024-07-04 00:40:00,2024-07-04 00:52:00,2.49,69.88,P003611,4.7,Hyderabad
R003612,D0083,C01143,V0149,2024-12-02 03:18:00,2024-12-02 03:33:00,2.64,71.68,P003612,4.2,Hyderabad
R003613,D0118,C00538,V0253,2025-02-26 00:46:00,2025-02-26 00:52:00,1.0,26.0,P003613,4.5,Kolkata
R003614,D0055,C01214,V0237,2025-04-12 08:22:00,2025-04-12 09:01:00,9.46,153.52,P003614,4.6,Chennai
R003615,D0031,C01031,V0263,2024-12-18 11:15:00,2024-12-18 11:52:00,11.31,107.86,P003615,4.7,Mumbai
R003616,D0049,C01932,V0057,2024-10-10 14:50:00,2024-10-10 14:58:00,1.92,40.36,P003616,4.5,Chennai
R003617,D0025,C00072,V0217,2024-02-18 10:29:00,2024-02-18 11:16:00,11.07,86.42,P003617,4.1,Pune
R003618,D0100,C00160,V0116,2024-09-26 05:13:00,2024-09-26 05:42:00,6.82,60.92,P003618,5.0,Kolkata
R003619,D0206,C01711,V0214,2025-07-25 17:41:00,2025-07-25 18:01:00,4.92,49.52,P003619,3.6,Delhi
R003620,D0075,C01848,V0067,2024-11-25 23:25:00,2024-11-25 23:50:00,7.12,81.96,P003620,4.3,Hyderabad
R003621,D0297,C01686,V0282,2024-12-22 05:54:00,2024-12-22 06:21:00,5.06,100.72,P003621,4.5,Bangalore
R003622,D0172,C00162,V0198,2025-05-26 02:21:00,2025-05-26 02:35:00,1.66,79.92,P003622,4.5,Kolkata
R003623,D0098,C01893,V0187,2024-12-26 19:34:00,2024-12-26 20:05:00,7.44,139.28,P003623,4.4,Delhi
R003624,D0259,C00453,V0239,2024-08-21 10:53:00,2024-08-21 11:10:00,3.87,96.44,P003624,4.9,Mumbai
R003625,D0061,C00476,V0232,2024-11-09 03:58:00,2024-11-09 04:08:00,1.41,56.92,P003625,5.0,Pune
R003626,D0199,C01073,V0282,2024-04-02 20:25:00,2024-04-02 20:33:00,1.61,59.32,P003626,3.7,Chennai
R003627,D0070,C00945,V0283,2024-11-16 19:31:00,2024-11-16 20:03:00,9.33,151.96,P003627,4.5,Kolkata
R003628,D0176,C00515,V0141,2024-07-09 12:12:00,2024-07-09 12:31:00,3.55,41.3,P003628,4.7,Pune
R003629,D0151,C00663,V0270,2024-09-28 22:31:00,2024-09-28 22:49:00,4.25,59.0,P003629,3.9,Pune
R003630,D0208,C01813,V0024,2024-12-25 10:51:00,2024-12-25 11:02:00,0.97,51.64,P003630,4.5,Hyderabad
R003631,D0180,C00652,V0172,2025-03-24 11:48:00,2025-03-24 12:08:00,4.61,95.32,P003631,4.7,Pune
R003632,D0042,C01218,V0291,2024-06-12 05:20:00,2024-06-12 05:46:00,5.78,119.36,P003632,4.7,Bangalore
R003633,D0188,C00373,V0074,2024-01-17 03:12:00,2024-01-17 03:27:00,3.61,83.32,P003633,4.5,Kolkata
R003634,D0237,C00067,V0023,2025-08-18 09:58:00,2025-08-18 10:16:00,3.2,50.6,P003634,3.8,Ahmedabad
R003635,D0081,C01390,V0049,2025-06-02 22:41:00,2025-06-02 23:29:00,13.67,102.02,P003635,4.8,Delhi
R003636,D0266,C00087,V0133,2025-07-27 09:48:00,2025-07-27 10:01:00,2.73,56.38,P003636,4.4,Kolkata
R003637,D0184,C00923,V0077,2025-07-27 17:11:00,2025-07-27 17:36:00,12.11,185.32,P003637,4.2,Hyderabad
R003638,D0202,C00294,V0043,2025-02-11 19:44:00,2025-02-11 20:04:00,4.58,47.48,P003638,5.0,Hyderabad
R003639,D0173,C00046,V0188,2024-03-18 06:05:00,2024-03-18 06:23:00,4.72,62.76,P003639,4.2,Bangalore
R003640,D0259,C01211,V0239,2024-04-02 22:38:00,2024-04-02 22:56:00,4.34,92.08,P003640,5.0,Mumbai
R003641,D0275,C01028,V0051,2025-02-18 08:09:00,2025-02-18 08:22:00,1.91,62.92,P003641,4.4,Ahmedabad
R003642,D0063,C01541,V0033,2024-12-14 17:22:00,2024-12-14 17:43:00,5.44,105.28,P003642,5.0,Delhi
R003643,D0122,C00253,V0273,2025-02-10 04:58:00,2025-02-10 05:30:00,7.01,62.06,P003643,4.6,Pune
R003644,D0269,C01082,V0140,2025-01-29 03:54:00,2025-01-29 04:02:00,1.58,58.96,P003644,4.8,Chennai
R003645,D0012,C01781,V0075,2024-10-27 19:36:00,2024-10-27 20:18:00,11.5,117.0,P003645,4.7,Delhi
R003646,D0063,C00247,V0033,2024-03-25 10:14:00,2024-03-25 10:23:00,1.37,56.44,P003646,4.8,Delhi
R003647,D0104,C00162,V0290,2025-03-29 01:15:00,2025-03-29 02:45:00,34.85,303.8,P003647,5.0,Ahmedabad
R003648,D0193,C00335,V0157,2025-07-15 04:42:00,2025-07-15 05:08:00,7.12,62.72,P003648,4.4,Hyderabad
R003649,D0145,C00106,V0195,2024-10-07 00:31:00,2024-10-07 01:07:00,9.55,101.4,P003649,4.1,Pune
R003650,D0037,C00944,V0032,2024-08-17 22:14:00,2024-08-17 22:28:00,3.76,52.56,P003650,4.6,Chennai
R003651,D0113,C01545,V0134,2024-09-08 07:28:00,2024-09-08 08:04:00,7.56,130.72,P003651,4.0,Ahmedabad
R003652,D0261,C00348,V0214,2024-08-09 04:00:00,2024-08-09 04:25:00,5.56,53.36,P003652,5.0,Pune
R003653,D0040,C01380,V0294,2024-10-30 07:01:00,2024-10-30 07:29:00,5.49,125.88,P003653,4.1,Bangalore
R003654,D0252,C01599,V0093,2025-05-09 14:26:00,2025-05-09 14:45:00,1.76,61.12,P003654,4.3,Delhi
R003655,D0101,C00388,V0274,2025-07-23 17:36:00,2025-07-23 17:53:00,3.95,87.4,P003655,4.3,Chennai
R003656,D0031,C00401,V0263,2024-07-15 13:11:00,2024-07-15 13:31:00,7.48,64.88,P003656,4.2,Mumbai
R003657,D0084,C00225,V0261,2025-06-15 18:25:00,2025-06-15 18:45:00,2.05,41.4,P003657,4.7,Chennai
R003658,D0082,C01299,V0175,2025-08-12 12:47:00,2025-08-12 13:14:00,6.3,115.6,P003658,4.6,Ahmedabad
R003659,D0160,C00920,V0102,2024-09-24 22:50:00,2024-09-24 22:59:00,1.31,45.48,P003659,4.2,Chennai
R003660,D0012,C00923,V0075,2025-01-07 08:27:00,2025-01-07 08:58:00,4.72,62.76,P003660,4.0,Delhi
R003661,D0113,C01670,V0134,2025-01-14 11:57:00,2025-01-14 12:44:00,11.85,182.2,P003661,4.8,Ahmedabad
R003662,D0148,C01584,V0095,2024-08-28 10:34:00,2024-08-28 10:55:00,6.91,61.46,P003662,4.3,Delhi
R003663,D0122,C01724,V0273,2024-12-31 02:44:00,2024-12-31 03:07:00,0.96,25.76,P003663,4.8,Pune
R003664,D0008,C01817,V0203,2024-05-17 10:55:00,2024-05-17 11:09:00,1.64,29.84,P003664,4.5,Chennai
R003665,D0023,C01911,V0220,2024-09-09 17:37:00,2024-09-09 17:44:00,1.41,28.46,P003665,4.6,Chennai
R003666,D0097,C00318,V0288,2024-05-11 03:58:00,2024-05-11 04:01:00,2.17,33.02,P003666,4.9,Mumbai
R003667,D0196,C01048,V0174,2025-06-03 22:30:00,2025-06-03 22:51:00,4.36,92.32,P003667,5.0,Pune
R003668,D0103,C00115,V0235,2025-07-02 10:06:00,2025-07-02 10:15:00,2.31,43.86,P003668,4.8,Ahmedabad
R003669,D0209,C00018,V0239,2024-08-21 23:22:00,2024-08-21 23:29:00,0.94,51.28,P003669,4.7,Mumbai
R003670,D0234,C00500,V0158,2025-07-21 07:29:00,2025-07-21 07:54:00,5.27,77.16,P003670,4.5,Delhi
R003671,D0085,C00123,V0225,2024-10-02 18:53:00,2024-10-02 19:26:00,5.76,71.08,P003671,5.0,Chennai
R003672,D0064,C01649,V0296,2024-02-24 14:39:00,2024-02-24 15:10:00,8.94,73.64,P003672,4.8,Chennai
R003673,D0181,C00299,V0222,2025-03-24 15:37:00,2025-03-24 16:17:00,10.97,95.82,P003673,4.7,Bangalore
R003674,D0176,C01631,V0141,2025-03-22 02:10:00,2025-03-22 02:23:00,2.21,33.26,P003674,4.8,Pune
R003675,D0209,C01507,V0239,2024-01-23 17:28:00,2024-01-23 17:49:00,2.54,70.48,P003675,4.8,Mumbai
R003676,D0011,C00621,V0218,2025-07-26 20:03:00,2025-07-26 20:27:00,1.52,58.24,P003676,4.6,Bangalore
R003677,D0239,C00184,V0038,2024-12-21 15:55:00,2024-12-21 16:47:00,15.18,146.44,P003677,4.4,Pune
R003678,D0174,C00960,V0148,2024-05-31 02:43:00,2024-05-31 03:01:00,6.86,122.32,P003678,4.2,Hyderabad
R003679,D0215,C00859,V0188,2024-12-28 02:46:00,2024-12-28 02:58:00,2.46,44.68,P003679,4.5,Mumbai
R003680,D0283,C00297,V0090,2024-10-09 18:16:00,2024-10-09 18:37:00,2.22,66.64,P003680,4.1,Delhi
R003681,D0263,C00386,V0248,2024-01-29 22:38:00,2024-01-29 22:57:00,3.41,52.28,P003681,4.1,Kolkata
R003682,D0224,C00184,V0019,2025-05-17 13:45:00,2025-05-17 13:56:00,1.55,58.6,P003682,3.9,Ahmedabad
R003683,D0196,C00272,V0174,2024-05-16 12:13:00,2024-05-16 12:36:00,3.11,77.32,P003683,4.9,Pune
R003684,D0260,C01128,V0070,2025-04-07 09:34:00,2025-04-07 09:45:00,0.93,25.58,P003684,4.5,Chennai
R003685,D0019,C00718,V0250,2024-11-07 10:14:00,2024-11-07 10:35:00,3.31,79.72,P003685,4.6,Chennai
R003686,D0077,C00115,V0276,2025-08-06 16:26:00,2025-08-06 16:53:00,6.01,112.12,P003686,4.2,Chennai
R003687,D0204,C01754,V0191,2024-05-27 17:43:00,2024-05-27 17:50:00,1.26,55.12,P003687,4.4,Mumbai
R003688,D0245,C00579,V0172,2025-08-23 10:55:00,2025-08-23 11:09:00,1.76,71.12,P003688,3.9,Bangalore
R003689,D0258,C01671,V0078,2024-01-07 19:03:00,2024-01-07 19:17:00,1.15,26.9,P003689,3.7,Chennai
R003690,D0001,C02000,V0080,2025-01-01 18:07:00,2025-01-01 18:26:00,4.75,73.0,P003690,4.1,Bangalore
R003691,D0065,C00656,V0025,2024-03-13 19:04:00,2024-03-13 19:18:00,3.6,41.6,P003691,4.9,Mumbai
R003692,D0039,C00501,V0072,2025-06-26 13:46:00,2025-06-26 14:08:00,3.06,38.36,P003692,4.6,Delhi
R003693,D0184,C00726,V0077,2024-06-14 23:12:00,2024-06-14 23:48:00,9.55,154.6,P003693,4.8,Hyderabad
R003694,D0118,C00579,V0253,2024-09-11 19:49:00,2024-09-11 20:06:00,3.83,52.98,P003694,5.0,Kolkata
R003695,D0193,C01225,V0157,2024-07-02 05:01:00,2024-07-02 05:27:00,5.02,50.12,P003695,4.5,Hyderabad
R003696,D0031,C01668,V0263,2025-05-21 23:07:00,2025-05-21 23:46:00,12.78,96.68,P003696,4.8,Mumbai
R003697,D0156,C01188,V0033,2024-12-05 02:06:00,2024-12-05 02:18:00,2.17,66.04,P003697,4.8,Delhi
R003698,D0222,C01318,V0051,2025-02-17 18:44:00,2025-02-17 18:48:00,3.14,97.68,P003698,5.0,Chennai
R003699,D0205,C00439,V0166,2025-01-31 13:24:00,2025-01-31 13:35:00,2.7,82.4,P003699,4.0,Bangalore
R003700,D0126,C00610,V0290,2025-04-30 04:54:00,2025-04-30 05:19:00,5.44,68.52,P003700,4.4,Delhi
R003701,D0193,C01386,V0157,2024-12-17 05:06:00,2024-12-17 05:20:00,1.79,30.74,P003701,4.6,Hyderabad
R003702,D0197,C01435,V0172,2024-11-14 11:11:00,2024-11-14 11:38:00,5.53,106.36,P003702,4.4,Pune
R003703,D0160,C00219,V0102,2025-03-16 08:31:00,2025-03-16 08:50:00,6.29,75.32,P003703,4.4,Chennai
R003704,D0275,C01720,V0051,2024-04-02 05:16:00,2024-04-02 05:43:00,5.76,109.12,P003704,4.0,Ahmedabad
R003705,D0225,C01891,V0106,2025-02-15 06:14:00,2025-02-15 07:03:00,12.39,124.12,P003705,4.2,Kolkata
R003706,D0264,C01614,V0097,2024-12-25 20:40:00,2024-12-25 20:55:00,3.55,82.6,P003706,4.3,Mumbai
R003707,D0152,C01009,V0015,2024-03-24 10:28:00,2024-03-24 10:54:00,5.77,71.16,P003707,4.4,Chennai
R003708,D0011,C00866,V0218,2024-04-06 16:16:00,2024-04-06 16:38:00,2.65,71.8,P003708,4.9,Bangalore
R003709,D0137,C00201,V0259,2024-01-21 19:03:00,2024-01-21 19:16:00,2.69,72.28,P003709,5.0,Bangalore
R003710,D0181,C01952,V0222,2025-07-24 01:43:00,2025-07-24 02:05:00,2.33,43.98,P003710,4.8,Bangalore
R003711,D0254,C01074,V0110,2025-01-17 03:10:00,2025-01-17 03:36:00,9.51,154.12,P003711,4.7,Bangalore
R003712,D0215,C01676,V0188,2024-01-02 16:00:00,2024-01-02 16:23:00,5.79,71.32,P003712,4.5,Mumbai
R003713,D0158,C01180,V0266,2024-01-05 10:24:00,2024-01-05 10:34:00,2.65,71.8,P003713,5.0,Chennai
R003714,D0211,C01144,V0150,2024-11-09 00:51:00,2024-11-09 01:22:00,7.93,88.44,P003714,4.1,Bangalore
R003715,D0260,C01666,V0070,2025-08-04 18:23:00,2025-08-04 18:55:00,6.71,60.26,P003715,4.6,Chennai
R003716,D0128,C00009,V0218,2024-03-12 05:12:00,2024-03-12 05:30:00,5.34,104.08,P003716,4.6,Bangalore
R003717,D0117,C00771,V0021,2025-05-25 05:34:00,2025-05-25 05:54:00,2.0,64.0,P003717,5.0,Hyderabad
R003718,D0192,C01820,V0070,2024-08-11 11:06:00,2024-08-11 11:25:00,3.96,53.76,P003718,4.7,Kolkata
R003719,D0105,C01997,V0248,2024-06-07 19:23:00,2024-06-07 19:38:00,3.02,49.16,P003719,4.6,Pune
R003720,D0138,C00566,V0027,2025-08-10 05:57:00,2025-08-10 06:33:00,9.42,153.04,P003720,4.6,Delhi
R003721,D0063,C00947,V0033,2025-03-27 22:54:00,2025-03-27 23:02:00,0.93,51.16,P003721,4.9,Delhi
R003722,D0292,C01735,V0194,2024-06-30 16:09:00,2024-06-30 16:40:00,8.94,147.28,P003722,4.7,Hyderabad
R003723,D0059,C00958,V0187,2025-03-31 00:39:00,2025-03-31 00:56:00,2.72,72.64,P003723,4.4,Ahmedabad
R003724,D0174,C01857,V0148,2024-02-09 17:56:00,2024-02-09 18:20:00,2.47,69.64,P003724,4.9,Hyderabad
R003725,D0018,C01534,V0057,2024-05-03 09:59:00,2024-05-03 10:27:00,5.54,69.32,P003725,4.6,Hyderabad
R003726,D0100,C00634,V0116,2024-10-25 03:22:00,2024-10-25 03:45:00,2.86,37.16,P003726,4.6,Kolkata
R003727,D0297,C00260,V0282,2024-07-03 18:33:00,2024-07-03 18:49:00,3.73,84.76,P003727,4.3,Bangalore
R003728,D0019,C01162,V0250,2024-06-20 03:31:00,2024-06-20 03:56:00,5.83,109.96,P003728,4.4,Chennai
R003729,D0025,C00766,V0217,2024-07-16 19:09:00,2024-07-16 19:37:00,5.38,52.28,P003729,4.2,Pune
R003730,D0279,C01774,V0029,2024-12-11 14:59:00,2024-12-11 15:25:00,5.57,106.84,P003730,4.4,Chennai
R003731,D0171,C01702,V0263,2025-07-15 12:50:00,2025-07-15 12:59:00,1.05,36.3,P003731,4.5,Mumbai
R003732,D0089,C00773,V0180,2025-04-03 03:42:00,2025-04-03 04:15:00,7.2,126.4,P003732,5.0,Hyderabad
R003733,D0298,C00075,V0294,2025-07-21 02:21:00,2025-07-21 02:49:00,5.49,105.88,P003733,4.3,Hyderabad
R003734,D0216,C00239,V0188,2024-09-09 11:09:00,2024-09-09 12:16:00,15.2,146.6,P003734,4.7,Hyderabad
R003735,D0192,C01035,V0070,2024-09-02 15:12:00,2024-09-02 15:51:00,8.53,81.18,P003735,4.8,Kolkata
R003736,D0086,C00908,V0024,2025-02-17 01:22:00,2025-02-17 02:01:00,8.73,144.76,P003736,4.7,Ahmedabad
R003737,D0171,C01653,V0263,2024-03-01 15:51:00,2024-03-01 16:13:00,4.82,68.92,P003737,4.7,Mumbai
R003738,D0078,C00953,V0047,2024-04-11 16:05:00,2024-04-11 16:17:00,1.38,36.04,P003738,4.1,Bangalore
R003739,D0056,C00882,V0068,2024-11-24 16:36:00,2024-11-24 17:17:00,9.86,113.88,P003739,4.3,Bangalore
R003740,D0269,C01821,V0140,2025-08-11 22:34:00,2025-08-11 23:36:00,23.23,318.76,P003740,4.1,Chennai
R003741,D0116,C00729,V0057,2025-06-18 12:48:00,2025-06-18 13:04:00,2.21,42.68,P003741,5.0,Bangalore
R003742,D0288,C01937,V0214,2025-07-13 20:12:00,2025-07-13 20:43:00,5.93,55.58,P003742,4.4,Kolkata
R003743,D0050,C00722,V0033,2024-10-16 10:08:00,2024-10-16 10:31:00,6.19,114.28,P003743,4.3,Kolkata
R003744,D0221,C01710,V0220,2025-04-03 06:18:00,2025-04-03 06:41:00,3.68,42.08,P003744,3.8,Delhi
R003745,D0023,C00738,V0220,2025-03-12 12:27:00,2025-03-12 12:46:00,3.07,38.42,P003745,4.5,Chennai
R003746,D0258,C01718,V0078,2025-01-21 02:31:00,2025-01-21 03:07:00,8.99,93.94,P003746,4.7,Chennai
R003747,D0161,C00018,V0095,2024-01-25 15:06:00,2024-01-25 15:31:00,3.17,39.02,P003747,4.6,Hyderabad
R003748,D0128,C00388,V0218,2024-11-25 17:30:00,2024-11-25 17:36:00,1.03,62.36,P003748,4.7,Bangalore
R003749,D0035,C01096,V0027,2025-02-02 09:31:00,2025-02-02 10:08:00,10.34,164.08,P003749,4.2,Ahmedabad
R003750,D0173,C01808,V0188,2024-10-21 21:44:00,2024-10-21 22:05:00,4.87,63.96,P003750,4.7,Bangalore
R003751,D0207,C00465,V0110,2024-02-26 16:53:00,2024-02-26 17:33:00,11.5,188.0,P003751,4.7,Pune
R003752,D0144,C01351,V0105,2024-02-12 06:05:00,2024-02-12 06:36:00,3.66,41.96,P003752,3.8,Bangalore
R003753,D0039,C00367,V0072,2024-11-10 18:47:00,2024-11-10 18:56:00,1.86,31.16,P003753,4.4,Delhi
R003754,D0261,C00923,V0214,2025-08-07 17:11:00,2025-08-07 17:26:00,3.75,52.5,P003754,4.5,Pune
R003755,D0235,C01439,V0044,2024-11-17 23:03:00,2024-11-17 23:06:00,0.98,51.76,P003755,5.0,Ahmedabad
R003756,D0205,C00418,V0166,2025-07-01 00:03:00,2025-07-01 00:27:00,2.36,68.32,P003756,4.7,Bangalore
R003757,D0203,C01130,V0233,2024-11-06 12:12:00,2024-11-06 12:15:00,1.77,61.24,P003757,4.6,Pune
R003758,D0014,C00940,V0071,2024-12-26 17:03:00,2024-12-26 17:32:00,5.69,128.28,P003758,4.7,Chennai
R003759,D0004,C01069,V0096,2025-03-20 23:32:00,2025-03-21 00:00:00,2.34,68.08,P003759,4.3,Pune
R003760,D0121,C01132,V0192,2025-06-20 05:32:00,2025-06-20 05:36:00,1.59,39.54,P003760,5.0,Kolkata
R003761,D0037,C01458,V0032,2025-01-14 21:44:00,2025-01-14 22:38:00,14.14,104.84,P003761,3.8,Chennai
R003762,D0034,C00311,V0254,2024-02-15 06:06:00,2024-02-15 07:20:00,19.47,273.64,P003762,4.6,Delhi
R003763,D0200,C01299,V0014,2025-04-13 05:57:00,2025-04-13 07:01:00,20.25,141.5,P003763,4.6,Bangalore
R003764,D0019,C01817,V0250,2024-08-14 22:20:00,2024-08-14 22:34:00,1.69,60.28,P003764,5.0,Chennai
R003765,D0227,C01257,V0128,2024-03-15 22:13:00,2024-03-15 22:51:00,10.9,112.2,P003765,4.0,Bangalore
R003766,D0025,C00537,V0217,2025-05-22 06:36:00,2025-05-22 06:55:00,2.61,55.66,P003766,5.0,Pune
R003767,D0195,C00693,V0247,2024-01-16 01:59:00,2024-01-16 02:20:00,0.7,30.6,P003767,4.3,Ahmedabad
R003768,D0216,C00135,V0188,2025-01-25 06:57:00,2025-01-25 07:07:00,1.27,35.16,P003768,5.0,Hyderabad
R003769,D0233,C01311,V0240,2024-04-29 09:00:00,2024-04-29 10:07:00,19.67,276.04,P003769,4.5,Bangalore
R003770,D0175,C00116,V0202,2024-09-03 21:52:00,2024-09-03 22:25:00,8.58,142.96,P003770,5.0,Bangalore
R003771,D0104,C00094,V0290,2024-12-04 05:24:00,2024-12-04 05:49:00,8.5,93.0,P003771,5.0,Ahmedabad
R003772,D0162,C01167,V0020,2024-08-21 11:58:00,2024-08-21 12:24:00,5.75,119.0,P003772,4.7,Mumbai
R003773,D0072,C01567,V0184,2025-02-15 01:09:00,2025-02-15 01:31:00,3.08,76.96,P003773,4.3,Mumbai
R003774,D0154,C01909,V0064,2024-05-25 19:15:00,2024-05-25 19:41:00,5.93,121.16,P003774,4.8,Hyderabad
R003775,D0048,C01500,V0054,2024-09-21 13:43:00,2024-09-21 14:11:00,7.08,124.96,P003775,4.7,Bangalore
R003776,D0230,C00697,V0052,2025-08-07 22:55:00,2025-08-07 23:06:00,2.97,85.64,P003776,4.9,Chennai
R003777,D0004,C00584,V0096,2024-11-13 06:56:00,2024-11-13 07:20:00,6.63,119.56,P003777,4.8,Pune
R003778,D0246,C01531,V0079,2024-10-06 13:44:00,2024-10-06 14:18:00,6.11,83.88,P003778,4.4,Mumbai
R003779,D0166,C00316,V0279,2024-01-11 13:52:00,2024-01-11 14:18:00,4.91,98.92,P003779,4.6,Pune
R003780,D0062,C00819,V0241,2025-02-27 12:17:00,2025-02-27 12:27:00,1.81,61.72,P003780,4.0,Hyderabad
R003781,D0124,C00348,V0088,2024-07-13 15:16:00,2024-07-13 15:31:00,4.93,64.44,P003781,5.0,Hyderabad
R003782,D0104,C01896,V0290,2024-01-11 20:44:00,2024-01-11 21:16:00,7.52,85.16,P003782,5.0,Ahmedabad
R003783,D0042,C00280,V0291,2025-02-08 01:44:00,2025-02-08 02:00:00,1.67,70.04,P003783,4.6,Bangalore
R003784,D0238,C01705,V0110,2025-04-04 04:42:00,2025-04-04 05:22:00,7.1,125.2,P003784,4.9,Kolkata
R003785,D0103,C01282,V0235,2024-08-16 02:40:00,2024-08-16 02:57:00,2.34,34.04,P003785,4.0,Ahmedabad
R003786,D0258,C00996,V0078,2024-04-27 03:10:00,2024-04-27 03:17:00,2.93,37.58,P003786,4.5,Chennai
R003787,D0199,C01613,V0282,2025-05-15 02:11:00,2025-05-15 02:29:00,3.22,78.64,P003787,5.0,Chennai
R003788,D0201,C01371,V0211,2025-07-03 10:10:00,2025-07-03 10:34:00,2.9,37.4,P003788,4.7,Bangalore
R003789,D0043,C00661,V0284,2024-09-19 21:45:00,2024-09-19 22:09:00,6.1,113.2,P003789,3.7,Hyderabad
R003790,D0182,C00017,V0120,2025-02-11 09:34:00,2025-02-11 10:01:00,5.57,89.56,P003790,4.0,Chennai
R003791,D0014,C00874,V0071,2024-10-20 09:54:00,2024-10-20 10:03:00,3.21,78.52,P003791,3.8,Chennai
R003792,D0136,C00451,V0081,2025-08-06 08:06:00,2025-08-06 08:32:00,5.73,80.84,P003792,4.1,Mumbai
R003793,D0163,C01547,V0286,2024-05-02 12:52:00,2024-05-02 13:16:00,3.01,38.06,P003793,4.1,Chennai
R003794,D0279,C00745,V0029,2024-07-25 02:35:00,2024-07-25 02:48:00,1.82,71.84,P003794,5.0,Chennai
R003795,D0219,C00259,V0063,2025-05-24 06:08:00,2025-05-24 06:40:00,9.49,100.92,P003795,4.5,Ahmedabad
R003796,D0012,C01136,V0075,2025-06-14 01:30:00,2025-06-14 02:18:00,11.97,120.76,P003796,5.0,Delhi
R003797,D0195,C01626,V0247,2025-05-05 03:07:00,2025-05-05 03:29:00,5.23,66.84,P003797,5.0,Ahmedabad
R003798,D0184,C00582,V0077,2024-08-22 01:53:00,2024-08-22 02:10:00,4.01,88.12,P003798,3.9,Hyderabad
R003799,D0124,C01055,V0088,2025-02-01 05:05:00,2025-02-01 05:17:00,1.87,39.96,P003799,4.7,Hyderabad
R003800,D0064,C01043,V0296,2024-03-10 07:27:00,2024-03-10 07:40:00,1.71,40.26,P003800,4.6,Chennai
R003801,D0069,C01192,V0214,2025-01-14 14:47:00,2025-01-14 15:33:00,9.34,76.04,P003801,5.0,Ahmedabad
R003802,D0110,C00347,V0289,2024-05-26 14:38:00,2024-05-26 15:11:00,6.67,120.04,P003802,4.4,Hyderabad
R003803,D0282,C00019,V0148,2024-02-12 21:59:00,2024-02-12 22:17:00,3.74,84.88,P003803,4.2,Hyderabad
R003804,D0130,C01469,V0215,2025-05-30 06:49:00,2025-05-30 07:20:00,7.36,83.88,P003804,4.8,Hyderabad
R003805,D0035,C00470,V0027,2024-08-03 23:20:00,2024-08-03 23:34:00,3.65,83.8,P003805,4.2,Ahmedabad
R003806,D0211,C00619,V0150,2024-02-14 18:00:00,2024-02-14 18:25:00,3.71,54.68,P003806,5.0,Bangalore
R003807,D0255,C01158,V0104,2024-06-05 10:55:00,2024-06-05 11:12:00,3.92,87.04,P003807,4.7,Pune
R003808,D0175,C01299,V0202,2024-09-13 05:22:00,2024-09-13 05:37:00,3.98,87.76,P003808,5.0,Bangalore
R003809,D0251,C00809,V0041,2025-04-18 06:57:00,2025-04-18 07:04:00,1.65,69.8,P003809,4.7,Pune
R003810,D0160,C00251,V0102,2024-02-27 12:24:00,2024-02-27 12:38:00,2.72,46.76,P003810,4.7,Chennai
R003811,D0154,C00407,V0064,2024-06-05 09:32:00,2024-06-05 09:57:00,4.89,98.68,P003811,5.0,Hyderabad
R003812,D0072,C01075,V0184,2024-03-06 07:11:00,2024-03-06 07:47:00,6.81,121.72,P003812,4.0,Mumbai
R003813,D0202,C01471,V0043,2024-07-18 10:42:00,2024-07-18 10:59:00,3.63,41.78,P003813,5.0,Hyderabad
R003814,D0274,C01164,V0024,2025-03-25 00:55:00,2025-03-25 01:07:00,1.75,61.0,P003814,5.0,Kolkata
R003815,D0021,C00866,V0241,2025-03-27 02:53:00,2025-03-27 03:33:00,10.29,173.48,P003815,4.7,Mumbai
R003816,D0216,C00244,V0188,2024-09-08 19:33:00,2024-09-08 19:47:00,1.35,35.8,P003816,4.1,Hyderabad
R003817,D0253,C00078,V0158,2024-10-21 17:10:00,2024-10-21 17:29:00,4.4,60.2,P003817,5.0,Ahmedabad
R003818,D0018,C01679,V0057,2024-05-26 17:20:00,2024-05-26 17:51:00,4.8,63.4,P003818,4.4,Hyderabad
R003819,D0287,C00880,V0078,2024-02-28 03:43:00,2024-02-28 04:07:00,2.55,35.3,P003819,4.6,Hyderabad
R003820,D0180,C00167,V0172,2024-03-07 13:33:00,2024-03-07 13:40:00,1.95,63.4,P003820,4.5,Pune
R003821,D0050,C00210,V0033,2025-07-01 00:39:00,2025-07-01 01:02:00,7.07,124.84,P003821,3.9,Kolkata
R003822,D0041,C01600,V0141,2024-06-22 23:59:00,2024-06-23 00:10:00,0.86,25.16,P003822,5.0,Delhi
R003823,D0139,C01297,V0084,2024-11-25 11:02:00,2024-11-25 11:32:00,2.21,66.52,P003823,4.3,Mumbai
R003824,D0138,C01593,V0027,2024-05-26 03:43:00,2024-05-26 04:01:00,2.82,73.84,P003824,4.3,Delhi
R003825,D0187,C01855,V0192,2024-08-27 00:24:00,2024-08-27 00:48:00,2.19,33.14,P003825,4.6,Delhi
R003826,D0226,C00259,V0183,2024-01-04 18:03:00,2024-01-04 18:16:00,2.56,70.72,P003826,4.6,Ahmedabad
R003827,D0057,C01935,V0198,2025-01-31 18:07:00,2025-01-31 18:31:00,3.13,77.56,P003827,4.7,Chennai
R003828,D0300,C01899,V0271,2024-08-17 20:02:00,2024-08-17 20:18:00,1.96,73.52,P003828,4.9,Pune
R003829,D0061,C01654,V0232,2025-07-31 17:04:00,2025-07-31 17:35:00,6.49,117.88,P003829,4.0,Pune
R003830,D0107,C01599,V0124,2024-01-21 20:52:00,2024-01-21 21:10:00,2.45,79.4,P003830,4.8,Pune
R003831,D0114,C00693,V0119,2025-05-02 18:41:00,2025-05-02 18:53:00,4.66,47.96,P003831,4.1,Mumbai
R003832,D0237,C00739,V0023,2025-01-30 09:43:00,2025-01-30 10:11:00,7.56,85.48,P003832,4.5,Ahmedabad
R003833,D0289,C00788,V0187,2025-01-31 14:58:00,2025-01-31 15:20:00,5.89,110.68,P003833,5.0,Mumbai
R003834,D0249,C00667,V0290,2024-08-31 21:31:00,2024-08-31 22:12:00,10.82,111.56,P003834,4.5,Kolkata
R003835,D0191,C00123,V0050,2024-09-13 11:40:00,2024-09-13 11:53:00,5.17,66.36,P003835,4.8,Bangalore
R003836,D0208,C01211,V0024,2025-04-10 15:58:00,2025-04-10 16:35:00,8.26,139.12,P003836,4.7,Hyderabad
R003837,D0113,C00070,V0134,2024-06-05 14:34:00,2024-06-05 14:48:00,1.3,55.6,P003837,5.0,Ahmedabad
R003838,D0098,C00665,V0187,2025-01-03 07:09:00,2025-01-03 07:33:00,3.69,84.28,P003838,4.8,Delhi
R003839,D0258,C01729,V0078,2024-10-20 20:46:00,2024-10-20 21:40:00,16.41,128.46,P003839,4.4,Chennai
R003840,D0210,C01505,V0295,2024-06-27 12:16:00,2024-06-27 12:37:00,3.82,85.84,P003840,4.5,Chennai
R003841,D0221,C00354,V0220,2024-06-13 11:47:00,2024-06-13 12:48:00,18.25,129.5,P003841,4.2,Delhi
R003842,D0039,C01504,V0072,2024-01-22 13:51:00,2024-01-22 14:10:00,2.05,32.3,P003842,4.6,Delhi
R003843,D0295,C01178,V0002,2024-11-03 04:02:00,2024-11-03 04:29:00,6.34,126.08,P003843,4.7,Kolkata
R003844,D0138,C00877,V0027,2025-04-15 13:45:00,2025-04-15 13:52:00,1.14,63.68,P003844,5.0,Delhi
R003845,D0119,C01868,V0044,2025-07-08 07:25:00,2025-07-08 07:38:00,2.96,75.52,P003845,4.7,Bangalore
R003846,D0111,C01466,V0154,2024-05-08 20:22:00,2024-05-08 20:37:00,1.55,29.3,P003846,4.6,Ahmedabad
R003847,D0274,C00567,V0024,2024-08-01 12:26:00,2024-08-01 12:46:00,2.84,74.08,P003847,5.0,Kolkata
R003848,D0064,C01944,V0296,2025-03-03 14:46:00,2025-03-03 15:10:00,3.43,40.58,P003848,3.8,Chennai
R003849,D0237,C01514,V0023,2025-04-08 14:24:00,2025-04-08 14:34:00,2.17,42.36,P003849,4.0,Ahmedabad
R003850,D0112,C00095,V0229,2025-04-19 11:21:00,2025-04-19 11:34:00,1.79,30.74,P003850,4.3,Kolkata
R003851,D0043,C00960,V0284,2024-11-29 21:25:00,2024-11-29 21:33:00,1.84,62.08,P003851,4.6,Hyderabad
R003852,D0169,C01252,V0019,2024-05-16 23:33:00,2024-05-16 23:45:00,2.15,75.8,P003852,5.0,Pune
R003853,D0009,C01079,V0058,2024-07-29 07:13:00,2024-07-29 07:36:00,2.47,34.82,P003853,4.5,Delhi
R003854,D0025,C01489,V0217,2024-07-14 18:12:00,2024-07-14 18:31:00,4.76,68.56,P003854,4.4,Pune
R003855,D0215,C01614,V0188,2025-01-07 14:35:00,2025-01-07 14:45:00,1.1,43.8,P003855,4.2,Mumbai
R003856,D0153,C01304,V0279,2025-02-22 11:41:00,2025-02-22 11:51:00,1.42,57.04,P003856,4.4,Kolkata
R003857,D0275,C00426,V0051,2024-11-10 06:25:00,2024-11-10 06:28:00,1.09,53.08,P003857,4.6,Ahmedabad
R003858,D0246,C01026,V0079,2024-05-24 15:06:00,2024-05-24 15:46:00,10.31,107.48,P003858,4.3,Mumbai
R003859,D0200,C00588,V0014,2025-07-09 20:28:00,2025-07-09 20:50:00,3.71,62.26,P003859,4.6,Bangalore
R003860,D0067,C00249,V0199,2024-11-03 19:26:00,2024-11-03 20:01:00,11.18,184.16,P003860,4.5,Mumbai
R003861,D0019,C01123,V0250,2024-02-22 06:13:00,2024-02-22 06:27:00,0.9,50.8,P003861,4.4,Chennai
R003862,D0189,C00497,V0025,2024-12-11 17:56:00,2024-12-11 18:18:00,4.92,49.52,P003862,4.6,Pune
R003863,D0023,C00432,V0220,2024-06-09 21:24:00,2024-06-09 21:42:00,2.56,35.36,P003863,5.0,Chennai
R003864,D0138,C00966,V0027,2025-06-13 13:11:00,2025-06-13 13:48:00,9.72,156.64,P003864,5.0,Delhi
R003865,D0163,C01440,V0286,2025-03-29 00:44:00,2025-03-29 00:54:00,2.83,46.98,P003865,4.4,Chennai
R003866,D0222,C00658,V0051,2024-07-30 12:36:00,2024-07-30 12:55:00,2.41,68.92,P003866,4.2,Chennai
R003867,D0096,C00919,V0145,2024-06-25 08:47:00,2024-06-25 09:26:00,9.89,158.68,P003867,5.0,Delhi
R003868,D0023,C00405,V0220,2025-07-30 04:41:00,2025-07-30 04:46:00,2.6,55.6,P003868,5.0,Chennai
R003869,D0249,C01151,V0290,2025-02-15 18:50:00,2025-02-15 19:01:00,1.62,37.96,P003869,4.7,Kolkata
R003870,D0071,C01243,V0263,2024-07-21 04:26:00,2024-07-21 04:39:00,0.86,35.16,P003870,3.9,Pune
R003871,D0209,C00345,V0239,2024-11-20 14:15:00,2024-11-20 14:48:00,7.59,131.08,P003871,4.8,Mumbai
R003872,D0121,C00843,V0192,2024-05-13 15:20:00,2024-05-13 15:34:00,3.01,38.06,P003872,5.0,Kolkata
R003873,D0083,C00724,V0149,2025-06-27 23:40:00,2025-06-27 23:55:00,1.75,61.0,P003873,4.4,Hyderabad
R003874,D0268,C00496,V0271,2024-02-06 21:06:00,2024-02-06 22:03:00,16.14,233.68,P003874,4.6,Mumbai
R003875,D0272,C00015,V0288,2024-03-07 02:01:00,2024-03-07 02:15:00,2.82,36.92,P003875,5.0,Hyderabad
R003876,D0229,C01462,V0266,2024-01-09 01:21:00,2024-01-09 01:29:00,1.36,56.32,P003876,5.0,Bangalore
R003877,D0154,C01523,V0064,2024-04-02 10:59:00,2024-04-02 11:18:00,6.24,114.88,P003877,4.8,Hyderabad
R003878,D0142,C00953,V0264,2024-12-31 06:47:00,2024-12-31 06:52:00,1.33,27.98,P003878,4.8,Hyderabad
R003879,D0055,C01980,V0237,2024-06-03 06:19:00,2024-06-03 06:31:00,0.73,48.76,P003879,5.0,Chennai
R003880,D0286,C01169,V0092,2024-03-08 11:39:00,2024-03-08 11:54:00,3.93,56.44,P003880,4.8,Pune
R003881,D0300,C01911,V0271,2024-11-19 18:57:00,2024-11-19 19:05:00,1.22,54.64,P003881,4.7,Pune
R003882,D0024,C01388,V0091,2025-04-02 15:21:00,2025-04-02 15:43:00,4.81,97.72,P003882,5.0,Ahmedabad
R003883,D0038,C01581,V0099,2024-06-28 09:19:00,2024-06-28 09:28:00,0.89,45.34,P003883,4.1,Bangalore
R003884,D0140,C00284,V0051,2024-04-13 17:10:00,2024-04-13 17:17:00,3.22,78.64,P003884,4.3,Ahmedabad
R003885,D0066,C01185,V0234,2024-06-04 05:26:00,2024-06-04 06:07:00,14.69,216.28,P003885,4.6,Ahmedabad
R003886,D0070,C01563,V0283,2024-05-01 17:58:00,2024-05-01 18:08:00,1.13,53.56,P003886,4.7,Kolkata
R003887,D0243,C00480,V0114,2025-02-23 05:35:00,2025-02-23 06:09:00,8.34,140.08,P003887,5.0,Bangalore
R003888,D0025,C00945,V0217,2025-07-19 20:30:00,2025-07-19 21:04:00,7.83,66.98,P003888,4.7,Pune
R003889,D0124,C00985,V0088,2024-10-14 22:54:00,2024-10-14 23:06:00,4.21,58.68,P003889,3.8,Hyderabad
R003890,D0253,C00375,V0158,2024-09-12 03:42:00,2024-09-12 03:50:00,1.68,38.44,P003890,4.6,Ahmedabad
R003891,D0158,C01875,V0266,2024-05-30 14:06:00,2024-05-30 14:09:00,2.41,68.92,P003891,5.0,Chennai
R003892,D0077,C01122,V0276,2024-02-10 04:56:00,2024-02-10 05:09:00,2.03,64.36,P003892,5.0,Chennai
R003893,D0237,C00522,V0023,2025-01-25 15:24:00,2025-01-25 15:49:00,7.1,81.8,P003893,4.6,Ahmedabad
R003894,D0135,C01163,V0146,2025-05-03 05:49:00,2025-05-03 05:58:00,1.41,46.28,P003894,4.8,Kolkata
R003895,D0023,C01696,V0220,2024-01-21 18:44:00,2024-01-21 18:55:00,2.66,35.96,P003895,5.0,Chennai
R003896,D0096,C01338,V0145,2025-01-06 14:37:00,2025-01-06 14:46:00,1.92,63.04,P003896,5.0,Delhi
R003897,D0275,C01861,V0051,2025-08-08 05:28:00,2025-08-08 05:37:00,1.57,68.84,P003897,4.6,Ahmedabad
R003898,D0128,C01129,V0218,2024-01-21 15:42:00,2024-01-21 15:56:00,3.84,86.08,P003898,4.5,Bangalore
R003899,D0030,C00912,V0164,2025-08-03 11:56:00,2025-08-03 12:03:00,1.59,29.54,P003899,4.6,Hyderabad
R003900,D0293,C00590,V0198,2024-12-13 02:56:00,2024-12-13 03:13:00,5.0,110.0,P003900,4.7,Hyderabad
R003901,D0153,C01185,V0279,2025-01-13 02:11:00,2025-01-13 02:50:00,6.47,117.64,P003901,4.5,Kolkata
R003902,D0065,C00080,V0025,2024-05-18 19:19:00,2024-05-18 19:29:00,3.08,38.48,P003902,4.2,Mumbai
R003903,D0153,C00830,V0279,2025-02-07 04:07:00,2025-02-07 04:32:00,5.28,103.36,P003903,4.4,Kolkata
R003904,D0221,C01597,V0220,2024-07-20 20:20:00,2024-07-20 20:44:00,4.39,56.34,P003904,3.6,Delhi
R003905,D0281,C00389,V0294,2024-10-26 22:50:00,2024-10-26 23:01:00,1.04,52.48,P003905,5.0,Delhi
R003906,D0120,C00223,V0214,2024-03-26 11:38:00,2024-03-26 12:00:00,3.54,41.24,P003906,5.0,Chennai
R003907,D0138,C01904,V0027,2025-05-21 00:39:00,2025-05-21 01:21:00,11.91,182.92,P003907,4.4,Delhi
R003908,D0274,C01345,V0024,2025-03-03 05:23:00,2025-03-03 05:51:00,6.42,117.04,P003908,4.3,Kolkata
R003909,D0025,C01972,V0217,2024-09-15 06:32:00,2024-09-15 06:53:00,7.95,67.7,P003909,4.1,Pune
R003910,D0272,C01714,V0288,2024-10-13 16:57:00,2024-10-13 17:37:00,13.26,99.56,P003910,5.0,Hyderabad
R003911,D0236,C01144,V0150,2024-01-25 15:20:00,2024-01-25 15:30:00,1.47,36.76,P003911,4.6,Kolkata
R003912,D0200,C01865,V0014,2024-06-19 01:41:00,2024-06-19 02:18:00,7.65,65.9,P003912,4.5,Bangalore
R003913,D0148,C01061,V0095,2024-09-01 22:19:00,2024-09-01 22:48:00,4.87,49.22,P003913,5.0,Delhi
R003914,D0071,C01931,V0263,2024-09-26 14:27:00,2024-09-26 14:35:00,1.2,27.2,P003914,5.0,Pune
R003915,D0257,C00351,V0127,2024-12-11 01:17:00,2024-12-11 02:02:00,13.07,196.84,P003915,4.9,Kolkata
R003916,D0131,C00789,V0148,2025-04-14 21:05:00,2025-04-14 21:19:00,2.18,66.16,P003916,4.5,Pune
R003917,D0097,C01743,V0288,2024-12-06 17:02:00,2024-12-06 17:20:00,3.61,41.66,P003917,4.5,Mumbai
R003918,D0166,C00920,V0279,2024-05-13 19:00:00,2024-05-13 19:28:00,4.41,92.92,P003918,4.4,Pune
R003919,D0184,C00514,V0077,2025-08-10 00:19:00,2025-08-10 00:37:00,3.01,76.12,P003919,4.4,Hyderabad
R003920,D0011,C00782,V0218,2025-01-24 06:57:00,2025-01-24 07:13:00,4.51,94.12,P003920,5.0,Bangalore
R003921,D0244,C00023,V0244,2025-04-26 12:24:00,2025-04-26 12:35:00,3.7,84.4,P003921,4.8,Bangalore
R003922,D0201,C01945,V0211,2024-02-06 22:43:00,2024-02-06 23:07:00,4.65,57.9,P003922,4.5,Bangalore
R003923,D0106,C00688,V0090,2024-10-03 22:24:00,2024-10-03 23:13:00,11.67,180.04,P003923,4.5,Kolkata
R003924,D0220,C00460,V0088,2024-12-09 11:51:00,2024-12-09 12:08:00,1.36,35.88,P003924,4.8,Bangalore
R003925,D0067,C01977,V0199,2025-06-08 13:26:00,2025-06-08 13:41:00,2.79,73.48,P003925,4.8,Mumbai
R003926,D0284,C01391,V0175,2024-12-16 04:22:00,2024-12-16 04:49:00,3.85,86.2,P003926,3.3,Delhi
R003927,D0172,C00253,V0198,2024-09-24 17:12:00,2024-09-24 17:27:00,3.73,84.76,P003927,4.6,Kolkata
R003928,D0148,C01128,V0095,2025-05-15 09:17:00,2025-05-15 09:35:00,3.94,43.64,P003928,3.9,Delhi
R003929,D0225,C01153,V0106,2024-03-26 14:58:00,2024-03-26 15:07:00,4.24,58.92,P003929,4.4,Kolkata
R003930,D0197,C01698,V0172,2024-03-27 21:58:00,2024-03-27 22:09:00,3.75,85.0,P003930,4.2,Pune
R003931,D0164,C00671,V0146,2024-11-22 16:57:00,2024-11-22 17:06:00,0.76,31.08,P003931,4.3,Kolkata
R003932,D0246,C01991,V0079,2024-04-26 00:51:00,2024-04-26 00:57:00,2.0,51.0,P003932,5.0,Mumbai
R003933,D0028,C01398,V0240,2024-05-11 03:15:00,2024-05-11 03:38:00,5.22,102.64,P003933,4.6,Bangalore
R003934,D0126,C01292,V0290,2024-03-17 05:23:00,2024-03-17 05:39:00,3.32,51.56,P003934,4.8,Delhi
R003935,D0036,C01504,V0002,2024-03-07 04:36:00,2024-03-07 05:27:00,12.47,189.64,P003935,5.0,Chennai
R003936,D0260,C01270,V0070,2024-08-30 02:55:00,2024-08-30 03:11:00,2.36,34.16,P003936,5.0,Chennai
R003937,D0063,C01914,V0033,2024-03-18 00:46:00,2024-03-18 01:04:00,2.93,75.16,P003937,5.0,Delhi
R003938,D0127,C01489,V0123,2024-01-14 23:51:00,2024-01-15 00:15:00,4.61,105.32,P003938,5.0,Kolkata
R003939,D0204,C01298,V0191,2024-12-15 19:04:00,2024-12-15 19:15:00,2.91,84.92,P003939,4.5,Mumbai
R003940,D0285,C00859,V0054,2024-06-08 18:40:00,2024-06-08 18:55:00,1.88,62.56,P003940,4.8,Chennai
R003941,D0158,C00317,V0266,2025-04-16 20:55:00,2025-04-16 21:19:00,6.51,118.12,P003941,4.5,Chennai
R003942,D0092,C00102,V0196,2024-12-04 21:06:00,2024-12-04 21:25:00,2.16,65.92,P003942,4.2,Bangalore
R003943,D0224,C00452,V0019,2024-05-04 01:45:00,2024-05-04 02:08:00,6.76,121.12,P003943,4.6,Ahmedabad
R003944,D0083,C01456,V0149,2024-05-22 06:58:00,2024-05-22 07:41:00,12.07,184.84,P003944,4.3,Hyderabad
R003945,D0012,C01920,V0075,2024-03-24 05:05:00,2024-03-24 05:53:00,11.25,115.0,P003945,4.8,Delhi
R003946,D0045,C01651,V0195,2024-04-03 00:27:00,2024-04-03 00:42:00,3.8,55.4,P003946,5.0,Chennai
R003947,D0215,C01437,V0188,2024-08-26 06:03:00,2024-08-26 06:13:00,2.1,41.8,P003947,4.4,Mumbai
R003948,D0234,C00003,V0158,2024-03-22 12:20:00,2024-03-22 12:23:00,1.29,35.32,P003948,4.2,Delhi
R003949,D0217,C01974,V0289,2025-06-26 06:30:00,2025-06-26 06:58:00,6.66,119.92,P003949,5.0,Kolkata
R003950,D0108,C01271,V0105,2024-07-21 22:31:00,2024-07-21 23:24:00,10.77,84.62,P003950,4.1,Delhi
R003951,D0204,C01652,V0191,2024-07-09 15:18:00,2024-07-09 15:41:00,5.33,103.96,P003951,4.7,Mumbai
R003952,D0006,C01253,V0277,2024-03-03 14:11:00,2024-03-03 14:32:00,1.5,47.0,P003952,4.5,Pune
R003953,D0064,C01362,V0296,2025-06-03 00:05:00,2025-06-03 00:35:00,7.31,63.86,P003953,4.8,Chennai
R003954,D0231,C00794,V0107,2024-06-29 06:16:00,2024-06-29 07:05:00,14.93,219.16,P003954,4.5,Kolkata
R003955,D0135,C01826,V0146,2024-05-27 17:36:00,2024-05-27 18:11:00,6.84,79.72,P003955,4.3,Kolkata
R003956,D0055,C01607,V0237,2024-07-12 22:07:00,2024-07-12 22:28:00,3.97,87.64,P003956,4.3,Chennai
R003957,D0080,C01751,V0165,2024-03-18 06:11:00,2024-03-18 06:34:00,6.09,56.54,P003957,4.8,Kolkata
R003958,D0149,C00492,V0192,2024-11-25 07:10:00,2024-11-25 07:18:00,1.71,30.26,P003958,5.0,Ahmedabad
R003959,D0006,C00805,V0277,2025-02-08 20:53:00,2025-02-08 21:04:00,1.12,33.96,P003959,4.9,Pune
R003960,D0141,C00101,V0240,2024-10-30 19:26:00,2024-10-30 19:38:00,3.46,81.52,P003960,4.4,Ahmedabad
R003961,D0021,C01166,V0241,2025-06-02 20:18:00,2025-06-02 20:39:00,5.79,109.48,P003961,4.5,Mumbai
R003962,D0256,C00338,V0211,2024-08-11 13:16:00,2024-08-11 13:49:00,8.88,73.28,P003962,5.0,Chennai
R003963,D0040,C00785,V0294,2024-12-19 23:15:00,2024-12-19 23:40:00,6.31,115.72,P003963,4.8,Bangalore
R003964,D0099,C01001,V0260,2025-06-27 00:41:00,2025-06-27 00:51:00,1.13,44.04,P003964,4.6,Bangalore
R003965,D0261,C00817,V0214,2024-09-14 09:48:00,2024-09-14 10:05:00,3.49,40.94,P003965,4.8,Pune
R003966,D0051,C01217,V0123,2024-06-14 02:03:00,2024-06-14 02:08:00,2.73,72.76,P003966,5.0,Delhi
R003967,D0296,C00961,V0067,2024-03-05 15:22:00,2024-03-05 15:48:00,3.47,52.76,P003967,4.7,Kolkata
R003968,D0252,C01764,V0093,2024-03-02 19:48:00,2024-03-02 20:05:00,2.37,88.44,P003968,5.0,Delhi
R003969,D0155,C00250,V0272,2025-03-16 02:43:00,2025-03-16 03:02:00,2.22,33.32,P003969,4.9,Ahmedabad
R003970,D0003,C00732,V0159,2025-04-01 00:47:00,2025-04-01 00:58:00,1.94,63.28,P003970,4.6,Delhi
R003971,D0127,C00897,V0123,2024-03-31 10:37:00,2024-03-31 10:42:00,0.99,51.88,P003971,5.0,Kolkata
R003972,D0206,C01342,V0214,2025-01-05 22:43:00,2025-01-05 23:08:00,5.66,73.96,P003972,4.8,Delhi
R003973,D0193,C01851,V0157,2024-03-08 18:16:00,2024-03-08 18:28:00,2.25,43.5,P003973,4.4,Hyderabad
R003974,D0172,C01723,V0198,2024-11-22 14:22:00,2024-11-22 14:35:00,3.44,81.28,P003974,4.7,Kolkata
R003975,D0058,C00167,V0165,2025-05-06 11:31:00,2025-05-06 11:49:00,4.52,47.12,P003975,4.3,Chennai
R003976,D0148,C01623,V0095,2024-11-03 15:20:00,2024-11-03 15:42:00,3.54,41.24,P003976,4.6,Delhi
R003977,D0157,C00132,V0217,2025-07-13 23:12:00,2025-07-13 23:43:00,6.2,57.2,P003977,4.5,Delhi
R003978,D0243,C00505,V0114,2024-08-21 18:10:00,2024-08-21 18:27:00,2.64,71.68,P003978,3.9,Bangalore
R003979,D0299,C01500,V0280,2024-02-13 22:22:00,2024-02-13 22:33:00,1.97,63.64,P003979,4.2,Mumbai
R003980,D0198,C01999,V0010,2025-02-23 14:56:00,2025-02-23 15:13:00,4.42,93.04,P003980,4.0,Hyderabad
R003981,D0043,C00027,V0284,2025-04-17 10:59:00,2025-04-17 11:16:00,4.96,99.52,P003981,5.0,Hyderabad
R003982,D0075,C01940,V0067,2025-02-16 14:55:00,2025-02-16 15:07:00,1.2,34.6,P003982,4.9,Hyderabad
R003983,D0236,C00501,V0150,2025-04-20 14:09:00,2025-04-20 15:09:00,16.79,159.32,P003983,4.3,Kolkata
R003984,D0092,C01119,V0196,2024-05-25 23:48:00,2024-05-26 00:48:00,17.24,246.88,P003984,4.8,Bangalore
R003985,D0098,C01616,V0187,2025-01-29 13:01:00,2025-01-29 13:24:00,6.0,122.0,P003985,5.0,Delhi
R003986,D0259,C00911,V0239,2024-05-22 10:24:00,2024-05-22 10:53:00,4.82,97.84,P003986,4.6,Mumbai
R003987,D0246,C01071,V0079,2024-06-01 12:23:00,2024-06-01 12:34:00,2.29,43.32,P003987,5.0,Mumbai
R003988,D0274,C01983,V0024,2024-01-15 13:50:00,2024-01-15 14:19:00,6.0,112.0,P003988,4.9,Kolkata
R003989,D0270,C01577,V0127,2024-06-25 04:37:00,2024-06-25 05:00:00,4.16,99.92,P003989,4.6,Bangalore
R003990,D0269,C00026,V0140,2024-07-07 06:06:00,2024-07-07 06:38:00,5.78,129.36,P003990,4.2,Chennai
R003991,D0134,C00744,V0287,2024-01-17 12:30:00,2024-01-17 12:49:00,4.57,104.84,P003991,4.4,Mumbai
R003992,D0289,C00189,V0187,2024-06-02 08:21:00,2024-06-02 08:45:00,6.35,126.2,P003992,4.3,Mumbai
R003993,D0086,C00715,V0024,2024-07-21 00:31:00,2024-07-21 01:00:00,5.18,102.16,P003993,5.0,Ahmedabad
R003994,D0003,C00656,V0159,2025-02-05 05:19:00,2025-02-05 05:50:00,6.83,121.96,P003994,4.5,Delhi
R003995,D0059,C01756,V0187,2025-07-16 08:14:00,2025-07-16 08:27:00,5.18,102.16,P003995,4.2,Ahmedabad
R003996,D0212,C01066,V0161,2024-07-13 15:38:00,2024-07-13 15:58:00,4.17,45.02,P003996,5.0,Mumbai
R003997,D0002,C01966,V0119,2025-05-26 13:27:00,2025-05-26 13:43:00,3.7,62.2,P003997,4.8,Delhi
R003998,D0158,C01092,V0266,2024-06-12 15:42:00,2024-06-12 16:28:00,13.61,203.32,P003998,5.0,Chennai
R003999,D0211,C00250,V0150,2024-03-02 11:06:00,2024-03-02 11:27:00,2.87,47.96,P003999,4.6,Bangalore
R004000,D0002,C01330,V0119,2024-03-09 10:45:00,2024-03-09 10:54:00,1.18,27.08,P004000,4.9,Delhi
R004001,D0049,C01576,V0057,2025-05-03 19:18:00,2025-05-03 19:35:00,1.53,37.24,P004001,4.9,Chennai
R004002,D0005,C00041,V0047,2024-05-24 07:33:00,2024-05-24 07:57:00,6.1,73.8,P004002,4.4,Pune
R004003,D0208,C00714,V0024,2025-05-21 06:26:00,2025-05-21 07:01:00,6.76,131.12,P004003,5.0,Hyderabad
R004004,D0209,C00041,V0239,2025-05-17 00:19:00,2025-05-17 00:34:00,3.26,89.12,P004004,4.7,Mumbai
R004005,D0046,C00403,V0271,2024-06-11 10:40:00,2024-06-11 10:57:00,3.91,96.92,P004005,4.7,Delhi
R004006,D0175,C00979,V0202,2024-11-14 21:39:00,2024-11-14 22:18:00,9.73,156.76,P004006,5.0,Bangalore
R004007,D0078,C00861,V0047,2025-03-15 19:07:00,2025-03-15 19:28:00,3.49,72.92,P004007,4.3,Bangalore
R004008,D0217,C00996,V0289,2024-05-12 16:18:00,2024-05-12 17:01:00,11.93,193.16,P004008,4.2,Kolkata
R004009,D0028,C01932,V0240,2024-12-15 23:23:00,2024-12-15 23:26:00,1.41,56.92,P004009,4.5,Bangalore
R004010,D0121,C01991,V0192,2024-05-11 11:36:00,2024-05-11 11:41:00,3.01,38.06,P004010,4.6,Kolkata
R004011,D0282,C01449,V0148,2025-04-29 02:01:00,2025-04-29 02:24:00,4.23,90.76,P004011,5.0,Hyderabad
R004012,D0002,C00238,V0119,2025-04-02 11:26:00,2025-04-02 11:37:00,1.29,27.74,P004012,5.0,Delhi
R004013,D0184,C00905,V0077,2024-09-09 06:20:00,2024-09-09 06:34:00,2.03,84.36,P004013,4.9,Hyderabad
R004014,D0292,C01286,V0194,2024-08-27 10:40:00,2024-08-27 11:03:00,5.08,100.96,P004014,4.4,Hyderabad
R004015,D0016,C01915,V0285,2025-05-02 08:35:00,2025-05-02 08:56:00,4.48,103.76,P004015,4.4,Delhi
R004016,D0268,C00214,V0271,2024-12-14 18:50:00,2024-12-14 19:02:00,3.16,77.92,P004016,4.7,Mumbai
R004017,D0087,C00600,V0219,2024-12-05 22:12:00,2024-12-05 22:39:00,9.16,159.92,P004017,3.9,Hyderabad
R004018,D0079,C00177,V0087,2024-05-10 10:50:00,2024-05-10 11:07:00,1.77,61.24,P004018,4.8,Hyderabad
R004019,D0272,C00140,V0288,2025-08-09 07:45:00,2025-08-09 07:53:00,2.27,43.62,P004019,5.0,Hyderabad
R004020,D0229,C00391,V0266,2024-08-30 07:31:00,2024-08-30 08:01:00,6.81,131.72,P004020,4.5,Bangalore
R004021,D0035,C01541,V0027,2025-07-30 15:56:00,2025-07-30 16:30:00,7.26,127.12,P004021,4.8,Ahmedabad
R004022,D0172,C01090,V0198,2024-01-20 10:32:00,2024-01-20 11:05:00,8.17,138.04,P004022,4.4,Kolkata
R004023,D0207,C01085,V0110,2024-04-07 12:48:00,2024-04-07 13:18:00,6.93,123.16,P004023,5.0,Pune
R004024,D0010,C00306,V0097,2024-05-31 19:20:00,2024-05-31 19:44:00,7.58,130.96,P004024,4.7,Delhi
R004025,D0214,C00155,V0186,2024-03-24 16:31:00,2024-03-24 16:47:00,3.76,85.12,P004025,4.2,Pune
R004026,D0018,C00180,V0057,2025-04-18 19:57:00,2025-04-18 20:26:00,5.56,69.48,P004026,4.0,Hyderabad
R004027,D0118,C00404,V0253,2024-09-29 02:28:00,2024-09-29 03:10:00,12.11,92.66,P004027,4.5,Kolkata
R004028,D0176,C00860,V0141,2025-02-02 06:50:00,2025-02-02 07:02:00,2.6,35.6,P004028,4.7,Pune
R004029,D0111,C01519,V0154,2024-10-09 22:09:00,2024-10-09 22:16:00,1.95,31.7,P004029,5.0,Ahmedabad
R004030,D0071,C01551,V0263,2025-01-07 01:30:00,2025-01-07 01:51:00,4.03,44.18,P004030,4.9,Pune
R004031,D0143,C01691,V0084,2024-09-09 07:40:00,2024-09-09 07:56:00,1.85,62.2,P004031,4.1,Chennai
R004032,D0067,C01405,V0199,2024-01-04 10:22:00,2024-01-04 10:38:00,3.02,76.24,P004032,4.7,Mumbai
R004033,D0160,C00725,V0102,2025-05-09 17:09:00,2025-05-09 18:12:00,16.54,157.32,P004033,4.9,Chennai
R004034,D0219,C01328,V0063,2024-10-06 10:31:00,2024-10-06 11:04:00,7.84,87.72,P004034,4.2,Ahmedabad
R004035,D0242,C01333,V0221,2024-11-17 19:56:00,2024-11-17 20:15:00,4.79,97.48,P004035,4.3,Ahmedabad
R004036,D0101,C00474,V0274,2025-07-03 06:52:00,2025-07-03 07:12:00,2.07,64.84,P004036,4.2,Chennai
R004037,D0214,C00605,V0186,2024-07-11 19:38:00,2024-07-11 19:48:00,1.12,63.44,P004037,4.6,Pune
R004038,D0165,C01543,V0010,2024-05-03 09:46:00,2024-05-03 10:02:00,4.26,91.12,P004038,4.5,Delhi
R004039,D0226,C01893,V0183,2024-03-03 23:56:00,2024-03-04 00:12:00,3.64,83.68,P004039,5.0,Ahmedabad
R004040,D0039,C00980,V0072,2024-07-18 16:51:00,2024-07-18 16:56:00,1.51,29.06,P004040,4.0,Delhi
R004041,D0066,C01292,V0234,2025-05-31 09:15:00,2025-05-31 09:34:00,2.79,73.48,P004041,4.6,Ahmedabad
R004042,D0248,C01003,V0124,2025-01-20 13:44:00,2025-01-20 14:07:00,6.72,140.64,P004042,4.4,Kolkata
R004043,D0036,C00128,V0002,2024-01-12 09:16:00,2024-01-12 09:48:00,6.07,112.84,P004043,4.8,Chennai
R004044,D0207,C01495,V0110,2024-07-28 04:18:00,2024-07-28 05:45:00,27.75,373.0,P004044,4.5,Pune
R004045,D0115,C00256,V0049,2024-01-26 00:41:00,2024-01-26 00:53:00,3.7,42.2,P004045,4.2,Bangalore
R004046,D0222,C00818,V0051,2025-03-07 02:23:00,2025-03-07 02:40:00,3.83,85.96,P004046,4.3,Chennai
R004047,D0116,C01268,V0057,2025-04-21 04:28:00,2025-04-21 04:43:00,3.05,49.4,P004047,4.5,Bangalore
R004048,D0071,C00690,V0263,2025-01-26 17:10:00,2025-01-26 17:30:00,4.19,45.14,P004048,4.8,Pune
R004049,D0205,C00811,V0166,2025-03-30 10:06:00,2025-03-30 10:17:00,1.24,54.88,P004049,4.6,Bangalore
R004050,D0206,C01818,V0214,2024-10-07 14:17:00,2024-10-07 14:45:00,3.34,40.04,P004050,4.6,Delhi
R004051,D0083,C00085,V0149,2024-07-21 22:38:00,2024-07-21 23:09:00,5.08,100.96,P004051,4.9,Hyderabad
R004052,D0168,C01037,V0007,2025-04-09 09:10:00,2025-04-09 10:14:00,19.75,138.5,P004052,4.8,Ahmedabad
R004053,D0165,C00994,V0010,2025-08-23 04:20:00,2025-08-23 04:52:00,4.62,95.44,P004053,3.8,Delhi
R004054,D0122,C00320,V0273,2024-01-18 03:03:00,2024-01-18 03:12:00,1.84,31.04,P004054,5.0,Pune
R004055,D0264,C00558,V0097,2024-11-30 17:30:00,2024-11-30 18:08:00,8.44,141.28,P004055,4.5,Mumbai
R004056,D0276,C00194,V0012,2025-01-12 04:20:00,2025-01-12 04:30:00,1.02,52.24,P004056,4.0,Chennai
R004057,D0072,C01713,V0184,2025-01-19 17:01:00,2025-01-19 17:19:00,4.02,88.24,P004057,4.4,Mumbai
R004058,D0183,C01961,V0231,2025-03-20 20:20:00,2025-03-20 21:06:00,12.7,96.2,P004058,4.3,Bangalore
R004059,D0235,C01541,V0044,2025-02-09 05:20:00,2025-02-09 05:49:00,6.93,133.16,P004059,5.0,Ahmedabad
R004060,D0052,C00167,V0059,2024-02-05 20:18:00,2024-02-05 20:55:00,9.82,177.84,P004060,3.8,Chennai
R004061,D0208,C00781,V0024,2024-11-27 18:48:00,2024-11-27 19:05:00,2.2,76.4,P004061,4.2,Hyderabad
R004062,D0007,C00194,V0031,2025-08-05 01:56:00,2025-08-05 02:06:00,1.29,37.74,P004062,4.2,Ahmedabad
R004063,D0086,C01772,V0024,2025-06-07 01:46:00,2025-06-07 02:40:00,14.78,217.36,P004063,4.3,Ahmedabad
R004064,D0136,C00495,V0081,2024-05-15 15:04:00,2024-05-15 15:46:00,11.9,130.2,P004064,4.9,Mumbai
R004065,D0145,C01558,V0195,2024-03-10 04:09:00,2024-03-10 04:17:00,0.94,32.52,P004065,4.6,Pune
R004066,D0156,C01126,V0033,2024-04-14 16:10:00,2024-04-14 16:31:00,5.76,109.12,P004066,4.4,Delhi
R004067,D0271,C01774,V0166,2024-08-28 02:48:00,2024-08-28 03:09:00,4.86,98.32,P004067,4.7,Mumbai
R004068,D0004,C00028,V0096,2025-01-03 11:21:00,2025-01-03 12:04:00,12.44,189.28,P004068,4.3,Pune
R004069,D0234,C00099,V0158,2024-03-24 13:21:00,2024-03-24 13:31:00,2.67,46.36,P004069,4.3,Delhi
R004070,D0019,C01430,V0250,2024-03-12 15:25:00,2024-03-12 15:33:00,1.4,56.8,P004070,4.5,Chennai
R004071,D0220,C00829,V0088,2025-07-12 01:33:00,2025-07-12 01:56:00,2.05,51.4,P004071,4.1,Bangalore
R004072,D0204,C01090,V0191,2025-03-02 20:50:00,2025-03-02 21:02:00,1.55,58.6,P004072,4.0,Mumbai
R004073,D0140,C00001,V0051,2025-02-09 22:09:00,2025-02-09 22:44:00,6.46,117.52,P004073,3.9,Ahmedabad
R004074,D0106,C01439,V0090,2025-07-15 02:52:00,2025-07-15 03:15:00,5.28,103.36,P004074,4.3,Kolkata
R004075,D0203,C01805,V0233,2024-07-31 14:10:00,2024-07-31 14:34:00,2.51,70.12,P004075,4.7,Pune
R004076,D0242,C00233,V0221,2024-04-28 08:14:00,2024-04-28 08:34:00,2.82,73.84,P004076,5.0,Ahmedabad
R004077,D0217,C01914,V0289,2024-09-02 01:41:00,2024-09-02 01:53:00,2.9,74.8,P004077,5.0,Kolkata
R004078,D0110,C01466,V0289,2025-07-25 00:03:00,2025-07-25 00:29:00,5.43,105.16,P004078,4.1,Hyderabad
R004079,D0017,C00532,V0170,2024-08-18 15:02:00,2024-08-18 15:18:00,2.39,34.34,P004079,4.1,Mumbai
R004080,D0245,C01301,V0172,2024-02-13 07:48:00,2024-02-13 08:15:00,5.66,107.92,P004080,4.6,Bangalore
R004081,D0256,C01913,V0211,2024-08-26 04:55:00,2024-08-26 05:22:00,8.07,68.42,P004081,5.0,Chennai
R004082,D0180,C01124,V0172,2024-05-20 16:20:00,2024-05-20 16:57:00,11.18,174.16,P004082,5.0,Pune
R004083,D0090,C01841,V0234,2024-11-26 12:48:00,2024-11-26 13:31:00,11.81,181.72,P004083,4.2,Bangalore
R004084,D0102,C01633,V0094,2025-02-09 00:32:00,2025-02-09 00:50:00,5.81,71.48,P004084,4.5,Chennai
R004085,D0142,C01824,V0264,2024-10-23 15:01:00,2024-10-23 15:10:00,1.48,28.88,P004085,4.2,Hyderabad
R004086,D0065,C00371,V0025,2025-02-28 17:04:00,2025-02-28 17:46:00,10.09,80.54,P004086,4.3,Mumbai
R004087,D0053,C01749,V0112,2024-02-11 06:37:00,2024-02-11 06:51:00,1.81,61.72,P004087,4.7,Bangalore
R004088,D0076,C01391,V0230,2024-02-06 06:14:00,2024-02-06 06:38:00,3.38,80.56,P004088,4.5,Bangalore
R004089,D0214,C00531,V0186,2025-08-19 15:00:00,2025-08-19 15:14:00,1.49,67.88,P004089,4.8,Pune
R004090,D0135,C00119,V0146,2024-12-23 22:05:00,2024-12-23 22:11:00,1.4,36.2,P004090,4.6,Kolkata
R004091,D0218,C01389,V0221,2025-08-18 11:32:00,2025-08-18 11:54:00,5.66,107.92,P004091,4.3,Bangalore
R004092,D0182,C00680,V0120,2024-06-17 12:13:00,2024-06-17 12:21:00,4.74,62.92,P004092,4.7,Chennai
R004093,D0143,C00701,V0084,2024-06-04 17:00:00,2024-06-04 17:12:00,3.18,78.16,P004093,4.2,Chennai
R004094,D0202,C00346,V0043,2024-10-15 08:35:00,2024-10-15 08:59:00,5.61,53.66,P004094,5.0,Hyderabad
R004095,D0084,C01625,V0261,2025-01-18 16:24:00,2025-01-18 16:50:00,6.75,89.0,P004095,4.1,Chennai
R004096,D0020,C01269,V0227,2024-06-12 06:48:00,2024-06-12 07:25:00,12.13,185.56,P004096,4.1,Hyderabad
R004097,D0159,C01589,V0080,2024-09-19 10:12:00,2024-09-19 10:30:00,3.21,70.68,P004097,4.5,Bangalore
R004098,D0201,C00995,V0211,2024-11-30 08:25:00,2024-11-30 09:10:00,9.12,74.72,P004098,5.0,Bangalore
R004099,D0027,C00083,V0126,2024-05-02 20:18:00,2024-05-02 20:34:00,3.61,41.66,P004099,4.0,Ahmedabad
R004100,D0194,C01322,V0057,2025-04-07 00:28:00,2025-04-07 00:59:00,7.11,81.88,P004100,3.8,Delhi
R004101,D0054,C00649,V0283,2025-06-08 12:13:00,2025-06-08 12:31:00,4.98,99.76,P004101,4.6,Mumbai
R004102,D0046,C01992,V0271,2024-07-08 03:02:00,2024-07-08 03:07:00,2.4,68.8,P004102,4.8,Delhi
R004103,D0199,C01747,V0282,2025-01-31 03:47:00,2025-01-31 03:55:00,2.14,65.68,P004103,4.4,Chennai
R004104,D0146,C01146,V0269,2024-07-29 06:48:00,2024-07-29 07:15:00,5.05,100.6,P004104,4.5,Kolkata
R004105,D0296,C00188,V0067,2025-08-06 23:47:00,2025-08-07 00:25:00,5.53,69.24,P004105,5.0,Kolkata
R004106,D0175,C01354,V0202,2024-11-01 22:43:00,2024-11-01 23:12:00,4.61,95.32,P004106,3.5,Bangalore
R004107,D0297,C00925,V0282,2024-08-07 18:52:00,2024-08-07 19:22:00,7.46,129.52,P004107,4.6,Bangalore
R004108,D0147,C01097,V0153,2024-11-06 11:29:00,2024-11-06 11:44:00,3.77,42.62,P004108,4.7,Ahmedabad
R004109,D0110,C01246,V0289,2024-02-25 20:40:00,2024-02-25 20:48:00,1.35,56.2,P004109,5.0,Hyderabad
R004110,D0062,C00629,V0241,2024-08-23 18:56:00,2024-08-23 19:08:00,2.75,93.0,P004110,4.6,Hyderabad
R004111,D0115,C00436,V0049,2024-09-15 06:32:00,2024-09-15 06:47:00,1.57,29.42,P004111,4.4,Bangalore
R004112,D0293,C01659,V0198,2024-01-25 09:00:00,2024-01-25 09:34:00,8.41,140.92,P004112,5.0,Hyderabad
R004113,D0234,C01479,V0158,2024-08-09 05:55:00,2024-08-09 06:46:00,12.05,121.4,P004113,4.2,Delhi
R004114,D0268,C00741,V0271,2024-12-07 06:31:00,2024-12-07 06:54:00,2.24,66.88,P004114,4.5,Mumbai
R004115,D0101,C01536,V0274,2025-02-01 23:20:00,2025-02-01 23:58:00,8.86,146.32,P004115,4.2,Chennai
R004116,D0207,C00215,V0110,2025-04-13 12:38:00,2025-04-13 13:04:00,5.57,126.84,P004116,4.7,Pune
R004117,D0128,C01608,V0218,2024-06-18 15:30:00,2024-06-18 15:44:00,1.58,58.96,P004117,4.6,Bangalore
R004118,D0160,C01760,V0102,2025-07-28 19:18:00,2025-07-28 19:38:00,4.3,59.4,P004118,4.2,Chennai
R004119,D0288,C01997,V0214,2024-09-11 02:39:00,2024-09-11 02:57:00,3.77,42.62,P004119,4.6,Kolkata
R004120,D0038,C01516,V0099,2024-04-19 00:54:00,2024-04-19 01:13:00,5.9,55.4,P004120,5.0,Bangalore
R004121,D0101,C00154,V0274,2024-02-01 19:03:00,2024-02-01 19:19:00,1.65,59.8,P004121,4.6,Chennai
R004122,D0067,C00196,V0199,2024-01-12 08:59:00,2024-01-12 09:33:00,6.98,123.76,P004122,4.2,Mumbai
R004123,D0084,C00753,V0261,2024-01-01 09:28:00,2024-01-01 09:50:00,2.15,42.2,P004123,4.7,Chennai
R004124,D0217,C00148,V0289,2025-01-25 23:36:00,2025-01-25 23:54:00,6.05,112.6,P004124,4.7,Kolkata
R004125,D0180,C00451,V0172,2024-06-12 03:03:00,2024-06-12 03:18:00,1.45,57.4,P004125,4.9,Pune
R004126,D0012,C00382,V0075,2025-01-11 06:41:00,2025-01-11 07:11:00,9.15,98.2,P004126,4.3,Delhi
R004127,D0060,C00869,V0084,2024-07-14 13:47:00,2024-07-14 14:06:00,2.59,71.08,P004127,4.5,Hyderabad
R004128,D0170,C01097,V0132,2025-01-16 02:17:00,2025-01-16 02:33:00,2.29,67.48,P004128,4.7,Ahmedabad
R004129,D0300,C01622,V0271,2025-03-03 20:01:00,2025-03-03 20:25:00,1.39,56.68,P004129,4.9,Pune
R004130,D0136,C01578,V0081,2024-10-31 01:57:00,2024-10-31 02:18:00,4.18,58.44,P004130,5.0,Mumbai
R004131,D0080,C01798,V0165,2024-05-02 09:09:00,2024-05-02 09:49:00,10.86,85.16,P004131,4.4,Kolkata
R004132,D0001,C00202,V0080,2024-09-26 14:59:00,2024-09-26 15:10:00,2.23,42.84,P004132,4.5,Bangalore
R004133,D0091,C01946,V0293,2024-07-28 03:58:00,2024-07-28 04:32:00,8.02,136.24,P004133,5.0,Bangalore
R004134,D0111,C00902,V0154,2024-02-01 15:11:00,2024-02-01 15:51:00,6.47,58.82,P004134,4.4,Ahmedabad
R004135,D0035,C00376,V0027,2024-01-15 03:05:00,2024-01-15 03:49:00,11.79,181.48,P004135,4.4,Ahmedabad
R004136,D0156,C00927,V0033,2024-08-28 14:55:00,2024-08-28 15:02:00,1.72,60.64,P004136,4.8,Delhi
R004137,D0017,C01084,V0170,2025-08-16 22:35:00,2025-08-16 23:14:00,12.22,103.32,P004137,4.6,Mumbai
R004138,D0004,C00120,V0096,2024-10-06 08:01:00,2024-10-06 08:46:00,10.19,162.28,P004138,4.7,Pune
R004139,D0024,C01091,V0091,2025-07-30 15:04:00,2025-07-30 15:35:00,8.98,167.76,P004139,5.0,Ahmedabad
R004140,D0182,C01287,V0120,2024-06-05 06:04:00,2024-06-05 06:21:00,6.83,79.64,P004140,4.5,Chennai
R004141,D0175,C00446,V0202,2025-02-11 21:24:00,2025-02-11 21:28:00,1.23,54.76,P004141,4.7,Bangalore
R004142,D0180,C00418,V0172,2024-01-31 01:31:00,2024-01-31 01:46:00,1.09,53.08,P004142,4.7,Pune
R004143,D0094,C00841,V0113,2025-03-18 14:26:00,2025-03-18 14:45:00,5.15,66.2,P004143,4.8,Chennai
R004144,D0004,C01044,V0096,2024-06-28 00:36:00,2024-06-28 00:55:00,2.85,84.2,P004144,4.8,Pune
R004145,D0295,C01621,V0002,2024-02-15 21:04:00,2024-02-15 21:16:00,3.31,89.72,P004145,5.0,Kolkata
R004146,D0027,C00392,V0126,2024-10-14 22:18:00,2024-10-14 23:06:00,12.82,96.92,P004146,4.8,Ahmedabad
R004147,D0186,C01047,V0257,2025-05-05 06:51:00,2025-05-05 06:57:00,0.89,32.12,P004147,3.8,Bangalore
R004148,D0278,C00795,V0214,2024-09-30 00:42:00,2024-09-30 01:01:00,2.37,34.22,P004148,4.4,Kolkata
R004149,D0140,C00044,V0051,2024-10-05 06:15:00,2024-10-05 06:37:00,7.41,138.92,P004149,4.8,Ahmedabad
R004150,D0209,C00485,V0239,2025-04-03 00:41:00,2025-04-03 00:54:00,1.01,52.12,P004150,4.7,Mumbai
R004151,D0022,C00293,V0284,2024-02-15 18:53:00,2024-02-15 19:08:00,4.55,94.6,P004151,4.0,Bangalore
R004152,D0135,C01780,V0146,2025-03-21 17:44:00,2025-03-21 18:11:00,5.07,75.56,P004152,4.2,Kolkata
R004153,D0225,C01471,V0106,2025-05-15 07:45:00,2025-05-15 07:51:00,0.98,32.84,P004153,4.0,Kolkata
R004154,D0129,C00842,V0300,2024-02-18 09:23:00,2024-02-18 09:41:00,2.53,70.36,P004154,4.3,Mumbai
R004155,D0005,C00182,V0047,2024-03-31 19:23:00,2024-03-31 19:38:00,2.29,43.32,P004155,4.8,Pune
R004156,D0101,C01457,V0274,2025-04-12 15:34:00,2025-04-12 16:14:00,8.77,145.24,P004156,4.6,Chennai
R004157,D0124,C01015,V0088,2024-06-16 11:42:00,2024-06-16 12:06:00,6.86,79.88,P004157,4.7,Hyderabad
R004158,D0153,C01751,V0279,2025-01-15 23:35:00,2025-01-15 23:48:00,2.15,65.8,P004158,4.9,Kolkata
R004159,D0106,C00632,V0090,2025-07-07 04:20:00,2025-07-07 05:00:00,11.97,193.64,P004159,4.9,Kolkata
R004160,D0032,C01535,V0015,2024-12-21 13:11:00,2024-12-21 13:38:00,5.04,65.32,P004160,5.0,Bangalore
R004161,D0229,C00010,V0266,2025-08-17 12:23:00,2025-08-17 12:45:00,5.87,110.44,P004161,4.4,Bangalore
R004162,D0149,C01376,V0192,2025-04-23 11:49:00,2025-04-23 12:03:00,2.52,35.12,P004162,4.3,Ahmedabad
R004163,D0271,C00414,V0166,2024-10-26 04:52:00,2024-10-26 05:14:00,3.49,81.88,P004163,4.4,Mumbai
R004164,D0018,C01238,V0057,2025-05-21 21:34:00,2025-05-21 21:55:00,1.89,40.12,P004164,4.1,Hyderabad
R004165,D0217,C01399,V0289,2025-02-21 11:27:00,2025-02-21 12:08:00,13.51,202.12,P004165,5.0,Kolkata
R004166,D0034,C01140,V0254,2024-03-29 19:16:00,2024-03-29 19:36:00,5.41,104.92,P004166,4.1,Delhi
R004167,D0156,C00745,V0033,2024-05-20 10:59:00,2024-05-20 11:24:00,6.24,114.88,P004167,5.0,Delhi
R004168,D0136,C00226,V0081,2025-01-02 20:29:00,2025-01-02 20:44:00,3.52,53.16,P004168,4.7,Mumbai
R004169,D0203,C01798,V0233,2025-04-06 17:55:00,2025-04-06 18:08:00,4.27,91.24,P004169,4.5,Pune
R004170,D0055,C00819,V0237,2024-06-17 01:21:00,2024-06-17 01:59:00,12.46,189.52,P004170,4.5,Chennai
R004171,D0125,C00442,V0055,2025-06-02 20:09:00,2025-06-02 20:44:00,9.28,171.36,P004171,4.7,Delhi
R004172,D0152,C01341,V0015,2024-12-15 17:40:00,2024-12-15 18:28:00,15.51,159.08,P004172,4.7,Chennai
R004173,D0140,C01363,V0051,2024-06-12 18:08:00,2024-06-12 19:14:00,16.88,252.56,P004173,5.0,Ahmedabad
R004174,D0165,C01408,V0010,2024-07-29 22:25:00,2024-07-29 22:38:00,3.77,85.24,P004174,4.7,Delhi
R004175,D0220,C01801,V0088,2024-03-24 13:56:00,2024-03-24 14:25:00,5.08,85.64,P004175,4.4,Bangalore
R004176,D0095,C00362,V0047,2024-04-24 16:34:00,2024-04-24 16:58:00,4.0,67.0,P004176,4.7,Ahmedabad
R004177,D0279,C01089,V0029,2024-02-12 16:06:00,2024-02-12 16:14:00,1.29,55.48,P004177,4.9,Chennai
R004178,D0266,C01108,V0133,2025-08-12 00:16:00,2025-08-12 00:29:00,1.86,31.16,P004178,4.3,Kolkata
R004179,D0160,C00137,V0102,2025-07-17 21:10:00,2025-07-17 21:44:00,8.64,94.12,P004179,4.5,Chennai
R004180,D0122,C01592,V0273,2024-08-20 21:45:00,2024-08-20 22:02:00,3.59,51.54,P004180,4.5,Pune
R004181,D0232,C01975,V0160,2024-12-08 15:07:00,2024-12-08 15:14:00,2.02,32.12,P004181,4.7,Ahmedabad
R004182,D0199,C01320,V0282,2024-11-29 23:53:00,2024-11-30 00:22:00,6.2,114.4,P004182,5.0,Chennai
R004183,D0016,C00651,V0285,2025-01-17 17:59:00,2025-01-17 18:17:00,4.9,98.8,P004183,4.7,Delhi
R004184,D0257,C00359,V0127,2025-02-08 16:42:00,2025-02-08 16:58:00,3.0,76.0,P004184,5.0,Kolkata
R004185,D0069,C01829,V0214,2025-02-06 07:36:00,2025-02-06 07:55:00,2.08,32.48,P004185,4.4,Ahmedabad
R004186,D0094,C01813,V0113,2024-12-25 23:26:00,2024-12-25 23:38:00,2.14,42.12,P004186,4.9,Chennai
R004187,D0202,C01270,V0043,2024-04-18 07:40:00,2024-04-18 07:54:00,1.96,31.76,P004187,4.6,Hyderabad
R004188,D0157,C01321,V0217,2025-04-09 04:53:00,2025-04-09 05:41:00,11.52,99.12,P004188,4.3,Delhi
R004189,D0135,C01303,V0146,2024-07-11 22:00:00,2024-07-11 22:17:00,1.32,35.56,P004189,4.3,Kolkata
R004190,D0045,C01328,V0195,2025-05-31 03:31:00,2025-05-31 03:45:00,3.08,59.64,P004190,4.4,Chennai
R004191,D0262,C01286,V0293,2024-05-27 02:44:00,2024-05-27 02:58:00,1.89,62.68,P004191,4.7,Mumbai
R004192,D0045,C00348,V0195,2024-11-09 07:48:00,2024-11-09 08:06:00,3.9,56.2,P004192,5.0,Chennai
R004193,D0177,C00924,V0028,2025-02-19 09:52:00,2025-02-19 09:58:00,1.33,27.98,P004193,4.9,Kolkata
R004194,D0136,C00821,V0081,2024-08-02 17:40:00,2024-08-02 17:56:00,4.18,58.44,P004194,4.6,Mumbai
R004195,D0196,C00907,V0174,2024-04-08 06:01:00,2024-04-08 06:24:00,3.71,94.52,P004195,4.9,Pune
R004196,D0044,C00022,V0170,2024-01-17 00:18:00,2024-01-17 01:05:00,13.53,101.18,P004196,4.8,Ahmedabad
R004197,D0111,C00814,V0154,2024-05-03 06:11:00,2024-05-03 06:51:00,10.9,85.4,P004197,4.5,Ahmedabad
R004198,D0194,C01891,V0057,2024-03-14 02:16:00,2024-03-14 02:35:00,3.59,73.72,P004198,4.4,Delhi
R004199,D0186,C00681,V0257,2025-04-08 03:27:00,2025-04-08 03:44:00,2.57,45.56,P004199,4.7,Bangalore
R004200,D0253,C01497,V0158,2025-01-01 21:25:00,2025-01-01 21:32:00,4.32,79.56,P004200,4.9,Ahmedabad
R004201,D0164,C00252,V0146,2024-01-11 22:38:00,2024-01-11 23:03:00,5.54,69.32,P004201,5.0,Kolkata
R004202,D0073,C01151,V0238,2024-11-03 10:24:00,2024-11-03 10:44:00,3.45,52.6,P004202,4.3,Kolkata
R004203,D0164,C00782,V0146,2025-01-18 06:19:00,2025-01-18 06:28:00,1.47,36.76,P004203,5.0,Kolkata
R004204,D0021,C00981,V0241,2025-03-14 19:37:00,2025-03-14 20:04:00,8.48,141.76,P004204,4.8,Mumbai
R004205,D0071,C00741,V0263,2025-05-04 20:39:00,2025-05-04 21:27:00,15.51,113.06,P004205,4.5,Pune
R004206,D0077,C01644,V0276,2024-02-12 21:31:00,2024-02-12 21:46:00,2.47,69.64,P004206,4.4,Chennai
R004207,D0268,C01559,V0271,2024-02-02 15:20:00,2024-02-02 15:48:00,9.11,149.32,P004207,4.4,Mumbai
R004208,D0253,C00573,V0158,2024-12-25 00:16:00,2024-12-25 00:45:00,7.01,81.08,P004208,4.9,Ahmedabad
R004209,D0187,C01187,V0192,2025-04-29 12:48:00,2025-04-29 13:13:00,3.0,58.0,P004209,4.4,Delhi
R004210,D0224,C01592,V0019,2025-07-05 03:27:00,2025-07-05 03:46:00,1.58,58.96,P004210,4.6,Ahmedabad
R004211,D0060,C00557,V0084,2024-12-25 21:31:00,2024-12-25 22:00:00,5.77,109.24,P004211,4.9,Hyderabad
R004212,D0270,C01857,V0127,2024-01-28 12:02:00,2024-01-28 12:16:00,2.63,81.56,P004212,4.3,Bangalore
R004213,D0259,C00287,V0239,2025-05-14 02:30:00,2025-05-14 02:46:00,4.42,93.04,P004213,5.0,Mumbai
R004214,D0169,C01531,V0019,2024-09-15 17:05:00,2024-09-15 17:29:00,3.66,93.92,P004214,4.9,Pune
R004215,D0286,C01833,V0092,2024-03-25 07:46:00,2024-03-25 08:04:00,3.29,51.32,P004215,4.5,Pune
R004216,D0143,C00084,V0084,2024-04-06 14:24:00,2024-04-06 15:04:00,9.04,148.48,P004216,4.2,Chennai
R004217,D0149,C01253,V0192,2024-12-11 07:38:00,2024-12-11 07:57:00,0.99,25.94,P004217,4.7,Ahmedabad
R004218,D0163,C01424,V0286,2025-04-25 01:20:00,2025-04-25 01:29:00,3.96,53.76,P004218,4.8,Chennai
R004219,D0133,C01584,V0080,2024-11-13 17:49:00,2024-11-13 18:19:00,5.73,70.84,P004219,4.2,Pune
R004220,D0091,C01701,V0293,2025-04-07 06:39:00,2025-04-07 06:59:00,6.51,118.12,P004220,4.4,Bangalore
R004221,D0086,C00436,V0024,2025-02-24 03:00:00,2025-02-24 03:29:00,5.12,101.44,P004221,5.0,Ahmedabad
R004222,D0295,C01692,V0002,2024-05-11 18:55:00,2024-05-11 19:27:00,9.56,154.72,P004222,4.7,Kolkata
R004223,D0250,C01790,V0028,2024-01-29 16:28:00,2024-01-29 16:43:00,2.97,37.82,P004223,4.1,Chennai
R004224,D0065,C00034,V0025,2024-03-11 16:11:00,2024-03-11 16:23:00,2.25,43.5,P004224,4.1,Mumbai
R004225,D0288,C00988,V0214,2025-04-19 08:44:00,2025-04-19 08:54:00,1.13,46.78,P004225,4.7,Kolkata
R004226,D0096,C01656,V0145,2025-08-01 12:51:00,2025-08-01 13:25:00,9.54,154.48,P004226,4.6,Delhi
R004227,D0234,C01120,V0158,2025-07-02 20:46:00,2025-07-02 20:52:00,2.09,41.72,P004227,5.0,Delhi
R004228,D0201,C01971,V0211,2024-02-19 08:37:00,2024-02-19 09:01:00,2.42,34.52,P004228,4.8,Bangalore
R004229,D0007,C01341,V0031,2024-04-30 22:33:00,2024-04-30 22:45:00,1.47,28.82,P004229,4.2,Ahmedabad
R004230,D0162,C00568,V0020,2025-05-17 05:57:00,2025-05-17 06:22:00,7.06,124.72,P004230,4.4,Mumbai
R004231,D0190,C01004,V0066,2025-04-07 09:54:00,2025-04-07 10:04:00,3.04,38.24,P004231,4.6,Mumbai
R004232,D0150,C01451,V0102,2024-06-15 01:18:00,2024-06-15 01:22:00,0.76,31.08,P004232,4.0,Delhi
R004233,D0031,C00748,V0263,2024-12-05 13:07:00,2024-12-05 13:26:00,2.53,35.18,P004233,4.3,Mumbai
R004234,D0069,C00787,V0214,2024-06-07 02:12:00,2024-06-07 02:25:00,2.24,33.44,P004234,3.9,Ahmedabad
R004235,D0171,C00835,V0263,2025-05-08 15:15:00,2025-05-08 15:19:00,1.51,29.06,P004235,4.9,Mumbai
R004236,D0267,C01870,V0115,2024-01-06 12:49:00,2024-01-06 12:58:00,2.97,48.76,P004236,4.9,Ahmedabad
R004237,D0240,C01547,V0011,2024-06-29 12:02:00,2024-06-29 12:33:00,4.63,62.04,P004237,4.7,Pune
R004238,D0253,C00711,V0158,2024-11-05 05:14:00,2024-11-05 05:44:00,10.68,110.44,P004238,4.5,Ahmedabad
R004239,D0267,C00951,V0115,2024-12-14 21:37:00,2024-12-14 21:52:00,2.3,43.4,P004239,4.2,Ahmedabad
R004240,D0057,C01167,V0198,2025-05-20 07:45:00,2025-05-20 08:02:00,1.99,83.88,P004240,5.0,Chennai
R004241,D0184,C00170,V0077,2025-03-31 22:58:00,2025-03-31 23:12:00,4.14,89.68,P004241,4.9,Hyderabad
R004242,D0182,C01138,V0120,2024-04-28 03:10:00,2024-04-28 03:44:00,8.72,94.76,P004242,4.4,Chennai
R004243,D0077,C01744,V0276,2024-05-22 04:47:00,2024-05-22 04:58:00,2.34,68.08,P004243,4.8,Chennai
R004244,D0009,C01084,V0058,2025-07-30 00:28:00,2025-07-30 00:44:00,4.61,67.66,P004244,5.0,Delhi
R004245,D0128,C01586,V0218,2025-05-23 11:50:00,2025-05-23 12:14:00,6.5,118.0,P004245,4.7,Bangalore
R004246,D0087,C00220,V0219,2025-03-16 00:45:00,2025-03-16 01:04:00,1.53,58.36,P004246,4.5,Hyderabad
R004247,D0001,C01423,V0080,2025-06-21 22:23:00,2025-06-21 22:26:00,1.63,48.04,P004247,4.6,Bangalore
R004248,D0131,C01354,V0148,2025-07-10 03:26:00,2025-07-10 03:49:00,5.47,105.64,P004248,4.3,Pune
R004249,D0233,C01923,V0240,2025-04-30 01:17:00,2025-04-30 01:38:00,3.63,83.56,P004249,5.0,Bangalore
R004250,D0252,C00548,V0093,2025-03-22 17:44:00,2025-03-22 18:08:00,6.93,123.16,P004250,4.8,Delhi
R004251,D0161,C00812,V0095,2025-03-08 02:04:00,2025-03-08 02:15:00,2.77,56.62,P004251,4.2,Hyderabad
R004252,D0223,C00495,V0299,2024-03-30 08:56:00,2024-03-30 09:26:00,7.23,126.76,P004252,4.6,Hyderabad
R004253,D0034,C01126,V0254,2025-01-01 15:25:00,2025-01-01 15:42:00,1.21,54.52,P004253,4.5,Delhi
R004254,D0115,C01016,V0049,2025-06-03 07:58:00,2025-06-03 08:15:00,2.95,37.7,P004254,4.2,Bangalore
R004255,D0177,C01269,V0028,2024-05-20 03:01:00,2024-05-20 03:11:00,1.92,31.52,P004255,4.8,Kolkata
R004256,D0291,C01918,V0051,2024-06-14 02:36:00,2024-06-14 03:08:00,8.85,146.2,P004256,4.0,Bangalore
R004257,D0131,C00290,V0148,2024-07-10 21:12:00,2024-07-10 21:38:00,3.92,87.04,P004257,4.3,Pune
R004258,D0116,C01971,V0057,2025-04-01 21:34:00,2025-04-01 21:41:00,2.05,41.4,P004258,4.3,Bangalore
R004259,D0056,C00974,V0068,2025-01-17 17:16:00,2025-01-17 17:35:00,3.71,54.68,P004259,4.7,Bangalore
R004260,D0299,C00314,V0280,2025-05-04 02:50:00,2025-05-04 03:24:00,7.5,130.0,P004260,4.5,Mumbai
R004261,D0193,C01794,V0157,2024-07-08 18:26:00,2024-07-08 19:14:00,11.3,87.8,P004261,4.9,Hyderabad
R004262,D0139,C00417,V0084,2024-04-28 17:02:00,2024-04-28 17:29:00,7.71,132.52,P004262,4.6,Mumbai
R004263,D0195,C01860,V0247,2024-08-25 06:09:00,2024-08-25 06:19:00,1.5,37.0,P004263,4.1,Ahmedabad
R004264,D0160,C00158,V0102,2024-11-03 04:47:00,2024-11-03 05:04:00,4.26,69.08,P004264,5.0,Chennai
R004265,D0192,C01921,V0070,2025-02-04 00:23:00,2025-02-04 00:48:00,2.8,46.8,P004265,3.9,Kolkata
R004266,D0183,C01487,V0231,2024-03-02 16:50:00,2024-03-02 17:12:00,6.25,57.5,P004266,4.6,Bangalore
R004267,D0287,C00022,V0078,2024-01-13 03:33:00,2024-01-13 03:43:00,1.89,31.34,P004267,4.8,Hyderabad
R004268,D0017,C00010,V0170,2024-09-29 18:33:00,2024-09-29 18:42:00,3.6,41.6,P004268,4.4,Mumbai
R004269,D0071,C00241,V0263,2024-01-10 09:56:00,2024-01-10 10:30:00,7.45,64.7,P004269,4.3,Pune
R004270,D0003,C00997,V0159,2024-05-20 10:58:00,2024-05-20 11:27:00,6.81,131.72,P004270,5.0,Delhi
R004271,D0036,C00372,V0002,2024-09-06 15:51:00,2024-09-06 16:01:00,2.36,68.32,P004271,4.3,Chennai
R004272,D0156,C00501,V0033,2024-08-06 06:42:00,2024-08-06 06:45:00,0.58,46.96,P004272,3.8,Delhi
R004273,D0054,C01555,V0283,2025-05-01 15:30:00,2025-05-01 15:41:00,2.83,73.96,P004273,5.0,Mumbai
R004274,D0045,C01386,V0195,2024-08-07 03:11:00,2024-08-07 04:17:00,21.69,208.52,P004274,4.7,Chennai
R004275,D0056,C00404,V0068,2025-02-01 17:40:00,2025-02-01 17:46:00,1.78,49.24,P004275,4.6,Bangalore
R004276,D0055,C00353,V0237,2025-07-08 02:09:00,2025-07-08 02:27:00,1.12,53.44,P004276,5.0,Chennai
R004277,D0144,C01497,V0105,2024-05-10 16:09:00,2024-05-10 16:17:00,1.64,29.84,P004277,5.0,Bangalore
R004278,D0014,C01041,V0071,2024-03-10 15:32:00,2024-03-10 15:40:00,1.01,52.12,P004278,4.7,Chennai
R004279,D0247,C00201,V0258,2024-03-15 18:10:00,2024-03-15 18:37:00,3.8,55.4,P004279,4.6,Pune
R004280,D0032,C00096,V0015,2024-09-09 20:48:00,2024-09-09 21:25:00,10.54,119.32,P004280,3.8,Bangalore
R004281,D0131,C00280,V0148,2025-02-27 20:23:00,2025-02-27 20:41:00,2.01,64.12,P004281,4.5,Pune
R004282,D0089,C01822,V0180,2024-08-18 08:26:00,2024-08-18 08:50:00,3.65,93.8,P004282,4.1,Hyderabad
R004283,D0201,C00043,V0211,2024-03-02 13:02:00,2024-03-02 13:29:00,8.13,68.78,P004283,4.6,Bangalore
R004284,D0039,C01886,V0072,2024-11-24 12:01:00,2024-11-24 12:21:00,2.62,55.72,P004284,4.0,Delhi
R004285,D0259,C01717,V0239,2024-07-16 21:46:00,2024-07-16 22:13:00,7.95,135.4,P004285,5.0,Mumbai
R004286,D0209,C01803,V0239,2025-01-17 12:28:00,2025-01-17 13:16:00,12.22,186.64,P004286,4.5,Mumbai
R004287,D0295,C01363,V0002,2024-08-18 23:58:00,2024-08-19 00:02:00,1.9,62.8,P004287,4.3,Kolkata
R004288,D0162,C00334,V0020,2024-05-10 15:39:00,2024-05-10 16:21:00,8.91,146.92,P004288,4.2,Mumbai
R004289,D0130,C01795,V0215,2025-06-05 13:41:00,2025-06-05 13:59:00,2.81,57.48,P004289,4.3,Hyderabad
R004290,D0285,C01180,V0054,2024-06-10 07:38:00,2024-06-10 08:01:00,4.52,94.24,P004290,4.7,Chennai
R004291,D0203,C01426,V0233,2025-06-17 09:31:00,2025-06-17 10:18:00,12.78,193.36,P004291,4.9,Pune
R004292,D0020,C01054,V0227,2024-03-17 13:38:00,2024-03-17 13:57:00,5.54,106.48,P004292,3.9,Hyderabad
R004293,D0085,C01635,V0225,2024-02-01 13:04:00,2024-02-01 13:34:00,5.77,71.16,P004293,5.0,Chennai
R004294,D0283,C00209,V0090,2025-07-29 02:45:00,2025-07-29 03:06:00,2.82,73.84,P004294,4.3,Delhi
R004295,D0298,C01492,V0294,2024-05-29 20:02:00,2024-05-29 20:17:00,3.19,78.28,P004295,4.1,Hyderabad
R004296,D0278,C00167,V0214,2025-01-13 08:25:00,2025-01-13 08:40:00,1.39,28.34,P004296,5.0,Kolkata
R004297,D0015,C00216,V0216,2024-10-14 14:41:00,2024-10-14 14:58:00,3.57,53.56,P004297,4.7,Delhi
R004298,D0065,C00443,V0025,2024-12-15 09:53:00,2024-12-15 10:14:00,7.02,62.12,P004298,4.4,Mumbai
R004299,D0097,C00111,V0288,2025-07-02 19:20:00,2025-07-02 19:27:00,2.88,47.28,P004299,4.6,Mumbai
R004300,D0193,C00967,V0157,2024-11-11 15:32:00,2024-11-11 16:03:00,8.26,69.56,P004300,5.0,Hyderabad
R004301,D0164,C01361,V0146,2025-05-14 12:48:00,2025-05-14 13:11:00,4.1,67.8,P004301,4.4,Kolkata
R004302,D0039,C01010,V0072,2025-07-27 21:38:00,2025-07-27 21:41:00,3.78,42.68,P004302,4.7,Delhi
R004303,D0071,C01089,V0263,2025-08-10 04:30:00,2025-08-10 04:44:00,1.98,31.88,P004303,4.3,Pune
R004304,D0105,C00338,V0248,2024-12-11 02:44:00,2024-12-11 03:20:00,5.44,68.52,P004304,4.6,Pune
R004305,D0048,C00775,V0054,2025-05-16 10:34:00,2025-05-16 10:41:00,3.2,78.4,P004305,3.7,Bangalore
R004306,D0145,C00419,V0195,2025-06-13 19:40:00,2025-06-13 19:50:00,3.04,49.32,P004306,4.6,Pune
R004307,D0027,C01377,V0126,2024-03-05 08:40:00,2024-03-05 08:52:00,3.36,40.16,P004307,4.7,Ahmedabad
R004308,D0190,C00076,V0066,2024-10-01 08:55:00,2024-10-01 09:30:00,5.79,54.74,P004308,4.4,Mumbai
R004309,D0117,C01675,V0021,2024-10-22 19:32:00,2024-10-22 20:04:00,8.08,136.96,P004309,5.0,Hyderabad
R004310,D0108,C01027,V0105,2024-08-21 10:59:00,2024-08-21 11:13:00,0.83,24.98,P004310,4.9,Delhi
R004311,D0109,C00746,V0152,2024-11-27 07:36:00,2024-11-27 07:48:00,1.96,40.68,P004311,3.9,Delhi
R004312,D0227,C00238,V0128,2024-07-14 11:19:00,2024-07-14 11:39:00,4.08,57.64,P004312,5.0,Bangalore
R004313,D0012,C00322,V0075,2024-07-15 10:33:00,2024-07-15 11:16:00,11.87,119.96,P004313,4.7,Delhi
R004314,D0242,C01886,V0221,2025-02-25 08:16:00,2025-02-25 08:54:00,8.89,156.68,P004314,4.2,Ahmedabad
R004315,D0291,C01317,V0051,2025-03-10 21:42:00,2025-03-10 22:16:00,7.18,126.16,P004315,4.9,Bangalore
R004316,D0201,C01711,V0211,2024-07-11 19:56:00,2024-07-11 20:11:00,6.03,56.18,P004316,5.0,Bangalore
R004317,D0165,C00293,V0010,2024-05-22 22:18:00,2024-05-22 22:51:00,5.91,110.92,P004317,4.2,Delhi
R004318,D0047,C00001,V0054,2024-07-13 21:43:00,2024-07-13 22:16:00,5.99,121.88,P004318,3.8,Chennai
R004319,D0239,C01988,V0038,2025-01-05 22:34:00,2025-01-05 22:54:00,3.59,63.72,P004319,5.0,Pune
R004320,D0154,C00366,V0064,2025-07-20 10:13:00,2025-07-20 10:41:00,5.67,118.04,P004320,4.5,Hyderabad
R004321,D0203,C01084,V0233,2025-04-18 18:33:00,2025-04-18 18:49:00,2.58,70.96,P004321,4.2,Pune
R004322,D0181,C01705,V0222,2024-06-26 03:46:00,2024-06-26 04:04:00,3.85,43.1,P004322,4.4,Bangalore
R004323,D0017,C00844,V0170,2024-10-25 20:15:00,2024-10-25 20:27:00,3.27,39.62,P004323,4.3,Mumbai
R004324,D0067,C01596,V0199,2024-07-29 19:50:00,2024-07-29 20:21:00,6.52,118.24,P004324,4.2,Mumbai
R004325,D0163,C00542,V0286,2024-12-11 05:56:00,2024-12-11 06:22:00,3.27,39.62,P004325,4.6,Chennai
R004326,D0191,C01060,V0050,2025-05-23 11:15:00,2025-05-23 11:41:00,3.15,50.2,P004326,4.0,Bangalore
R004327,D0121,C00684,V0192,2025-02-05 15:45:00,2025-02-05 16:03:00,1.47,28.82,P004327,4.3,Kolkata
R004328,D0185,C00254,V0053,2024-10-04 18:29:00,2024-10-04 18:32:00,1.41,56.28,P004328,4.0,Chennai
R004329,D0224,C00216,V0019,2025-07-04 10:09:00,2025-07-04 10:35:00,5.81,109.72,P004329,4.8,Ahmedabad
R004330,D0112,C01722,V0229,2024-09-17 19:04:00,2024-09-17 19:25:00,5.95,55.7,P004330,5.0,Kolkata
R004331,D0184,C00234,V0077,2024-09-15 03:24:00,2024-09-15 03:49:00,4.23,90.76,P004331,5.0,Hyderabad
R004332,D0090,C01354,V0234,2025-07-17 12:00:00,2025-07-17 12:21:00,4.23,90.76,P004332,4.5,Bangalore
R004333,D0131,C00011,V0148,2024-03-09 06:51:00,2024-03-09 07:12:00,2.78,83.36,P004333,4.6,Pune
R004334,D0026,C01828,V0066,2024-09-17 15:29:00,2024-09-17 15:36:00,1.35,28.1,P004334,4.5,Hyderabad
R004335,D0144,C00735,V0105,2025-07-17 18:52:00,2025-07-17 19:09:00,5.46,52.76,P004335,4.7,Bangalore
R004336,D0144,C00544,V0105,2024-10-10 16:36:00,2024-10-10 16:59:00,3.31,39.86,P004336,4.5,Bangalore
R004337,D0279,C01029,V0029,2025-03-06 06:17:00,2025-03-06 06:47:00,6.52,118.24,P004337,4.1,Chennai
R004338,D0073,C00043,V0238,2024-02-22 13:40:00,2024-02-22 13:58:00,1.66,38.28,P004338,4.5,Kolkata
R004339,D0038,C01266,V0099,2025-05-16 19:06:00,2025-05-16 19:18:00,1.23,47.38,P004339,5.0,Bangalore
R004340,D0143,C00998,V0084,2025-05-02 13:24:00,2025-05-02 13:44:00,4.27,91.24,P004340,4.9,Chennai
R004341,D0197,C00621,V0172,2024-11-16 03:08:00,2024-11-16 03:47:00,12.01,194.12,P004341,4.5,Pune
R004342,D0224,C00324,V0019,2024-07-04 03:23:00,2024-07-04 03:50:00,3.35,80.2,P004342,4.7,Ahmedabad
R004343,D0243,C01701,V0114,2024-02-25 01:54:00,2024-02-25 02:25:00,6.79,121.48,P004343,3.9,Bangalore
R004344,D0252,C00623,V0093,2024-03-12 08:06:00,2024-03-12 08:42:00,11.01,172.12,P004344,3.8,Delhi
R004345,D0079,C01066,V0087,2025-07-15 17:17:00,2025-07-15 17:55:00,10.46,175.52,P004345,4.3,Hyderabad
R004346,D0184,C00360,V0077,2024-05-10 03:59:00,2024-05-10 04:26:00,6.38,116.56,P004346,4.9,Hyderabad
R004347,D0264,C01051,V0097,2025-03-09 06:02:00,2025-03-09 06:23:00,5.03,110.36,P004347,5.0,Mumbai
R004348,D0148,C01166,V0095,2025-08-03 01:00:00,2025-08-03 01:48:00,13.3,99.8,P004348,4.3,Delhi
R004349,D0064,C01242,V0296,2024-04-24 10:39:00,2024-04-24 10:55:00,1.88,31.28,P004349,5.0,Chennai
R004350,D0140,C00810,V0051,2024-10-10 09:27:00,2024-10-10 10:24:00,15.66,237.92,P004350,3.8,Ahmedabad
R004351,D0204,C00944,V0191,2024-09-03 07:14:00,2024-09-03 07:40:00,4.27,91.24,P004351,4.1,Mumbai
R004352,D0141,C01780,V0240,2025-08-07 08:59:00,2025-08-07 09:24:00,5.64,107.68,P004352,4.4,Ahmedabad
R004353,D0080,C01311,V0165,2025-07-19 11:53:00,2025-07-19 12:24:00,6.82,60.92,P004353,4.4,Kolkata
R004354,D0172,C00664,V0198,2024-08-30 04:01:00,2024-08-30 04:23:00,5.21,112.52,P004354,4.3,Kolkata
R004355,D0064,C00334,V0296,2025-07-20 18:20:00,2025-07-20 18:23:00,1.78,30.68,P004355,3.8,Chennai
R004356,D0227,C00155,V0128,2024-08-13 05:51:00,2024-08-13 06:12:00,4.14,58.12,P004356,5.0,Bangalore
R004357,D0042,C01769,V0291,2025-01-27 06:34:00,2025-01-27 06:49:00,2.54,70.48,P004357,4.1,Bangalore
R004358,D0042,C01648,V0291,2024-01-18 05:05:00,2024-01-18 05:38:00,5.77,109.24,P004358,4.2,Bangalore
R004359,D0061,C00251,V0232,2025-08-07 23:39:00,2025-08-07 23:58:00,4.53,94.36,P004359,4.5,Pune
R004360,D0192,C00818,V0070,2024-10-03 15:07:00,2024-10-03 15:23:00,2.77,36.62,P004360,4.0,Kolkata
R004361,D0073,C00339,V0238,2024-04-07 07:54:00,2024-04-07 08:04:00,1.08,33.64,P004361,5.0,Kolkata
R004362,D0207,C00915,V0110,2025-02-20 07:15:00,2025-02-20 07:25:00,2.02,64.24,P004362,4.3,Pune
R004363,D0141,C00323,V0240,2025-04-15 19:10:00,2025-04-15 19:28:00,9.19,160.28,P004363,4.8,Ahmedabad
R004364,D0197,C01634,V0172,2024-06-26 07:17:00,2024-06-26 07:38:00,3.5,92.0,P004364,4.2,Pune
R004365,D0063,C01440,V0033,2024-04-19 00:15:00,2024-04-19 00:40:00,5.57,106.84,P004365,4.6,Delhi
R004366,D0140,C01320,V0051,2024-11-11 13:37:00,2024-11-11 13:57:00,1.96,63.52,P004366,5.0,Ahmedabad
R004367,D0016,C00287,V0285,2025-01-30 14:13:00,2025-01-30 14:35:00,3.62,83.44,P004367,4.4,Delhi
R004368,D0178,C01650,V0112,2024-08-25 03:54:00,2024-08-25 04:09:00,2.43,69.16,P004368,4.2,Bangalore
R004369,D0243,C00397,V0114,2024-03-24 13:45:00,2024-03-24 13:57:00,5.32,103.84,P004369,4.3,Bangalore
R004370,D0110,C00215,V0289,2025-03-30 14:09:00,2025-03-30 14:20:00,2.89,74.68,P004370,5.0,Hyderabad
R004371,D0292,C00785,V0194,2025-01-28 19:48:00,2025-01-28 20:16:00,7.78,133.36,P004371,4.8,Hyderabad
R004372,D0102,C00218,V0094,2025-01-24 00:34:00,2025-01-24 01:02:00,5.8,71.4,P004372,4.3,Chennai
R004373,D0064,C01310,V0296,2024-10-05 06:56:00,2024-10-05 07:13:00,2.93,37.58,P004373,4.5,Chennai
R004374,D0295,C01420,V0002,2025-05-18 13:50:00,2025-05-18 14:08:00,1.85,62.2,P004374,4.3,Kolkata
R004375,D0129,C00860,V0300,2025-06-20 10:20:00,2025-06-20 10:43:00,4.58,114.96,P004375,5.0,Mumbai
R004376,D0105,C00357,V0248,2024-01-22 15:32:00,2024-01-22 15:40:00,1.15,34.2,P004376,5.0,Pune
R004377,D0295,C00134,V0002,2025-02-01 14:38:00,2025-02-01 15:03:00,3.11,77.32,P004377,5.0,Kolkata
R004378,D0139,C01752,V0084,2024-07-29 11:09:00,2024-07-29 11:43:00,9.9,168.8,P004378,4.0,Mumbai
R004379,D0177,C01514,V0028,2024-03-20 19:53:00,2024-03-20 20:43:00,12.56,95.36,P004379,4.4,Kolkata
R004380,D0130,C01447,V0215,2025-01-21 05:50:00,2025-01-21 06:04:00,3.03,69.24,P004380,5.0,Hyderabad
R004381,D0158,C01833,V0266,2025-02-17 06:13:00,2025-02-17 06:53:00,6.05,122.6,P004381,5.0,Chennai
R004382,D0020,C00747,V0227,2024-11-17 11:25:00,2024-11-17 11:29:00,1.16,53.92,P004382,4.5,Hyderabad
R004383,D0115,C01371,V0049,2024-10-07 07:45:00,2024-10-07 08:03:00,3.26,39.56,P004383,5.0,Bangalore
R004384,D0135,C00829,V0146,2024-10-24 07:24:00,2024-10-24 07:50:00,7.58,85.64,P004384,3.8,Kolkata
R004385,D0185,C01419,V0053,2025-04-25 00:43:00,2025-04-25 01:02:00,1.41,36.28,P004385,4.0,Chennai
R004386,D0256,C00515,V0211,2025-07-30 07:41:00,2025-07-30 07:50:00,1.41,48.46,P004386,4.1,Chennai
R004387,D0038,C00582,V0099,2024-03-07 14:45:00,2024-03-07 14:56:00,2.5,55.0,P004387,4.4,Bangalore
R004388,D0062,C01166,V0241,2024-01-23 12:36:00,2024-01-23 12:55:00,2.39,68.68,P004388,4.4,Hyderabad
R004389,D0247,C01089,V0258,2024-12-19 11:24:00,2024-12-19 11:39:00,5.2,66.6,P004389,4.4,Pune
R004390,D0010,C01363,V0097,2024-01-21 15:27:00,2024-01-21 16:02:00,9.33,171.96,P004390,4.9,Delhi
R004391,D0066,C01006,V0234,2025-04-01 13:05:00,2025-04-01 13:34:00,4.37,92.44,P004391,4.7,Ahmedabad
R004392,D0157,C01474,V0217,2025-03-23 08:22:00,2025-03-23 08:34:00,1.27,27.62,P004392,5.0,Delhi
R004393,D0165,C01473,V0010,2024-08-22 08:23:00,2024-08-22 08:55:00,5.69,108.28,P004393,4.2,Delhi
R004394,D0277,C01772,V0084,2024-09-23 15:10:00,2024-09-23 15:22:00,1.98,73.76,P004394,4.3,Bangalore
R004395,D0239,C00479,V0038,2024-06-21 07:54:00,2024-06-21 08:11:00,1.53,37.24,P004395,4.6,Pune
R004396,D0084,C00032,V0261,2025-08-22 20:33:00,2025-08-22 20:54:00,2.87,47.96,P004396,4.0,Chennai
R004397,D0267,C00569,V0115,2025-06-27 06:54:00,2025-06-27 07:05:00,1.94,40.52,P004397,5.0,Ahmedabad
R004398,D0155,C01911,V0272,2024-02-07 12:23:00,2024-02-07 12:41:00,2.19,33.14,P004398,4.7,Ahmedabad
R004399,D0240,C00896,V0011,2024-02-19 07:05:00,2024-02-19 07:23:00,3.71,54.68,P004399,4.4,Pune
R004400,D0137,C00178,V0259,2024-06-11 02:39:00,2024-06-11 02:50:00,1.61,69.32,P004400,4.5,Bangalore
R004401,D0174,C01294,V0148,2025-07-20 01:16:00,2025-07-20 01:34:00,2.75,73.0,P004401,4.5,Hyderabad
R004402,D0008,C00344,V0203,2024-03-22 16:59:00,2024-03-22 17:30:00,3.38,60.28,P004402,4.6,Chennai
R004403,D0025,C01120,V0217,2024-09-18 14:09:00,2024-09-18 14:32:00,2.31,33.86,P004403,4.3,Pune
R004404,D0056,C00776,V0068,2024-10-27 04:54:00,2024-10-27 04:58:00,3.01,49.08,P004404,4.4,Bangalore
R004405,D0006,C01730,V0277,2025-03-22 08:55:00,2025-03-22 09:17:00,5.52,69.16,P004405,5.0,Pune
R004406,D0128,C01890,V0218,2024-07-09 07:26:00,2024-07-09 07:53:00,9.59,155.08,P004406,4.3,Bangalore
R004407,D0290,C00349,V0102,2024-11-15 05:33:00,2024-11-15 05:57:00,6.81,79.48,P004407,5.0,Delhi
R004408,D0216,C01313,V0188,2024-03-09 07:55:00,2024-03-09 08:18:00,1.65,38.2,P004408,4.5,Hyderabad
R004409,D0040,C01775,V0294,2024-04-04 19:03:00,2024-04-04 19:38:00,8.7,144.4,P004409,5.0,Bangalore
R004410,D0001,C00829,V0080,2025-08-09 20:50:00,2025-08-09 21:17:00,6.45,86.6,P004410,4.9,Bangalore
R004411,D0247,C01828,V0258,2024-06-29 09:35:00,2024-06-29 09:39:00,1.21,34.68,P004411,5.0,Pune
R004412,D0102,C01507,V0094,2025-04-26 13:57:00,2025-04-26 14:20:00,3.62,53.96,P004412,4.8,Chennai
R004413,D0250,C01466,V0028,2024-06-20 07:01:00,2024-06-20 07:17:00,2.36,34.16,P004413,5.0,Chennai
R004414,D0163,C00612,V0286,2024-07-19 19:45:00,2024-07-19 20:52:00,17.9,127.4,P004414,4.7,Chennai
R004415,D0227,C00103,V0128,2024-03-19 02:49:00,2024-03-19 03:00:00,4.95,64.6,P004415,4.6,Bangalore
R004416,D0091,C01483,V0293,2024-04-13 08:52:00,2024-04-13 09:20:00,7.23,126.76,P004416,4.8,Bangalore
R004417,D0131,C00768,V0148,2024-07-02 17:07:00,2024-07-02 17:23:00,4.7,96.4,P004417,4.4,Pune
R004418,D0049,C00749,V0057,2025-04-18 17:48:00,2025-04-18 18:16:00,8.38,92.04,P004418,4.9,Chennai
R004419,D0275,C00885,V0051,2025-01-12 23:11:00,2025-01-12 23:41:00,7.27,127.24,P004419,4.8,Ahmedabad
R004420,D0250,C01141,V0028,2024-06-05 17:59:00,2024-06-05 18:14:00,1.55,39.3,P004420,4.3,Chennai
R004421,D0223,C00319,V0299,2024-07-10 07:50:00,2024-07-10 08:08:00,2.02,64.24,P004421,4.7,Hyderabad
R004422,D0055,C00899,V0237,2024-01-09 10:54:00,2024-01-09 11:10:00,2.22,66.64,P004422,3.9,Chennai
R004423,D0164,C01809,V0146,2024-06-24 08:32:00,2024-06-24 09:04:00,9.68,102.44,P004423,3.8,Kolkata
R004424,D0030,C00441,V0164,2024-01-22 16:32:00,2024-01-22 16:50:00,2.52,35.12,P004424,5.0,Hyderabad
R004425,D0130,C00853,V0215,2024-02-28 12:08:00,2024-02-28 12:43:00,6.69,78.52,P004425,4.3,Hyderabad
R004426,D0214,C00787,V0186,2024-06-20 01:30:00,2024-06-20 01:46:00,3.44,81.28,P004426,4.6,Pune
R004427,D0202,C00368,V0043,2024-06-08 04:15:00,2024-06-08 04:49:00,6.39,58.34,P004427,4.7,Hyderabad
R004428,D0174,C01874,V0148,2025-01-11 18:50:00,2025-01-11 19:04:00,0.89,50.68,P004428,4.7,Hyderabad
R004429,D0151,C01913,V0270,2024-10-12 14:15:00,2024-10-12 14:32:00,1.78,39.24,P004429,4.2,Pune
R004430,D0083,C00616,V0149,2025-04-10 05:45:00,2025-04-10 06:05:00,2.17,66.04,P004430,4.0,Hyderabad
R004431,D0231,C00611,V0107,2024-04-22 22:15:00,2024-04-22 22:41:00,6.59,119.08,P004431,4.1,Kolkata
R004432,D0197,C00438,V0172,2024-06-14 20:38:00,2024-06-14 20:52:00,4.45,93.4,P004432,5.0,Pune
R004433,D0200,C00554,V0014,2024-02-13 02:24:00,2024-02-13 02:42:00,4.12,54.72,P004433,4.0,Bangalore
R004434,D0297,C00026,V0282,2024-05-19 00:18:00,2024-05-19 00:43:00,5.05,100.6,P004434,4.9,Bangalore
R004435,D0147,C00202,V0153,2025-04-16 16:51:00,2025-04-16 17:47:00,14.13,104.78,P004435,5.0,Ahmedabad
R004436,D0298,C00517,V0294,2025-05-16 21:48:00,2025-05-16 22:02:00,2.69,72.28,P004436,4.0,Hyderabad
R004437,D0245,C00349,V0172,2025-02-08 17:34:00,2025-02-08 17:53:00,1.95,63.4,P004437,4.8,Bangalore
R004438,D0186,C01939,V0257,2025-02-17 16:29:00,2025-02-17 16:36:00,1.43,36.44,P004438,4.8,Bangalore
R004439,D0237,C01599,V0023,2025-06-16 11:50:00,2025-06-16 12:05:00,3.56,53.48,P004439,4.3,Ahmedabad
R004440,D0299,C01608,V0280,2025-08-14 22:53:00,2025-08-14 23:28:00,8.47,151.64,P004440,4.8,Mumbai
R004441,D0065,C01420,V0025,2025-02-18 08:33:00,2025-02-18 08:53:00,4.58,47.48,P004441,4.5,Mumbai
R004442,D0141,C01144,V0240,2025-02-21 05:32:00,2025-02-21 06:06:00,9.01,148.12,P004442,4.7,Ahmedabad
R004443,D0170,C01656,V0132,2025-05-26 04:51:00,2025-05-26 05:02:00,2.35,68.2,P004443,5.0,Ahmedabad
R004444,D0214,C00352,V0186,2024-02-07 06:04:00,2024-02-07 06:35:00,6.6,119.2,P004444,4.8,Pune
R004445,D0209,C00947,V0239,2025-01-11 09:07:00,2025-01-11 09:17:00,1.25,65.0,P004445,4.5,Mumbai
R004446,D0082,C00174,V0175,2025-02-26 12:24:00,2025-02-26 12:27:00,0.97,51.64,P004446,4.3,Ahmedabad
R004447,D0032,C01407,V0015,2024-11-02 11:01:00,2024-11-02 11:14:00,1.33,35.64,P004447,4.7,Bangalore
R004448,D0143,C01661,V0084,2024-11-18 15:12:00,2024-11-18 15:24:00,1.92,63.04,P004448,4.3,Chennai
R004449,D0025,C01079,V0217,2024-01-17 06:27:00,2024-01-17 06:38:00,1.69,30.14,P004449,4.1,Pune
R004450,D0033,C01486,V0281,2024-05-30 14:55:00,2024-05-30 15:35:00,7.61,131.32,P004450,5.0,Bangalore
R004451,D0122,C00373,V0273,2024-05-23 20:50:00,2024-05-23 21:03:00,2.69,36.14,P004451,4.6,Pune
R004452,D0288,C00395,V0214,2024-11-05 12:15:00,2024-11-05 12:23:00,1.01,26.06,P004452,4.9,Kolkata
R004453,D0258,C01829,V0078,2024-05-25 00:57:00,2024-05-25 01:05:00,1.08,36.48,P004453,4.4,Chennai
R004454,D0108,C01089,V0105,2024-08-20 14:16:00,2024-08-20 14:35:00,0.95,25.7,P004454,4.4,Delhi
R004455,D0027,C01378,V0126,2025-05-13 12:29:00,2025-05-13 12:58:00,5.3,61.8,P004455,4.4,Ahmedabad
R004456,D0020,C00930,V0227,2025-04-21 11:56:00,2025-04-21 12:31:00,9.89,158.68,P004456,4.6,Hyderabad
R004457,D0109,C01790,V0152,2024-07-28 14:08:00,2024-07-28 15:07:00,16.77,159.16,P004457,5.0,Delhi
R004458,D0010,C01832,V0097,2025-03-01 01:15:00,2025-03-01 01:45:00,9.4,162.8,P004458,4.6,Delhi
R004459,D0128,C01905,V0218,2024-05-29 20:59:00,2024-05-29 21:11:00,0.99,51.88,P004459,4.4,Bangalore
R004460,D0065,C00857,V0025,2024-04-13 09:23:00,2024-04-13 09:38:00,1.73,30.38,P004460,5.0,Mumbai
R004461,D0170,C00037,V0132,2024-02-24 11:29:00,2024-02-24 11:53:00,2.85,94.2,P004461,5.0,Ahmedabad
R004462,D0182,C01472,V0120,2025-01-30 20:55:00,2025-01-30 21:06:00,2.29,43.32,P004462,5.0,Chennai
R004463,D0163,C00274,V0286,2025-03-19 02:38:00,2025-03-19 02:49:00,3.56,41.36,P004463,4.3,Chennai
R004464,D0004,C01098,V0096,2024-10-28 11:52:00,2024-10-28 12:14:00,3.6,83.2,P004464,3.9,Pune
R004465,D0284,C01818,V0175,2025-06-08 17:30:00,2025-06-08 17:57:00,5.0,120.0,P004465,4.4,Delhi
R004466,D0178,C00052,V0112,2024-02-11 15:04:00,2024-02-11 15:25:00,3.42,81.04,P004466,4.5,Bangalore
R004467,D0048,C00358,V0054,2024-12-26 10:12:00,2024-12-26 10:32:00,6.57,128.84,P004467,4.7,Bangalore
R004468,D0147,C00061,V0153,2024-11-13 16:10:00,2024-11-13 16:27:00,1.46,28.76,P004468,3.6,Ahmedabad
R004469,D0124,C01167,V0088,2024-01-12 03:09:00,2024-01-12 03:18:00,1.53,37.24,P004469,5.0,Hyderabad
R004470,D0108,C00096,V0105,2025-07-29 08:03:00,2025-07-29 08:28:00,5.1,50.6,P004470,4.0,Delhi
R004471,D0071,C01974,V0263,2024-01-26 16:13:00,2024-01-26 16:34:00,5.35,52.1,P004471,4.6,Pune
R004472,D0053,C01189,V0112,2025-06-17 11:01:00,2025-06-17 11:20:00,1.17,54.04,P004472,4.6,Bangalore
R004473,D0207,C01767,V0110,2025-04-04 12:21:00,2025-04-04 12:41:00,6.2,114.4,P004473,5.0,Pune
R004474,D0231,C01351,V0107,2025-04-16 11:39:00,2025-04-16 11:54:00,1.88,62.56,P004474,5.0,Kolkata
R004475,D0027,C01127,V0126,2024-11-30 09:23:00,2024-11-30 09:47:00,3.13,38.78,P004475,4.4,Ahmedabad
R004476,D0217,C01511,V0289,2024-02-22 16:37:00,2024-02-22 16:57:00,3.28,89.36,P004476,5.0,Kolkata
R004477,D0153,C01600,V0279,2024-05-06 14:48:00,2024-05-06 15:05:00,1.96,73.52,P004477,4.5,Kolkata
R004478,D0085,C00455,V0225,2025-05-14 13:48:00,2025-05-14 14:16:00,8.26,91.08,P004478,4.6,Chennai
R004479,D0223,C00177,V0299,2025-06-10 01:42:00,2025-06-10 01:58:00,4.99,99.88,P004479,4.1,Hyderabad
R004480,D0122,C00400,V0273,2025-07-15 23:47:00,2025-07-16 00:17:00,5.31,51.86,P004480,5.0,Pune
R004481,D0012,C01539,V0075,2025-08-02 16:04:00,2025-08-02 16:25:00,2.87,47.96,P004481,4.5,Delhi
R004482,D0207,C00329,V0110,2024-06-06 12:21:00,2024-06-06 12:53:00,8.36,140.32,P004482,5.0,Pune
R004483,D0083,C00144,V0149,2025-03-26 23:46:00,2025-03-27 00:06:00,5.04,100.48,P004483,5.0,Hyderabad
R004484,D0206,C00234,V0214,2024-09-30 04:09:00,2024-09-30 04:25:00,2.88,37.28,P004484,4.8,Delhi
R004485,D0019,C01806,V0250,2024-07-20 02:39:00,2024-07-20 02:59:00,2.94,75.28,P004485,5.0,Chennai
R004486,D0064,C01556,V0296,2025-01-28 08:25:00,2025-01-28 08:57:00,6.49,78.94,P004486,4.8,Chennai
R004487,D0289,C01518,V0187,2024-08-13 01:02:00,2024-08-13 01:16:00,4.09,89.08,P004487,4.3,Mumbai
R004488,D0292,C01121,V0194,2024-11-06 00:08:00,2024-11-06 00:26:00,5.63,107.56,P004488,4.1,Hyderabad
R004489,D0137,C00189,V0259,2024-07-18 13:36:00,2024-07-18 13:49:00,2.36,68.32,P004489,3.9,Bangalore
R004490,D0224,C01112,V0019,2024-07-17 13:51:00,2024-07-17 14:08:00,2.56,80.72,P004490,5.0,Ahmedabad
R004491,D0001,C01852,V0080,2024-06-04 13:35:00,2024-06-04 13:40:00,1.28,35.24,P004491,4.7,Bangalore
R004492,D0006,C00482,V0277,2025-08-04 08:58:00,2025-08-04 09:26:00,2.27,53.16,P004492,4.8,Pune
R004493,D0103,C00151,V0235,2024-08-03 00:04:00,2024-08-03 00:20:00,5.11,60.66,P004493,4.2,Ahmedabad
R004494,D0155,C01918,V0272,2024-06-16 01:16:00,2024-06-16 01:30:00,1.18,27.08,P004494,4.5,Ahmedabad
R004495,D0140,C00957,V0051,2025-05-09 02:14:00,2025-05-09 02:39:00,4.45,93.4,P004495,4.4,Ahmedabad
R004496,D0022,C01984,V0284,2025-04-24 05:59:00,2025-04-24 06:12:00,2.18,66.16,P004496,5.0,Bangalore
R004497,D0291,C01080,V0051,2025-05-20 03:05:00,2025-05-20 03:24:00,1.4,56.8,P004497,4.9,Bangalore
R004498,D0259,C00335,V0239,2025-04-15 10:39:00,2025-04-15 10:51:00,1.73,70.76,P004498,4.0,Mumbai
R004499,D0188,C01300,V0074,2025-01-16 15:16:00,2025-01-16 15:39:00,2.77,83.24,P004499,4.7,Kolkata
R004500,D0087,C00914,V0219,2025-08-13 17:35:00,2025-08-13 18:10:00,8.58,142.96,P004500,4.6,Hyderabad
R004501,D0016,C01695,V0285,2024-12-04 20:42:00,2024-12-04 21:02:00,4.1,89.2,P004501,4.6,Delhi
R004502,D0015,C00178,V0216,2024-11-30 16:09:00,2024-11-30 16:21:00,1.39,36.12,P004502,4.2,Delhi
R004503,D0182,C01770,V0120,2025-06-16 21:17:00,2025-06-16 21:38:00,2.83,57.64,P004503,4.5,Chennai
R004504,D0123,C00543,V0247,2024-09-08 07:52:00,2024-09-08 08:13:00,4.9,74.2,P004504,4.6,Pune
R004505,D0139,C01411,V0084,2024-01-23 13:30:00,2024-01-23 13:56:00,1.83,61.96,P004505,4.6,Mumbai
R004506,D0048,C01240,V0054,2024-10-05 10:32:00,2024-10-05 10:57:00,10.41,164.92,P004506,4.4,Bangalore
R004507,D0139,C01088,V0084,2024-11-03 15:46:00,2024-11-03 16:11:00,7.03,124.36,P004507,5.0,Mumbai
R004508,D0228,C00489,V0124,2025-02-18 01:37:00,2025-02-18 01:56:00,3.36,80.32,P004508,4.7,Pune
R004509,D0229,C01865,V0266,2024-11-03 08:06:00,2024-11-03 08:24:00,3.84,96.08,P004509,4.5,Bangalore
R004510,D0255,C00017,V0104,2024-05-31 17:14:00,2024-05-31 17:25:00,1.46,57.52,P004510,5.0,Pune
R004511,D0239,C01237,V0038,2024-08-12 07:29:00,2024-08-12 07:48:00,2.94,48.52,P004511,5.0,Pune
R004512,D0214,C00716,V0186,2024-06-05 03:44:00,2024-06-05 04:17:00,9.36,152.32,P004512,4.7,Pune
R004513,D0185,C00616,V0053,2025-07-09 16:23:00,2025-07-09 16:46:00,3.1,59.8,P004513,4.3,Chennai
R004514,D0133,C00465,V0080,2025-02-26 23:25:00,2025-02-27 00:01:00,6.09,83.72,P004514,4.5,Pune
R004515,D0261,C01322,V0214,2025-03-05 18:21:00,2025-03-05 19:03:00,10.04,90.24,P004515,4.1,Pune
R004516,D0229,C01900,V0266,2024-11-02 02:15:00,2024-11-02 02:44:00,5.06,100.72,P004516,5.0,Bangalore
R004517,D0067,C00806,V0199,2024-06-15 19:30:00,2024-06-15 19:57:00,6.71,120.52,P004517,4.4,Mumbai
R004518,D0194,C00963,V0057,2024-03-08 10:59:00,2024-03-08 11:11:00,1.16,34.28,P004518,5.0,Delhi
R004519,D0150,C01900,V0102,2024-02-28 13:25:00,2024-02-28 13:30:00,1.7,38.6,P004519,5.0,Delhi
R004520,D0297,C00143,V0282,2025-03-18 04:26:00,2025-03-18 04:37:00,1.56,58.72,P004520,4.7,Bangalore
R004521,D0024,C01524,V0091,2025-04-29 00:21:00,2025-04-29 00:52:00,7.99,135.88,P004521,4.2,Ahmedabad
R004522,D0153,C01698,V0279,2025-01-14 03:19:00,2025-01-14 03:47:00,4.27,91.24,P004522,3.7,Kolkata
R004523,D0043,C01788,V0284,2024-08-29 15:56:00,2024-08-29 16:13:00,2.72,72.64,P004523,4.6,Hyderabad
R004524,D0003,C00193,V0159,2025-05-18 12:37:00,2025-05-18 13:20:00,10.67,168.04,P004524,4.6,Delhi
R004525,D0280,C01206,V0047,2024-08-07 12:27:00,2024-08-07 12:41:00,1.12,53.96,P004525,5.0,Chennai
R004526,D0043,C01866,V0284,2024-08-28 09:15:00,2024-08-28 09:43:00,4.88,98.56,P004526,4.7,Hyderabad
R004527,D0099,C01897,V0260,2024-06-17 10:10:00,2024-06-17 10:27:00,5.07,65.56,P004527,4.3,Bangalore
R004528,D0112,C01391,V0229,2024-11-30 18:24:00,2024-11-30 19:03:00,10.1,80.6,P004528,4.0,Kolkata
R004529,D0199,C00488,V0282,2024-03-25 03:05:00,2024-03-25 03:19:00,3.2,78.4,P004529,4.2,Chennai
R004530,D0017,C00143,V0170,2024-03-25 23:00:00,2024-03-25 23:11:00,1.55,29.3,P004530,4.3,Mumbai
R004531,D0121,C01115,V0192,2024-06-02 17:27:00,2024-06-02 17:41:00,2.68,36.08,P004531,5.0,Kolkata
R004532,D0215,C00654,V0188,2025-05-19 02:59:00,2025-05-19 03:25:00,5.16,76.28,P004532,4.5,Mumbai
R004533,D0081,C01359,V0049,2024-06-04 01:00:00,2024-06-04 01:21:00,4.49,66.94,P004533,4.0,Delhi
R004534,D0079,C01155,V0087,2025-04-27 05:02:00,2025-04-27 05:19:00,1.3,55.6,P004534,4.8,Hyderabad
R004535,D0006,C01668,V0277,2024-05-16 09:53:00,2024-05-16 10:07:00,2.37,43.96,P004535,3.7,Pune
R004536,D0154,C00011,V0064,2025-01-10 21:43:00,2025-01-10 22:06:00,4.21,90.52,P004536,4.1,Hyderabad
R004537,D0121,C00906,V0192,2024-12-31 21:36:00,2024-12-31 22:03:00,6.95,71.7,P004537,5.0,Kolkata
R004538,D0017,C00603,V0170,2024-03-30 01:10:00,2024-03-30 01:28:00,1.89,31.34,P004538,4.9,Mumbai
R004539,D0023,C01161,V0220,2024-11-13 10:06:00,2024-11-13 10:49:00,11.35,88.1,P004539,4.3,Chennai
R004540,D0275,C01713,V0051,2024-02-09 18:05:00,2024-02-09 18:31:00,7.13,125.56,P004540,4.8,Ahmedabad
R004541,D0160,C00189,V0102,2024-02-10 19:00:00,2024-02-10 19:07:00,1.8,49.4,P004541,5.0,Chennai
R004542,D0263,C00265,V0248,2024-07-15 05:57:00,2024-07-15 06:08:00,2.63,46.04,P004542,4.4,Kolkata
R004543,D0025,C00703,V0217,2025-02-04 15:06:00,2025-02-04 15:20:00,2.37,54.22,P004543,4.8,Pune
R004544,D0294,C01186,V0133,2024-09-30 18:18:00,2024-09-30 18:32:00,2.43,34.58,P004544,4.9,Bangalore
R004545,D0164,C00810,V0146,2025-06-22 02:53:00,2025-06-22 03:52:00,13.07,129.56,P004545,4.8,Kolkata
R004546,D0091,C00237,V0293,2024-10-18 04:04:00,2024-10-18 04:31:00,4.38,92.56,P004546,4.1,Bangalore
R004547,D0062,C00099,V0241,2025-04-18 19:54:00,2025-04-18 20:24:00,6.53,138.36,P004547,5.0,Hyderabad
R004548,D0062,C01785,V0241,2024-09-23 05:41:00,2024-09-23 06:24:00,13.71,204.52,P004548,4.0,Hyderabad
R004549,D0278,C00241,V0214,2025-06-11 03:31:00,2025-06-11 04:02:00,9.57,77.42,P004549,4.4,Kolkata
R004550,D0230,C01389,V0052,2024-08-17 22:18:00,2024-08-17 22:41:00,3.64,83.68,P004550,4.9,Chennai
R004551,D0295,C01936,V0002,2024-02-02 12:54:00,2024-02-02 13:12:00,1.83,71.96,P004551,4.7,Kolkata
R004552,D0106,C00559,V0090,2024-12-12 21:10:00,2024-12-12 21:38:00,4.93,99.16,P004552,4.0,Kolkata
R004553,D0262,C01241,V0293,2025-04-29 14:22:00,2025-04-29 14:31:00,1.07,52.84,P004553,4.7,Mumbai
R004554,D0246,C00261,V0079,2025-06-05 09:18:00,2025-06-05 09:21:00,1.9,40.2,P004554,4.1,Mumbai
R004555,D0164,C00920,V0146,2025-02-14 13:51:00,2025-02-14 14:17:00,5.49,68.92,P004555,4.0,Kolkata
R004556,D0144,C01382,V0105,2024-08-28 09:42:00,2024-08-28 10:24:00,8.34,70.04,P004556,4.3,Bangalore
R004557,D0143,C00657,V0084,2024-11-30 06:15:00,2024-11-30 06:59:00,11.92,193.04,P004557,4.8,Chennai
R004558,D0166,C00514,V0279,2025-04-17 04:45:00,2025-04-17 05:07:00,5.21,102.52,P004558,5.0,Pune
R004559,D0203,C01205,V0233,2024-06-07 01:05:00,2024-06-07 01:13:00,2.61,71.32,P004559,4.8,Pune
R004560,D0241,C01986,V0277,2024-03-01 18:56:00,2024-03-01 19:39:00,8.84,105.72,P004560,4.6,Pune
R004561,D0072,C01180,V0184,2024-04-30 04:06:00,2024-04-30 05:03:00,13.6,223.2,P004561,5.0,Mumbai
R004562,D0260,C01058,V0070,2025-04-04 04:09:00,2025-04-04 04:31:00,3.4,40.4,P004562,4.3,Chennai
R004563,D0263,C00949,V0248,2024-03-16 09:49:00,2024-03-16 10:10:00,3.75,55.0,P004563,5.0,Kolkata
R004564,D0038,C01438,V0099,2024-12-06 22:20:00,2024-12-06 22:39:00,1.51,29.06,P004564,4.9,Bangalore
R004565,D0053,C01715,V0112,2025-08-16 07:45:00,2025-08-16 08:29:00,8.59,143.08,P004565,4.0,Bangalore
R004566,D0071,C01611,V0263,2025-05-08 13:26:00,2025-05-08 13:50:00,7.88,67.28,P004566,4.9,Pune
R004567,D0181,C01873,V0222,2024-05-05 20:42:00,2024-05-05 21:14:00,6.86,61.16,P004567,4.6,Bangalore
R004568,D0237,C00178,V0023,2025-07-19 23:37:00,2025-07-19 23:41:00,1.49,36.92,P004568,4.9,Ahmedabad
R004569,D0189,C01396,V0025,2024-11-05 22:13:00,2024-11-05 22:43:00,8.92,73.52,P004569,4.3,Pune
R004570,D0096,C01094,V0145,2025-04-29 20:02:00,2025-04-29 20:09:00,1.75,61.0,P004570,4.7,Delhi
R004571,D0154,C01670,V0064,2025-01-07 05:25:00,2025-01-07 05:50:00,5.4,124.8,P004571,4.7,Hyderabad
R004572,D0244,C00467,V0244,2024-07-15 11:04:00,2024-07-15 11:26:00,5.45,105.4,P004572,4.5,Bangalore
R004573,D0230,C00665,V0052,2024-02-20 01:53:00,2024-02-20 02:09:00,3.58,92.96,P004573,4.8,Chennai
R004574,D0042,C00298,V0291,2024-09-15 12:11:00,2024-09-15 12:31:00,5.63,107.56,P004574,4.9,Bangalore
R004575,D0219,C00574,V0063,2025-05-24 14:42:00,2025-05-24 15:05:00,6.39,86.12,P004575,4.9,Ahmedabad
R004576,D0036,C00668,V0002,2025-02-11 22:55:00,2025-02-11 23:24:00,4.68,96.16,P004576,4.8,Chennai
R004577,D0250,C01778,V0028,2024-11-27 14:08:00,2024-11-27 14:19:00,2.05,32.3,P004577,4.8,Chennai
R004578,D0279,C00593,V0029,2024-11-30 23:45:00,2024-11-30 23:53:00,1.05,52.6,P004578,4.8,Chennai
R004579,D0174,C01447,V0148,2025-03-08 21:20:00,2025-03-08 21:35:00,1.82,61.84,P004579,5.0,Hyderabad
R004580,D0215,C01380,V0188,2025-08-03 22:11:00,2025-08-03 22:24:00,1.54,37.32,P004580,4.4,Mumbai
R004581,D0238,C00292,V0110,2024-01-08 05:16:00,2024-01-08 05:27:00,1.81,61.72,P004581,4.3,Kolkata
R004582,D0030,C01473,V0164,2025-03-01 02:31:00,2025-03-01 02:57:00,6.34,68.04,P004582,5.0,Hyderabad
R004583,D0026,C00779,V0066,2024-12-08 04:02:00,2024-12-08 04:05:00,1.69,30.14,P004583,4.4,Hyderabad
R004584,D0144,C00289,V0105,2024-05-23 07:32:00,2024-05-23 07:59:00,5.7,64.2,P004584,4.5,Bangalore
R004585,D0286,C01223,V0092,2025-05-22 08:58:00,2025-05-22 09:19:00,6.46,76.68,P004585,4.8,Pune
R004586,D0133,C01777,V0080,2024-07-26 23:11:00,2024-07-26 23:31:00,5.31,77.48,P004586,3.8,Pune
R004587,D0217,C00326,V0289,2025-03-03 01:49:00,2025-03-03 02:12:00,5.07,110.84,P004587,5.0,Kolkata
R004588,D0155,C01838,V0272,2024-01-10 20:23:00,2024-01-10 20:41:00,2.86,47.16,P004588,4.5,Ahmedabad
R004589,D0243,C00727,V0114,2024-12-17 19:23:00,2024-12-17 19:35:00,2.32,67.84,P004589,4.0,Bangalore
R004590,D0222,C01540,V0051,2024-12-11 00:06:00,2024-12-11 00:33:00,4.94,99.28,P004590,5.0,Chennai
R004591,D0037,C00262,V0032,2025-05-09 16:12:00,2025-05-09 16:39:00,6.47,58.82,P004591,4.4,Chennai
R004592,D0020,C00787,V0227,2024-08-04 04:21:00,2024-08-04 05:10:00,14.25,211.0,P004592,3.9,Hyderabad
R004593,D0075,C01863,V0067,2025-06-01 08:33:00,2025-06-01 08:51:00,2.46,44.68,P004593,4.4,Hyderabad
R004594,D0300,C00423,V0271,2025-02-04 16:37:00,2025-02-04 16:53:00,1.4,56.8,P004594,4.2,Pune
R004595,D0020,C00915,V0227,2024-07-20 13:49:00,2024-07-20 14:10:00,2.87,74.44,P004595,4.7,Hyderabad
R004596,D0177,C00919,V0028,2024-02-10 14:46:00,2024-02-10 15:03:00,3.47,40.82,P004596,4.6,Kolkata
R004597,D0005,C01774,V0047,2025-07-14 09:34:00,2025-07-14 09:44:00,1.35,35.8,P004597,4.9,Pune
R004598,D0015,C00293,V0216,2025-04-12 01:18:00,2025-04-12 01:34:00,2.43,44.44,P004598,4.9,Delhi
R004599,D0064,C00471,V0296,2024-12-06 00:26:00,2024-12-06 01:06:00,9.24,95.44,P004599,4.9,Chennai
R004600,D0054,C01691,V0283,2024-03-05 15:53:00,2024-03-05 16:04:00,1.46,57.52,P004600,4.0,Mumbai
R004601,D0081,C01019,V0049,2025-03-03 14:58:00,2025-03-03 15:08:00,2.5,35.0,P004601,4.2,Delhi
R004602,D0298,C01832,V0294,2025-08-08 07:59:00,2025-08-08 08:14:00,4.35,102.2,P004602,4.5,Hyderabad
R004603,D0298,C00888,V0294,2024-11-18 18:14:00,2024-11-18 18:32:00,1.42,57.04,P004603,4.4,Hyderabad
R004604,D0284,C01979,V0175,2025-04-05 08:19:00,2025-04-05 08:57:00,8.54,142.48,P004604,4.5,Delhi
R004605,D0096,C01032,V0145,2024-02-09 07:42:00,2024-02-09 08:01:00,2.26,67.12,P004605,4.5,Delhi
R004606,D0104,C00581,V0290,2025-08-16 08:25:00,2025-08-16 08:42:00,2.17,42.36,P004606,4.5,Ahmedabad
R004607,D0290,C01193,V0102,2024-09-28 00:33:00,2024-09-28 00:51:00,3.51,53.08,P004607,4.7,Delhi
R004608,D0211,C00408,V0150,2024-08-22 01:14:00,2024-08-22 01:57:00,13.17,150.36,P004608,5.0,Bangalore
R004609,D0183,C00900,V0231,2025-04-05 07:25:00,2025-04-05 07:49:00,4.58,47.48,P004609,4.3,Bangalore
R004610,D0146,C00858,V0269,2024-01-03 13:03:00,2024-01-03 13:12:00,2.97,75.64,P004610,4.7,Kolkata
R004611,D0268,C01858,V0271,2024-03-18 08:34:00,2024-03-18 08:57:00,4.14,89.68,P004611,4.7,Mumbai
R004612,D0020,C01656,V0227,2025-07-13 13:01:00,2025-07-13 13:17:00,1.35,56.2,P004612,4.4,Hyderabad
R004613,D0158,C01248,V0266,2025-05-28 23:50:00,2025-05-29 00:35:00,13.22,208.64,P004613,4.4,Chennai
R004614,D0244,C00185,V0244,2024-11-09 19:42:00,2024-11-09 20:04:00,8.34,140.08,P004614,4.6,Bangalore
R004615,D0013,C00806,V0006,2024-02-22 15:37:00,2024-02-22 15:56:00,4.27,59.16,P004615,4.9,Ahmedabad
R004616,D0187,C01508,V0192,2024-08-06 17:42:00,2024-08-06 18:02:00,2.97,37.82,P004616,3.7,Delhi
R004617,D0286,C01993,V0092,2025-07-19 09:49:00,2025-07-19 09:56:00,0.85,31.8,P004617,4.6,Pune
R004618,D0127,C01898,V0123,2024-04-28 07:59:00,2024-04-28 08:17:00,1.4,56.8,P004618,5.0,Kolkata
R004619,D0183,C01217,V0231,2025-02-02 17:46:00,2025-02-02 18:06:00,5.45,52.7,P004619,4.8,Bangalore
R004620,D0247,C00681,V0258,2024-12-02 05:34:00,2024-12-02 05:49:00,1.93,40.44,P004620,4.8,Pune
R004621,D0176,C01885,V0141,2024-07-24 00:43:00,2024-07-24 01:03:00,4.59,47.54,P004621,5.0,Pune
R004622,D0032,C00449,V0015,2025-03-15 02:21:00,2025-03-15 02:37:00,2.64,56.12,P004622,5.0,Bangalore
R004623,D0104,C01804,V0290,2024-09-08 15:01:00,2024-09-08 15:27:00,3.16,50.28,P004623,4.1,Ahmedabad
R004624,D0071,C00412,V0263,2024-04-11 04:59:00,2024-04-11 06:20:00,23.51,181.06,P004624,4.2,Pune
R004625,D0202,C01326,V0043,2024-09-21 05:42:00,2024-09-21 06:03:00,4.8,48.8,P004625,4.3,Hyderabad
R004626,D0094,C01824,V0113,2024-10-26 21:16:00,2024-10-26 21:45:00,6.48,76.84,P004626,3.9,Chennai
R004627,D0144,C01619,V0105,2025-03-01 05:57:00,2025-03-01 06:14:00,0.83,24.98,P004627,4.4,Bangalore
R004628,D0060,C01096,V0084,2025-03-12 06:46:00,2025-03-12 06:59:00,2.6,71.2,P004628,4.5,Hyderabad
R004629,D0088,C01630,V0200,2024-06-16 11:06:00,2024-06-16 11:26:00,3.2,88.4,P004629,4.4,Mumbai
R004630,D0094,C01976,V0113,2024-10-22 09:34:00,2024-10-22 09:49:00,1.82,39.56,P004630,4.6,Chennai
R004631,D0184,C00406,V0077,2025-07-15 20:04:00,2025-07-15 20:12:00,2.95,75.4,P004631,4.6,Hyderabad
R004632,D0006,C00138,V0277,2024-03-19 04:55:00,2024-03-19 05:09:00,1.98,60.84,P004632,4.2,Pune
R004633,D0208,C01344,V0024,2024-05-04 00:15:00,2024-05-04 00:37:00,3.47,81.64,P004633,4.6,Hyderabad
R004634,D0265,C00993,V0120,2024-03-08 08:11:00,2024-03-08 08:33:00,3.86,55.88,P004634,4.8,Bangalore
R004635,D0086,C01976,V0024,2024-04-26 14:21:00,2024-04-26 14:35:00,3.94,87.28,P004635,5.0,Ahmedabad
R004636,D0131,C00071,V0148,2024-05-04 16:49:00,2024-05-04 17:06:00,1.12,53.44,P004636,4.6,Pune
R004637,D0018,C01680,V0057,2025-07-01 14:32:00,2025-07-01 14:38:00,3.46,52.68,P004637,4.0,Hyderabad
R004638,D0076,C00739,V0230,2024-05-05 15:42:00,2024-05-05 15:59:00,3.09,87.08,P004638,5.0,Bangalore
R004639,D0005,C00498,V0047,2024-10-11 02:22:00,2024-10-11 02:57:00,7.45,84.6,P004639,4.7,Pune
R004640,D0113,C01964,V0134,2024-04-04 11:11:00,2024-04-04 11:26:00,3.18,78.16,P004640,5.0,Ahmedabad
R004641,D0150,C01163,V0102,2025-02-01 06:34:00,2025-02-01 07:17:00,9.15,98.2,P004641,5.0,Delhi
R004642,D0116,C01590,V0057,2024-09-13 23:01:00,2024-09-13 23:40:00,10.12,105.96,P004642,4.4,Bangalore
R004643,D0231,C01129,V0107,2024-03-29 02:10:00,2024-03-29 02:21:00,2.18,66.16,P004643,4.7,Kolkata
R004644,D0241,C01526,V0277,2024-05-29 10:10:00,2024-05-29 10:46:00,7.98,98.84,P004644,4.7,Pune
R004645,D0097,C00981,V0288,2025-06-18 22:34:00,2025-06-18 22:51:00,3.91,53.46,P004645,5.0,Mumbai
R004646,D0043,C01940,V0284,2024-07-17 15:59:00,2024-07-17 16:13:00,5.22,102.64,P004646,3.7,Hyderabad
R004647,D0215,C00088,V0188,2024-12-25 00:21:00,2024-12-25 00:34:00,4.66,62.28,P004647,4.4,Mumbai
R004648,D0243,C01504,V0114,2025-02-02 13:06:00,2025-02-02 13:21:00,1.48,67.76,P004648,4.7,Bangalore
R004649,D0217,C00917,V0289,2025-06-08 12:13:00,2025-06-08 13:24:00,20.12,281.44,P004649,5.0,Kolkata
R004650,D0094,C01514,V0113,2024-06-20 06:39:00,2024-06-20 07:02:00,1.75,39.0,P004650,4.5,Chennai
R004651,D0126,C00156,V0290,2025-05-10 18:47:00,2025-05-10 19:22:00,8.89,96.12,P004651,4.8,Delhi
R004652,D0280,C01760,V0047,2024-03-09 23:14:00,2024-03-09 23:21:00,1.52,37.16,P004652,4.2,Chennai
R004653,D0164,C01978,V0146,2025-05-21 17:49:00,2025-05-21 17:54:00,1.19,34.52,P004653,4.9,Kolkata
R004654,D0051,C00840,V0123,2025-04-13 12:20:00,2025-04-13 13:09:00,12.93,195.16,P004654,4.8,Delhi
R004655,D0131,C01542,V0148,2025-01-12 06:57:00,2025-01-12 07:15:00,2.23,86.76,P004655,5.0,Pune
R004656,D0120,C01818,V0214,2024-02-12 01:28:00,2024-02-12 01:37:00,3.45,40.7,P004656,5.0,Chennai
R004657,D0203,C00569,V0233,2024-07-11 00:36:00,2024-07-11 00:50:00,2.0,74.0,P004657,3.9,Pune
R004658,D0023,C00620,V0220,2024-12-29 00:42:00,2024-12-29 01:15:00,8.99,73.94,P004658,5.0,Chennai
R004659,D0103,C00208,V0235,2025-01-16 20:21:00,2025-01-16 20:42:00,2.47,34.82,P004659,4.3,Ahmedabad
R004660,D0183,C00250,V0231,2025-03-01 23:53:00,2025-03-02 00:20:00,9.29,75.74,P004660,4.4,Bangalore
R004661,D0293,C00347,V0198,2024-01-08 10:55:00,2024-01-08 11:17:00,5.62,127.44,P004661,5.0,Hyderabad
R004662,D0200,C01076,V0014,2025-04-19 02:08:00,2025-04-19 02:43:00,10.74,84.44,P004662,4.3,Bangalore
R004663,D0024,C00592,V0091,2024-04-08 19:33:00,2024-04-08 19:46:00,2.41,68.92,P004663,4.5,Ahmedabad
R004664,D0282,C00849,V0148,2025-07-28 03:37:00,2025-07-28 03:59:00,7.65,131.8,P004664,4.5,Hyderabad
R004665,D0244,C00579,V0244,2024-05-19 15:31:00,2024-05-19 15:59:00,6.65,139.8,P004665,3.9,Bangalore
R004666,D0161,C00015,V0095,2025-07-20 17:46:00,2025-07-20 17:56:00,1.42,28.52,P004666,4.7,Hyderabad
R004667,D0171,C00276,V0263,2024-12-14 03:39:00,2024-12-14 04:08:00,6.94,81.64,P004667,4.5,Mumbai
R004668,D0078,C00148,V0047,2024-02-03 20:20:00,2024-02-03 20:31:00,1.49,36.92,P004668,5.0,Bangalore
R004669,D0234,C01717,V0158,2024-09-08 09:34:00,2024-09-08 10:19:00,11.74,128.92,P004669,5.0,Delhi
R004670,D0169,C01472,V0019,2025-03-11 09:02:00,2025-03-11 09:07:00,1.71,60.52,P004670,4.6,Pune
R004671,D0082,C01991,V0175,2024-04-19 01:19:00,2024-04-19 01:53:00,8.07,136.84,P004671,5.0,Ahmedabad
R004672,D0162,C01105,V0020,2024-05-20 22:16:00,2024-05-20 22:28:00,1.43,67.16,P004672,4.1,Mumbai
R004673,D0251,C01159,V0041,2025-01-23 04:17:00,2025-01-23 04:34:00,1.63,59.56,P004673,4.3,Pune
R004674,D0282,C01747,V0148,2024-12-14 13:04:00,2024-12-14 13:13:00,3.8,85.6,P004674,4.7,Hyderabad
R004675,D0159,C01168,V0080,2025-06-27 11:04:00,2025-06-27 11:26:00,1.22,34.76,P004675,4.9,Bangalore
R004676,D0251,C00539,V0041,2025-05-25 09:47:00,2025-05-25 10:21:00,8.02,136.24,P004676,4.6,Pune
R004677,D0073,C01645,V0238,2024-11-03 13:01:00,2024-11-03 13:20:00,1.45,36.6,P004677,4.5,Kolkata
R004678,D0266,C00871,V0133,2024-01-27 09:20:00,2024-01-27 09:29:00,3.31,39.86,P004678,4.9,Kolkata
R004679,D0145,C00454,V0195,2024-07-08 22:05:00,2024-07-08 22:27:00,7.03,81.24,P004679,4.5,Pune
R004680,D0121,C01419,V0192,2024-05-20 16:38:00,2024-05-20 16:48:00,1.11,46.66,P004680,4.7,Kolkata
R004681,D0290,C01023,V0102,2024-04-12 11:07:00,2024-04-12 11:13:00,2.56,55.48,P004681,4.3,Delhi
R004682,D0035,C00172,V0027,2024-04-07 08:49:00,2024-04-07 09:02:00,2.47,69.64,P004682,4.4,Ahmedabad
R004683,D0191,C00819,V0050,2024-12-07 10:56:00,2024-12-07 11:15:00,3.95,56.6,P004683,4.5,Bangalore
R004684,D0213,C00531,V0009,2024-05-06 05:36:00,2024-05-06 06:02:00,5.17,102.04,P004684,4.1,Pune
R004685,D0156,C01979,V0033,2024-08-05 18:51:00,2024-08-05 19:18:00,5.6,107.2,P004685,4.7,Delhi
R004686,D0151,C01699,V0270,2024-03-21 07:03:00,2024-03-21 07:26:00,4.94,64.52,P004686,4.9,Pune
R004687,D0070,C00903,V0283,2024-10-10 09:53:00,2024-10-10 09:59:00,2.46,79.52,P004687,4.2,Kolkata
R004688,D0251,C00844,V0041,2025-07-17 17:58:00,2025-07-17 18:10:00,1.68,60.16,P004688,4.9,Pune
R004689,D0163,C00570,V0286,2024-03-22 22:35:00,2024-03-22 22:54:00,4.82,48.92,P004689,5.0,Chennai
R004690,D0140,C01511,V0051,2025-08-14 22:34:00,2025-08-14 22:37:00,1.21,54.52,P004690,4.5,Ahmedabad
R004691,D0155,C00542,V0272,2024-10-31 17:42:00,2024-10-31 18:07:00,3.72,42.32,P004691,5.0,Ahmedabad
R004692,D0021,C00777,V0241,2024-10-31 03:57:00,2024-10-31 04:15:00,2.49,69.88,P004692,4.9,Mumbai
R004693,D0275,C00927,V0051,2025-02-17 01:19:00,2025-02-17 01:31:00,2.06,64.72,P004693,5.0,Ahmedabad
R004694,D0192,C00085,V0070,2025-03-06 02:42:00,2025-03-06 03:00:00,4.35,46.1,P004694,4.5,Kolkata
R004695,D0197,C01230,V0172,2024-12-07 08:47:00,2024-12-07 08:56:00,2.22,66.64,P004695,4.5,Pune
R004696,D0254,C01521,V0110,2024-02-23 04:04:00,2024-02-23 04:36:00,7.1,125.2,P004696,4.7,Bangalore
R004697,D0149,C01970,V0192,2024-04-06 18:00:00,2024-04-06 18:15:00,3.75,42.5,P004697,4.8,Ahmedabad
R004698,D0284,C00310,V0175,2024-04-19 15:02:00,2024-04-19 15:48:00,10.06,160.72,P004698,3.9,Delhi
R004699,D0058,C01733,V0165,2025-04-25 11:25:00,2025-04-25 11:49:00,1.71,30.26,P004699,5.0,Chennai
R004700,D0119,C01641,V0044,2025-07-08 03:16:00,2025-07-08 03:45:00,4.24,90.88,P004700,4.9,Bangalore
R004701,D0126,C01490,V0290,2024-06-11 18:35:00,2024-06-11 19:00:00,3.77,55.16,P004701,4.3,Delhi
R004702,D0026,C01017,V0066,2024-09-10 02:21:00,2024-09-10 02:57:00,7.51,65.06,P004702,4.7,Hyderabad
R004703,D0205,C01886,V0166,2024-06-21 05:41:00,2024-06-21 05:58:00,4.39,92.68,P004703,4.7,Bangalore
R004704,D0229,C01607,V0266,2025-08-05 22:55:00,2025-08-05 23:15:00,3.43,81.16,P004704,4.5,Bangalore
R004705,D0092,C00073,V0196,2024-04-16 20:51:00,2024-04-16 21:05:00,3.06,76.72,P004705,4.3,Bangalore
R004706,D0202,C01811,V0043,2024-01-18 15:13:00,2024-01-18 15:26:00,2.54,35.24,P004706,3.9,Hyderabad
R004707,D0023,C00825,V0220,2024-05-09 05:47:00,2024-05-09 06:05:00,2.37,34.22,P004707,5.0,Chennai
R004708,D0293,C01203,V0198,2025-06-05 07:26:00,2025-06-05 07:33:00,1.7,60.4,P004708,4.5,Hyderabad
R004709,D0061,C00552,V0232,2024-01-06 21:33:00,2024-01-06 21:52:00,2.7,72.4,P004709,4.4,Pune
R004710,D0024,C00924,V0091,2024-10-06 18:50:00,2024-10-06 18:58:00,1.44,57.28,P004710,4.8,Ahmedabad
R004711,D0068,C00677,V0258,2024-07-11 15:35:00,2024-07-11 15:48:00,2.25,43.0,P004711,4.9,Ahmedabad
R004712,D0039,C00946,V0072,2024-08-31 01:27:00,2024-08-31 01:32:00,1.45,28.7,P004712,5.0,Delhi
R004713,D0081,C01480,V0049,2024-08-04 19:42:00,2024-08-04 21:04:00,23.86,163.16,P004713,3.9,Delhi
R004714,D0007,C00091,V0031,2025-02-01 06:52:00,2025-02-01 07:03:00,1.79,30.74,P004714,4.9,Ahmedabad
R004715,D0142,C01143,V0264,2025-06-24 09:22:00,2025-06-24 09:35:00,1.16,46.96,P004715,5.0,Hyderabad
R004716,D0220,C01924,V0088,2024-05-19 12:37:00,2024-05-19 13:01:00,3.06,49.48,P004716,4.0,Bangalore
R004717,D0147,C01026,V0153,2025-02-25 18:18:00,2025-02-25 18:51:00,7.21,63.26,P004717,4.1,Ahmedabad
R004718,D0078,C01216,V0047,2024-10-02 07:39:00,2024-10-02 08:09:00,9.65,112.2,P004718,5.0,Bangalore
R004719,D0156,C00667,V0033,2024-05-07 22:26:00,2024-05-07 22:42:00,3.38,80.56,P004719,4.6,Delhi
R004720,D0197,C00179,V0172,2024-09-18 20:38:00,2024-09-18 21:17:00,9.92,159.04,P004720,4.5,Pune
R004721,D0172,C00745,V0198,2025-05-24 00:07:00,2025-05-24 00:34:00,5.51,106.12,P004721,4.4,Kolkata
R004722,D0179,C01249,V0299,2025-02-19 18:12:00,2025-02-19 18:28:00,4.43,93.16,P004722,4.8,Ahmedabad
R004723,D0086,C00056,V0024,2024-09-16 22:08:00,2024-09-16 22:27:00,5.59,107.08,P004723,4.6,Ahmedabad
R004724,D0213,C00401,V0009,2025-08-13 05:52:00,2025-08-13 06:08:00,4.14,99.68,P004724,4.7,Pune
R004725,D0130,C01316,V0215,2025-08-17 03:42:00,2025-08-17 03:58:00,3.54,53.32,P004725,3.8,Hyderabad
R004726,D0196,C00436,V0174,2024-09-11 04:45:00,2024-09-11 05:56:00,21.48,297.76,P004726,5.0,Pune
R004727,D0096,C01997,V0145,2024-02-11 07:15:00,2024-02-11 08:12:00,15.92,231.04,P004727,5.0,Delhi
R004728,D0128,C00373,V0218,2024-02-17 23:04:00,2024-02-17 23:37:00,9.41,152.92,P004728,4.9,Bangalore
R004729,D0030,C00515,V0164,2025-02-08 04:13:00,2025-02-08 04:26:00,1.28,27.68,P004729,4.0,Hyderabad
R004730,D0134,C00517,V0287,2024-10-10 03:36:00,2024-10-10 03:50:00,1.44,67.28,P004730,4.1,Mumbai
R004731,D0020,C00106,V0227,2024-01-03 20:13:00,2024-01-03 20:34:00,4.36,92.32,P004731,4.0,Hyderabad
R004732,D0027,C01803,V0126,2024-04-23 22:00:00,2024-04-23 22:12:00,1.25,27.5,P004732,4.5,Ahmedabad
R004733,D0226,C01450,V0183,2025-02-27 03:21:00,2025-02-27 03:34:00,2.07,64.84,P004733,4.4,Ahmedabad
R004734,D0177,C01461,V0028,2024-07-30 14:09:00,2024-07-30 14:26:00,3.98,43.88,P004734,4.9,Kolkata
R004735,D0096,C00653,V0145,2024-05-30 23:41:00,2024-05-31 00:03:00,4.67,96.04,P004735,4.6,Delhi
R004736,D0021,C00734,V0241,2024-05-06 11:20:00,2024-05-06 12:10:00,14.87,218.44,P004736,4.4,Mumbai
R004737,D0012,C01258,V0075,2025-02-24 12:42:00,2025-02-24 13:19:00,10.18,106.44,P004737,4.7,Delhi
R004738,D0294,C01058,V0133,2025-06-15 21:17:00,2025-06-15 21:31:00,2.49,44.94,P004738,5.0,Bangalore
R004739,D0184,C01835,V0077,2025-03-30 21:12:00,2025-03-30 21:29:00,2.43,69.16,P004739,5.0,Hyderabad
R004740,D0155,C01627,V0272,2024-05-29 06:24:00,2024-05-29 06:55:00,7.08,62.48,P004740,5.0,Ahmedabad
R004741,D0229,C00752,V0266,2024-12-27 06:55:00,2024-12-27 07:29:00,7.69,132.28,P004741,5.0,Bangalore
R004742,D0055,C00279,V0237,2024-09-05 15:31:00,2024-09-05 15:39:00,3.31,79.72,P004742,4.8,Chennai
R004743,D0221,C00698,V0220,2024-10-07 13:03:00,2024-10-07 13:19:00,1.51,29.06,P004743,4.9,Delhi
R004744,D0075,C01895,V0067,2024-09-15 00:27:00,2024-09-15 00:30:00,1.79,49.32,P004744,4.4,Hyderabad
R004745,D0204,C00802,V0191,2025-04-19 05:03:00,2025-04-19 05:15:00,2.36,68.32,P004745,5.0,Mumbai
R004746,D0253,C01829,V0158,2024-03-02 23:29:00,2024-03-02 23:56:00,7.76,87.08,P004746,4.9,Ahmedabad
R004747,D0161,C01305,V0095,2025-06-20 09:13:00,2025-06-20 09:35:00,5.91,65.46,P004747,4.7,Hyderabad
R004748,D0204,C00012,V0191,2025-02-27 03:56:00,2025-02-27 04:12:00,4.73,96.76,P004748,4.9,Mumbai
R004749,D0170,C00170,V0132,2024-10-21 04:18:00,2024-10-21 04:25:00,0.54,46.48,P004749,4.8,Ahmedabad
R004750,D0171,C00976,V0263,2024-10-13 05:27:00,2024-10-13 06:05:00,12.62,95.72,P004750,4.9,Mumbai
R004751,D0103,C00661,V0235,2024-01-15 15:50:00,2024-01-15 16:17:00,4.21,45.26,P004751,4.3,Ahmedabad
R004752,D0268,C01756,V0271,2025-06-26 02:37:00,2025-06-26 03:03:00,7.54,130.48,P004752,4.8,Mumbai
R004753,D0198,C01120,V0010,2025-04-10 11:19:00,2025-04-10 11:55:00,6.7,130.4,P004753,4.4,Hyderabad
R004754,D0053,C00231,V0112,2024-08-17 14:12:00,2024-08-17 14:23:00,4.19,90.28,P004754,5.0,Bangalore
R004755,D0277,C01729,V0084,2024-10-09 15:24:00,2024-10-09 15:39:00,3.85,86.2,P004755,4.2,Bangalore
R004756,D0151,C01709,V0270,2024-10-03 05:30:00,2024-10-03 06:12:00,12.67,146.36,P004756,3.8,Pune
R004757,D0206,C01119,V0214,2024-08-13 14:57:00,2024-08-13 15:13:00,2.8,56.8,P004757,4.7,Delhi
R004758,D0216,C01461,V0188,2024-05-16 00:49:00,2024-05-16 01:11:00,2.27,43.16,P004758,4.7,Hyderabad
R004759,D0121,C01271,V0192,2024-08-28 20:31:00,2024-08-28 20:42:00,2.32,33.92,P004759,4.6,Kolkata
R004760,D0233,C00972,V0240,2025-01-28 07:35:00,2025-01-28 08:01:00,5.68,118.16,P004760,3.4,Bangalore
R004761,D0295,C00840,V0002,2025-06-05 20:59:00,2025-06-05 21:10:00,1.87,62.44,P004761,4.3,Kolkata
R004762,D0264,C01623,V0097,2024-05-28 03:17:00,2024-05-28 04:18:00,17.97,255.64,P004762,5.0,Mumbai
R004763,D0241,C01815,V0277,2025-01-14 16:16:00,2025-01-14 16:23:00,1.07,33.56,P004763,4.7,Pune
R004764,D0110,C00578,V0289,2024-04-11 08:55:00,2024-04-11 09:30:00,8.5,142.0,P004764,4.8,Hyderabad
R004765,D0085,C00178,V0225,2025-06-12 09:47:00,2025-06-12 09:57:00,0.83,31.64,P004765,4.8,Chennai
R004766,D0036,C00623,V0002,2025-02-17 00:04:00,2025-02-17 00:21:00,3.46,81.52,P004766,5.0,Chennai
R004767,D0152,C00909,V0015,2025-08-03 03:15:00,2025-08-03 03:31:00,1.43,36.44,P004767,4.5,Chennai
R004768,D0073,C00030,V0238,2024-10-16 08:51:00,2024-10-16 08:54:00,1.72,38.76,P004768,4.1,Kolkata
R004769,D0003,C01158,V0159,2024-09-07 21:59:00,2024-09-07 22:24:00,5.75,109.0,P004769,4.5,Delhi
R004770,D0017,C01266,V0170,2025-07-23 19:36:00,2025-07-23 19:45:00,1.3,27.8,P004770,5.0,Mumbai
R004771,D0083,C00509,V0149,2025-06-26 05:40:00,2025-06-26 06:04:00,6.17,114.04,P004771,4.7,Hyderabad
R004772,D0294,C01867,V0133,2025-05-23 16:00:00,2025-05-23 16:24:00,4.11,44.66,P004772,4.5,Bangalore
R004773,D0153,C01275,V0279,2024-06-01 00:20:00,2024-06-01 00:39:00,3.85,86.2,P004773,4.8,Kolkata
R004774,D0151,C00491,V0270,2025-07-21 13:36:00,2025-07-21 14:08:00,5.41,78.28,P004774,4.3,Pune
R004775,D0059,C01755,V0187,2024-12-15 00:30:00,2024-12-15 00:43:00,3.09,97.08,P004775,3.9,Ahmedabad
R004776,D0091,C01884,V0293,2024-07-17 05:06:00,2024-07-17 05:45:00,7.75,143.0,P004776,4.6,Bangalore
R004777,D0028,C01099,V0240,2024-11-09 23:48:00,2024-11-09 23:59:00,2.37,68.44,P004777,4.5,Bangalore
R004778,D0026,C01341,V0066,2025-03-11 08:44:00,2025-03-11 08:59:00,3.83,42.98,P004778,4.0,Hyderabad
R004779,D0042,C01382,V0291,2024-10-05 18:12:00,2024-10-05 18:38:00,3.14,77.68,P004779,4.3,Bangalore
R004780,D0029,C00695,V0069,2025-02-15 21:53:00,2025-02-15 22:21:00,5.04,50.24,P004780,4.9,Ahmedabad
R004781,D0155,C01380,V0272,2025-08-01 18:22:00,2025-08-01 18:31:00,2.64,45.84,P004781,4.8,Ahmedabad
R004782,D0284,C00618,V0175,2024-04-08 12:30:00,2024-04-08 12:50:00,2.96,75.52,P004782,4.3,Delhi
R004783,D0053,C01591,V0112,2024-07-19 07:20:00,2024-07-19 07:55:00,7.27,127.24,P004783,5.0,Bangalore
R004784,D0030,C00259,V0164,2024-02-16 10:22:00,2024-02-16 10:38:00,1.62,29.72,P004784,3.6,Hyderabad
R004785,D0041,C01149,V0141,2025-04-27 07:34:00,2025-04-27 08:14:00,10.47,82.82,P004785,4.8,Delhi
R004786,D0254,C00756,V0110,2024-12-07 15:14:00,2024-12-07 15:39:00,6.58,118.96,P004786,5.0,Bangalore
R004787,D0121,C01338,V0192,2025-03-17 17:01:00,2025-03-17 17:21:00,1.57,39.42,P004787,4.1,Kolkata
R004788,D0191,C01097,V0050,2024-03-19 03:36:00,2024-03-19 04:00:00,5.59,79.72,P004788,4.9,Bangalore
R004789,D0036,C00866,V0002,2024-05-20 07:26:00,2024-05-20 08:08:00,11.11,173.32,P004789,5.0,Chennai
R004790,D0230,C00539,V0052,2024-02-14 06:29:00,2024-02-14 06:33:00,1.14,53.68,P004790,3.8,Chennai
R004791,D0281,C01629,V0294,2025-02-26 17:47:00,2025-02-26 17:59:00,2.99,75.88,P004791,5.0,Delhi
R004792,D0187,C01282,V0192,2024-03-15 03:43:00,2024-03-15 04:24:00,13.08,98.48,P004792,4.7,Delhi
R004793,D0199,C00932,V0282,2025-07-15 14:45:00,2025-07-15 14:55:00,1.41,56.92,P004793,4.9,Chennai
R004794,D0091,C00224,V0293,2024-05-18 07:47:00,2024-05-18 07:53:00,1.6,59.2,P004794,4.3,Bangalore
R004795,D0100,C01249,V0116,2024-08-07 06:23:00,2024-08-07 06:48:00,7.36,64.16,P004795,5.0,Kolkata
R004796,D0071,C01948,V0263,2024-04-09 01:16:00,2024-04-09 01:31:00,3.5,61.0,P004796,4.7,Pune
R004797,D0122,C01760,V0273,2024-01-12 18:26:00,2024-01-12 18:55:00,7.25,63.5,P004797,5.0,Pune
R004798,D0164,C01184,V0146,2024-05-03 08:41:00,2024-05-03 09:46:00,20.97,202.76,P004798,4.7,Kolkata
R004799,D0280,C00241,V0047,2025-04-05 06:05:00,2025-04-05 06:29:00,2.62,45.96,P004799,4.9,Chennai
R004800,D0038,C01637,V0099,2024-12-14 07:39:00,2024-12-14 08:28:00,9.71,78.26,P004800,4.7,Bangalore
R004801,D0089,C01011,V0180,2024-05-01 02:51:00,2024-05-01 03:13:00,3.85,86.2,P004801,4.4,Hyderabad
R004802,D0009,C00997,V0058,2024-09-13 19:34:00,2024-09-13 19:53:00,2.49,44.94,P004802,5.0,Delhi
R004803,D0277,C01584,V0084,2024-09-03 01:30:00,2024-09-03 01:58:00,6.73,140.76,P004803,4.7,Bangalore
R004804,D0071,C01395,V0263,2024-10-10 17:10:00,2024-10-10 17:22:00,1.79,30.74,P004804,4.8,Pune
R004805,D0280,C00954,V0047,2024-01-07 15:52:00,2024-01-07 16:18:00,2.82,47.56,P004805,4.2,Chennai
R004806,D0151,C01759,V0270,2024-08-09 13:56:00,2024-08-09 14:15:00,1.4,56.2,P004806,4.9,Pune
R004807,D0117,C00525,V0021,2024-12-04 03:05:00,2024-12-04 03:15:00,1.34,66.08,P004807,4.6,Hyderabad
R004808,D0288,C00970,V0214,2025-05-30 18:14:00,2025-05-30 18:30:00,1.35,28.1,P004808,4.4,Kolkata
R004809,D0044,C01201,V0170,2025-08-12 08:00:00,2025-08-12 08:22:00,4.33,55.98,P004809,3.9,Ahmedabad
R004810,D0055,C01417,V0237,2025-03-13 22:22:00,2025-03-13 22:26:00,1.09,53.08,P004810,4.8,Chennai
R004811,D0032,C01035,V0015,2024-12-31 14:35:00,2024-12-31 15:22:00,9.28,99.24,P004811,4.4,Bangalore
R004812,D0153,C01674,V0279,2024-06-17 00:47:00,2024-06-17 01:07:00,3.47,101.64,P004812,4.2,Kolkata
R004813,D0086,C01338,V0024,2024-04-09 20:36:00,2024-04-09 20:41:00,1.32,55.84,P004813,4.0,Ahmedabad
R004814,D0080,C00882,V0165,2024-01-22 21:17:00,2024-01-22 21:36:00,5.53,53.18,P004814,4.7,Kolkata
R004815,D0300,C00159,V0271,2024-07-16 05:52:00,2024-07-16 06:17:00,7.42,129.04,P004815,4.8,Pune
R004816,D0093,C01704,V0255,2024-06-09 07:47:00,2024-06-09 08:04:00,2.53,70.36,P004816,4.9,Ahmedabad
R004817,D0273,C01716,V0261,2024-02-16 23:11:00,2024-02-16 23:40:00,8.01,89.08,P004817,4.9,Chennai
R004818,D0229,C01455,V0266,2024-07-19 06:12:00,2024-07-19 06:32:00,3.61,83.32,P004818,5.0,Bangalore
R004819,D0009,C01498,V0058,2024-05-15 09:29:00,2024-05-15 09:44:00,0.78,24.68,P004819,4.3,Delhi
R004820,D0068,C00161,V0258,2024-03-03 21:28:00,2024-03-03 21:53:00,7.39,84.12,P004820,4.7,Ahmedabad
R004821,D0073,C00766,V0238,2024-08-19 19:08:00,2024-08-19 19:26:00,4.32,59.56,P004821,4.8,Kolkata
R004822,D0001,C01278,V0080,2024-02-02 03:46:00,2024-02-02 04:05:00,1.21,34.68,P004822,4.2,Bangalore
R004823,D0265,C01939,V0120,2024-07-28 11:40:00,2024-07-28 11:54:00,1.44,36.52,P004823,4.5,Bangalore
R004824,D0101,C00164,V0274,2024-11-02 21:27:00,2024-11-02 21:50:00,6.5,118.0,P004824,4.1,Chennai
R004825,D0300,C00500,V0271,2024-06-06 22:04:00,2024-06-06 22:29:00,5.36,124.32,P004825,4.8,Pune
R004826,D0298,C01092,V0294,2024-06-11 15:24:00,2024-06-11 15:31:00,2.74,72.88,P004826,4.7,Hyderabad
R004827,D0024,C01575,V0091,2024-01-08 05:23:00,2024-01-08 05:31:00,1.59,59.08,P004827,4.8,Ahmedabad
R004828,D0184,C01892,V0077,2024-02-05 17:11:00,2024-02-05 17:19:00,2.89,84.68,P004828,4.6,Hyderabad
R004829,D0205,C01482,V0166,2025-03-06 03:05:00,2025-03-06 03:24:00,4.71,116.52,P004829,4.2,Bangalore
R004830,D0202,C01773,V0043,2024-06-10 06:04:00,2024-06-10 06:34:00,4.3,45.8,P004830,4.1,Hyderabad
R004831,D0108,C01740,V0105,2024-06-06 13:06:00,2024-06-06 13:27:00,3.2,39.2,P004831,4.3,Delhi
R004832,D0256,C00574,V0211,2025-03-21 07:44:00,2025-03-21 08:14:00,8.21,69.26,P004832,4.6,Chennai
R004833,D0227,C00805,V0128,2024-06-19 08:45:00,2024-06-19 09:06:00,3.42,52.36,P004833,4.9,Bangalore
R004834,D0293,C01959,V0198,2025-06-16 22:35:00,2025-06-16 22:53:00,1.49,67.88,P004834,3.9,Hyderabad
R004835,D0040,C01858,V0294,2025-06-27 18:57:00,2025-06-27 19:11:00,2.32,67.84,P004835,4.4,Bangalore
R004836,D0198,C01510,V0010,2025-08-22 10:56:00,2025-08-22 11:19:00,3.32,89.84,P004836,4.4,Hyderabad
R004837,D0172,C00082,V0198,2025-04-08 05:53:00,2025-04-08 06:14:00,3.5,82.0,P004837,4.5,Kolkata
R004838,D0147,C00815,V0153,2025-06-29 21:36:00,2025-06-29 22:04:00,5.02,50.12,P004838,4.5,Ahmedabad
R004839,D0144,C00912,V0105,2024-08-08 14:27:00,2024-08-08 14:51:00,7.94,77.64,P004839,4.7,Bangalore
R004840,D0031,C01925,V0263,2024-06-25 19:53:00,2024-06-25 20:14:00,3.12,38.72,P004840,4.1,Mumbai
R004841,D0030,C00875,V0164,2025-03-31 08:20:00,2025-03-31 08:47:00,5.56,53.36,P004841,4.9,Hyderabad
R004842,D0001,C01012,V0080,2024-09-23 19:13:00,2024-09-23 19:23:00,1.83,39.64,P004842,4.7,Bangalore
R004843,D0168,C01009,V0007,2024-01-21 06:25:00,2024-01-21 06:36:00,2.23,43.38,P004843,4.2,Ahmedabad
R004844,D0101,C00076,V0274,2024-10-29 12:49:00,2024-10-29 13:05:00,4.96,99.52,P004844,4.4,Chennai
R004845,D0150,C01427,V0102,2025-07-02 14:59:00,2025-07-02 15:40:00,9.85,103.8,P004845,4.9,Delhi
R004846,D0239,C01986,V0038,2024-04-03 18:07:00,2024-04-03 18:20:00,1.43,36.44,P004846,4.6,Pune
R004847,D0255,C00516,V0104,2024-05-09 01:14:00,2024-05-09 01:43:00,7.24,126.88,P004847,4.6,Pune
R004848,D0235,C00916,V0044,2025-06-30 03:35:00,2025-06-30 04:06:00,6.5,118.0,P004848,4.7,Ahmedabad
R004849,D0004,C01865,V0096,2025-05-05 12:58:00,2025-05-05 13:06:00,2.43,79.16,P004849,4.9,Pune
R004850,D0077,C00997,V0276,2025-08-17 22:47:00,2025-08-17 23:05:00,5.29,103.48,P004850,5.0,Chennai
R004851,D0032,C00533,V0015,2024-05-18 01:33:00,2024-05-18 01:41:00,2.7,46.6,P004851,3.9,Bangalore
R004852,D0174,C01445,V0148,2024-07-03 17:56:00,2024-07-03 18:23:00,4.49,93.88,P004852,4.5,Hyderabad
R004853,D0104,C00664,V0290,2024-08-25 04:15:00,2024-08-25 04:28:00,2.05,51.4,P004853,4.4,Ahmedabad
R004854,D0171,C01093,V0263,2024-02-21 16:54:00,2024-02-21 17:41:00,12.41,94.46,P004854,4.7,Mumbai
R004855,D0067,C01123,V0199,2025-07-10 02:15:00,2025-07-10 02:52:00,9.4,162.8,P004855,4.7,Mumbai
R004856,D0011,C00836,V0218,2025-07-05 17:05:00,2025-07-05 17:23:00,1.49,77.88,P004856,4.8,Bangalore
R004857,D0132,C01465,V0058,2024-12-13 16:34:00,2024-12-13 16:43:00,1.5,29.0,P004857,4.5,Chennai
R004858,D0196,C00495,V0174,2024-04-05 08:16:00,2024-04-05 08:41:00,4.86,98.32,P004858,5.0,Pune
R004859,D0274,C00940,V0024,2024-12-06 17:08:00,2024-12-06 17:19:00,3.67,84.04,P004859,4.9,Kolkata
R004860,D0226,C00303,V0183,2024-07-01 01:27:00,2024-07-01 01:40:00,0.86,50.32,P004860,4.9,Ahmedabad
R004861,D0252,C01018,V0093,2025-05-17 06:08:00,2025-05-17 06:19:00,1.42,67.04,P004861,4.1,Delhi
R004862,D0068,C01862,V0258,2024-08-13 22:40:00,2024-08-13 22:55:00,1.27,35.16,P004862,4.3,Ahmedabad
R004863,D0070,C01950,V0283,2024-04-01 16:09:00,2024-04-01 16:12:00,2.15,65.8,P004863,4.3,Kolkata
R004864,D0164,C01852,V0146,2025-03-28 02:27:00,2025-03-28 03:14:00,14.24,138.92,P004864,4.0,Kolkata
R004865,D0096,C01563,V0145,2025-07-13 02:47:00,2025-07-13 02:58:00,1.71,60.52,P004865,5.0,Delhi
R004866,D0044,C01061,V0170,2024-11-25 14:10:00,2024-11-25 14:27:00,5.79,54.74,P004866,4.4,Ahmedabad
R004867,D0279,C01952,V0029,2024-10-09 10:01:00,2024-10-09 10:13:00,1.49,67.88,P004867,4.5,Chennai
R004868,D0079,C01579,V0087,2024-02-03 00:49:00,2024-02-03 01:00:00,3.81,85.72,P004868,4.6,Hyderabad
R004869,D0181,C01008,V0222,2024-01-28 21:44:00,2024-01-28 22:23:00,10.16,80.96,P004869,4.9,Bangalore
R004870,D0256,C01198,V0211,2024-01-25 23:01:00,2024-01-25 23:11:00,1.94,41.64,P004870,4.8,Chennai
R004871,D0065,C00752,V0025,2024-03-26 10:10:00,2024-03-26 10:34:00,1.91,31.46,P004871,4.4,Mumbai
R004872,D0278,C01215,V0214,2025-08-22 02:05:00,2025-08-22 02:52:00,11.39,98.34,P004872,4.8,Kolkata
R004873,D0004,C01094,V0096,2024-07-13 15:51:00,2024-07-13 16:12:00,3.71,84.52,P004873,4.2,Pune
R004874,D0051,C00752,V0123,2024-04-10 14:50:00,2024-04-10 14:59:00,2.96,85.52,P004874,4.6,Delhi
R004875,D0219,C01656,V0063,2025-07-05 20:23:00,2025-07-05 20:59:00,9.2,108.6,P004875,4.8,Ahmedabad
R004876,D0266,C00672,V0133,2024-02-28 20:47:00,2024-02-28 21:38:00,15.73,114.38,P004876,4.2,Kolkata
R004877,D0256,C00665,V0211,2024-01-27 23:09:00,2024-01-27 23:57:00,12.0,92.0,P004877,5.0,Chennai
R004878,D0280,C00795,V0047,2024-12-27 10:24:00,2024-12-27 10:48:00,4.01,57.08,P004878,4.8,Chennai
R004879,D0045,C00727,V0195,2024-04-27 16:41:00,2024-04-27 16:54:00,2.94,48.52,P004879,4.9,Chennai
R004880,D0084,C01161,V0261,2024-10-23 09:16:00,2024-10-23 09:30:00,2.53,45.24,P004880,4.5,Chennai
R004881,D0242,C01225,V0221,2024-06-12 02:34:00,2024-06-12 02:40:00,2.28,67.36,P004881,4.5,Ahmedabad
R004882,D0133,C01085,V0080,2024-05-31 19:42:00,2024-05-31 20:05:00,5.17,66.36,P004882,4.5,Pune
R004883,D0246,C00294,V0079,2025-08-13 17:30:00,2025-08-13 17:46:00,2.47,44.76,P004883,5.0,Mumbai
R004884,D0157,C01958,V0217,2024-10-21 15:33:00,2024-10-21 16:29:00,14.46,106.76,P004884,4.5,Delhi
R004885,D0017,C00911,V0170,2024-03-19 04:11:00,2024-03-19 04:31:00,3.74,42.44,P004885,5.0,Mumbai
R004886,D0017,C00510,V0170,2024-10-22 16:39:00,2024-10-22 17:09:00,5.5,53.0,P004886,4.1,Mumbai
R004887,D0090,C01520,V0234,2024-02-13 10:24:00,2024-02-13 10:34:00,1.94,73.28,P004887,5.0,Bangalore
R004888,D0050,C01020,V0033,2025-04-25 01:32:00,2025-04-25 01:39:00,1.27,55.24,P004888,4.5,Kolkata
R004889,D0229,C01964,V0266,2025-03-21 14:01:00,2025-03-21 14:23:00,5.92,111.04,P004889,3.9,Bangalore
R004890,D0024,C00713,V0091,2024-02-15 19:03:00,2024-02-15 19:11:00,2.28,67.36,P004890,4.6,Ahmedabad
R004891,D0107,C00393,V0124,2024-01-03 21:16:00,2024-01-03 21:35:00,4.27,91.24,P004891,3.9,Pune
R004892,D0222,C01756,V0051,2024-09-08 12:22:00,2024-09-08 12:31:00,1.18,64.16,P004892,3.6,Chennai
R004893,D0227,C00743,V0128,2024-12-15 02:23:00,2024-12-15 02:50:00,6.23,74.84,P004893,5.0,Bangalore
R004894,D0166,C00302,V0279,2025-06-12 08:33:00,2025-06-12 08:50:00,2.14,75.68,P004894,4.6,Pune
R004895,D0273,C00985,V0261,2024-06-02 12:24:00,2024-06-02 12:38:00,1.89,40.12,P004895,5.0,Chennai
R004896,D0179,C01818,V0299,2025-07-30 03:15:00,2025-07-30 03:31:00,0.85,60.2,P004896,4.2,Ahmedabad
R004897,D0281,C01824,V0294,2025-02-26 04:51:00,2025-02-26 05:00:00,2.57,70.84,P004897,4.8,Delhi
R004898,D0260,C00673,V0070,2024-10-02 16:14:00,2024-10-02 16:42:00,7.45,64.7,P004898,5.0,Chennai
R004899,D0294,C01174,V0133,2024-11-25 11:42:00,2024-11-25 12:00:00,4.01,44.06,P004899,4.7,Bangalore
R004900,D0008,C00123,V0203,2024-02-20 11:19:00,2024-02-20 11:38:00,3.33,39.98,P004900,4.7,Chennai
R004901,D0249,C00211,V0290,2024-06-23 18:24:00,2024-06-23 18:53:00,7.12,81.96,P004901,4.9,Kolkata
R004902,D0006,C01909,V0277,2024-02-12 17:45:00,2024-02-12 18:12:00,6.23,74.84,P004902,4.3,Pune
R004903,D0194,C00694,V0057,2024-02-10 20:30:00,2024-02-10 20:47:00,1.41,56.28,P004903,3.8,Delhi
R004904,D0111,C00966,V0154,2024-02-24 13:13:00,2024-02-24 13:27:00,0.81,24.86,P004904,4.4,Ahmedabad
R004905,D0165,C01976,V0010,2024-09-03 13:38:00,2024-09-03 13:48:00,2.04,64.48,P004905,4.4,Delhi
R004906,D0255,C01390,V0104,2025-07-25 14:39:00,2025-07-25 15:11:00,10.27,163.24,P004906,4.7,Pune
R004907,D0237,C01216,V0023,2024-12-29 00:49:00,2024-12-29 01:46:00,18.04,169.32,P004907,4.7,Ahmedabad
R004908,D0200,C00966,V0014,2025-06-22 05:08:00,2025-06-22 05:20:00,3.88,43.28,P004908,4.3,Bangalore
R004909,D0125,C01754,V0055,2024-03-07 01:17:00,2024-03-07 01:27:00,1.33,65.96,P004909,4.7,Delhi
R004910,D0281,C01292,V0294,2024-02-18 03:55:00,2024-02-18 04:35:00,10.53,166.36,P004910,4.4,Delhi
R004911,D0023,C00884,V0220,2025-02-05 08:53:00,2025-02-05 09:44:00,12.05,92.3,P004911,4.6,Chennai
R004912,D0253,C00933,V0158,2025-06-25 03:56:00,2025-06-25 04:05:00,1.8,39.4,P004912,4.3,Ahmedabad
R004913,D0050,C01943,V0033,2025-07-23 16:47:00,2025-07-23 17:19:00,5.13,101.56,P004913,4.1,Kolkata
R004914,D0107,C00605,V0124,2024-01-06 08:40:00,2024-01-06 09:21:00,9.82,157.84,P004914,5.0,Pune
R004915,D0196,C00530,V0174,2024-09-21 20:11:00,2024-09-21 20:39:00,6.32,115.84,P004915,4.7,Pune
R004916,D0082,C01827,V0175,2025-07-14 15:31:00,2025-07-14 15:51:00,4.08,88.96,P004916,4.8,Ahmedabad
R004917,D0300,C01292,V0271,2024-09-11 16:12:00,2024-09-11 16:34:00,4.47,93.64,P004917,4.7,Pune
R004918,D0130,C00224,V0215,2025-01-22 22:48:00,2025-01-22 22:59:00,0.85,31.8,P004918,5.0,Hyderabad
R004919,D0103,C01818,V0235,2024-07-11 16:41:00,2024-07-11 16:52:00,2.14,32.84,P004919,4.9,Ahmedabad
R004920,D0006,C01322,V0277,2024-03-06 12:17:00,2024-03-06 12:24:00,1.23,34.84,P004920,5.0,Pune
R004921,D0243,C01232,V0114,2024-09-05 04:43:00,2024-09-05 04:58:00,2.11,65.32,P004921,5.0,Bangalore
R004922,D0176,C01818,V0141,2024-03-08 04:44:00,2024-03-08 05:14:00,6.22,67.32,P004922,4.7,Pune
R004923,D0126,C00604,V0290,2025-02-13 19:43:00,2025-02-13 19:59:00,3.03,49.24,P004923,4.7,Delhi
R004924,D0076,C01039,V0230,2024-10-29 23:10:00,2024-10-29 23:32:00,2.59,81.08,P004924,5.0,Bangalore
R004925,D0271,C00103,V0166,2025-06-18 18:41:00,2025-06-18 19:00:00,2.48,69.76,P004925,4.0,Mumbai
R004926,D0215,C01632,V0188,2024-11-10 13:19:00,2024-11-10 13:33:00,2.57,45.56,P004926,4.6,Mumbai
R004927,D0207,C00170,V0110,2024-06-11 00:15:00,2024-06-11 00:31:00,4.35,92.2,P004927,4.7,Pune
R004928,D0046,C00893,V0271,2025-03-05 22:08:00,2025-03-05 22:32:00,1.64,69.68,P004928,4.5,Delhi
R004929,D0222,C01186,V0051,2025-01-12 23:46:00,2025-01-13 00:10:00,9.21,150.52,P004929,4.4,Chennai
R004930,D0002,C00035,V0119,2025-06-25 13:13:00,2025-06-25 13:29:00,3.46,40.76,P004930,4.6,Delhi
R004931,D0239,C00111,V0038,2024-04-16 09:49:00,2024-04-16 10:13:00,6.44,76.52,P004931,3.8,Pune
R004932,D0085,C00716,V0225,2024-09-14 02:29:00,2024-09-14 03:23:00,18.25,171.0,P004932,4.5,Chennai
R004933,D0259,C00120,V0239,2024-02-11 12:18:00,2024-02-11 12:33:00,3.34,80.08,P004933,3.9,Mumbai
R004934,D0078,C01890,V0047,2025-02-03 05:22:00,2025-02-03 05:41:00,2.14,42.12,P004934,5.0,Bangalore
R004935,D0094,C01967,V0113,2025-01-17 09:55:00,2025-01-17 10:22:00,8.12,89.96,P004935,5.0,Chennai
R004936,D0255,C00402,V0104,2024-02-13 05:25:00,2024-02-13 05:36:00,1.62,59.44,P004936,4.6,Pune
R004937,D0172,C01931,V0198,2024-08-22 23:43:00,2024-08-23 00:21:00,9.98,159.76,P004937,3.9,Kolkata
R004938,D0082,C01537,V0175,2025-01-12 10:34:00,2025-01-12 11:07:00,5.53,106.36,P004938,4.8,Ahmedabad
R004939,D0078,C00356,V0047,2024-07-10 09:12:00,2024-07-10 09:33:00,3.67,54.36,P004939,4.2,Bangalore
R004940,D0076,C00094,V0230,2024-01-24 21:05:00,2024-01-24 21:37:00,9.53,154.36,P004940,4.5,Bangalore
R004941,D0179,C01178,V0299,2025-04-26 12:19:00,2025-04-26 12:47:00,6.97,133.64,P004941,3.8,Ahmedabad
R004942,D0056,C01304,V0068,2025-02-25 08:55:00,2025-02-25 09:21:00,6.25,95.0,P004942,4.8,Bangalore
R004943,D0248,C01977,V0124,2024-10-24 16:36:00,2024-10-24 16:54:00,4.47,93.64,P004943,3.9,Kolkata
R004944,D0124,C01009,V0088,2025-06-27 16:58:00,2025-06-27 17:05:00,1.44,36.52,P004944,4.8,Hyderabad
R004945,D0290,C00896,V0102,2024-01-24 07:46:00,2024-01-24 08:06:00,4.52,61.16,P004945,4.8,Delhi
R004946,D0073,C00561,V0238,2024-04-21 11:15:00,2024-04-21 11:36:00,2.0,41.0,P004946,4.8,Kolkata
R004947,D0187,C01374,V0192,2025-07-23 22:32:00,2025-07-23 23:04:00,7.89,67.34,P004947,4.1,Delhi
R004948,D0260,C00809,V0070,2025-06-15 05:53:00,2025-06-15 06:39:00,9.23,75.38,P004948,4.5,Chennai
R004949,D0117,C00588,V0021,2024-10-09 10:46:00,2024-10-09 11:03:00,2.97,75.64,P004949,5.0,Hyderabad
R004950,D0251,C01157,V0041,2024-05-17 14:39:00,2024-05-17 14:55:00,3.14,97.68,P004950,4.6,Pune
R004951,D0047,C00374,V0054,2024-03-04 21:44:00,2024-03-04 21:56:00,3.26,79.12,P004951,5.0,Chennai
R004952,D0003,C01720,V0159,2024-12-14 01:18:00,2024-12-14 01:47:00,6.96,123.52,P004952,4.8,Delhi
R004953,D0111,C00911,V0154,2024-02-28 09:15:00,2024-02-28 09:41:00,5.39,52.34,P004953,4.0,Ahmedabad
R004954,D0266,C01671,V0133,2024-07-28 06:13:00,2024-07-28 06:44:00,5.53,53.18,P004954,5.0,Kolkata
R004955,D0096,C00040,V0145,2024-12-29 06:53:00,2024-12-29 07:04:00,2.68,72.16,P004955,5.0,Delhi
R004956,D0149,C01864,V0192,2025-06-22 08:37:00,2025-06-22 08:56:00,3.01,38.06,P004956,4.8,Ahmedabad
R004957,D0040,C01761,V0294,2024-11-18 22:07:00,2024-11-18 22:33:00,7.57,130.84,P004957,4.4,Bangalore
R004958,D0181,C01391,V0222,2025-02-08 23:14:00,2025-02-08 23:37:00,2.62,45.72,P004958,4.5,Bangalore
R004959,D0074,C00715,V0267,2024-05-24 03:05:00,2024-05-24 03:22:00,1.48,57.76,P004959,5.0,Chennai
R004960,D0058,C01063,V0165,2024-04-06 22:38:00,2024-04-06 22:56:00,4.66,47.96,P004960,4.4,Chennai
R004961,D0124,C01131,V0088,2025-04-10 16:29:00,2025-04-10 16:45:00,3.69,54.52,P004961,4.4,Hyderabad
R004962,D0016,C01531,V0285,2024-05-06 17:03:00,2024-05-06 17:44:00,9.63,155.56,P004962,4.8,Delhi
R004963,D0138,C00349,V0027,2024-07-22 07:37:00,2024-07-22 08:05:00,2.71,72.52,P004963,4.5,Delhi
R004964,D0232,C01350,V0160,2024-04-03 20:43:00,2024-04-03 21:16:00,8.1,68.6,P004964,4.7,Ahmedabad
R004965,D0035,C01237,V0027,2024-07-21 15:13:00,2024-07-21 15:28:00,2.51,70.12,P004965,4.3,Ahmedabad
R004966,D0248,C01276,V0124,2024-05-17 12:41:00,2024-05-17 12:55:00,2.23,66.76,P004966,3.9,Kolkata
R004967,D0109,C00826,V0152,2024-11-26 07:02:00,2024-11-26 07:16:00,6.29,75.32,P004967,4.2,Delhi
R004968,D0256,C01108,V0211,2025-02-20 01:46:00,2025-02-20 02:07:00,3.37,40.22,P004968,4.8,Chennai
R004969,D0283,C01473,V0090,2024-03-19 02:58:00,2024-03-19 04:00:00,18.27,269.24,P004969,4.9,Delhi
R004970,D0267,C00588,V0115,2025-06-01 15:48:00,2025-06-01 16:12:00,7.3,83.4,P004970,4.6,Ahmedabad
R004971,D0183,C01319,V0231,2024-12-01 12:06:00,2024-12-01 12:25:00,3.75,52.5,P004971,4.5,Bangalore
R004972,D0255,C01021,V0104,2025-04-17 16:54:00,2025-04-17 17:08:00,1.33,65.96,P004972,4.4,Pune
R004973,D0215,C00446,V0188,2025-02-20 17:46:00,2025-02-20 18:00:00,2.31,43.48,P004973,4.6,Mumbai
R004974,D0248,C01255,V0124,2025-06-21 00:00:00,2025-06-21 00:18:00,3.44,81.28,P004974,4.9,Kolkata
R004975,D0209,C00535,V0239,2024-07-08 06:52:00,2024-07-08 07:09:00,3.99,87.88,P004975,4.7,Mumbai
R004976,D0049,C00089,V0057,2024-01-28 00:37:00,2024-01-28 00:50:00,1.34,35.72,P004976,4.8,Chennai
R004977,D0228,C00822,V0124,2024-04-19 10:49:00,2024-04-19 11:07:00,3.98,97.76,P004977,4.5,Pune
R004978,D0162,C00674,V0020,2025-02-28 03:35:00,2025-02-28 04:00:00,6.44,117.28,P004978,4.6,Mumbai
R004979,D0089,C00330,V0180,2024-05-10 19:33:00,2024-05-10 20:00:00,6.38,116.56,P004979,4.6,Hyderabad
R004980,D0200,C00092,V0014,2024-01-14 07:44:00,2024-01-14 08:09:00,3.59,51.54,P004980,4.3,Bangalore
R004981,D0092,C01611,V0196,2025-01-21 10:30:00,2025-01-21 10:51:00,3.03,86.36,P004981,4.1,Bangalore
R004982,D0227,C01501,V0128,2025-05-24 08:46:00,2025-05-24 09:16:00,8.53,93.24,P004982,4.9,Bangalore
R004983,D0029,C00838,V0069,2024-10-17 19:07:00,2024-10-17 19:18:00,1.37,28.22,P004983,4.7,Ahmedabad
R004984,D0206,C01189,V0214,2025-03-01 00:56:00,2025-03-01 01:02:00,0.65,23.9,P004984,4.6,Delhi
R004985,D0256,C00699,V0211,2024-08-06 12:23:00,2024-08-06 12:40:00,2.73,36.38,P004985,4.6,Chennai
R004986,D0161,C01171,V0095,2024-12-20 04:56:00,2024-12-20 06:03:00,20.37,142.22,P004986,5.0,Hyderabad
R004987,D0088,C00621,V0200,2024-02-29 02:19:00,2024-02-29 02:57:00,8.12,147.44,P004987,4.1,Mumbai
R004988,D0168,C01343,V0007,2024-03-13 03:55:00,2024-03-13 04:17:00,2.76,36.56,P004988,5.0,Ahmedabad
R004989,D0017,C00410,V0170,2025-06-22 20:49:00,2025-06-22 21:52:00,18.58,131.48,P004989,4.7,Mumbai
R004990,D0181,C00794,V0222,2025-08-11 09:06:00,2025-08-11 10:01:00,16.2,117.2,P004990,4.5,Bangalore
R004991,D0102,C00922,V0094,2025-07-06 09:14:00,2025-07-06 09:39:00,4.82,63.56,P004991,5.0,Chennai
R004992,D0215,C01280,V0188,2024-08-24 12:33:00,2024-08-24 13:30:00,17.35,163.8,P004992,3.8,Mumbai
R004993,D0045,C01926,V0195,2025-05-03 10:53:00,2025-05-03 11:17:00,7.29,83.32,P004993,4.8,Chennai
R004994,D0223,C01762,V0299,2024-01-28 18:08:00,2024-01-28 18:34:00,5.79,109.48,P004994,4.6,Hyderabad
R004995,D0284,C00495,V0175,2025-02-21 06:10:00,2025-02-21 06:46:00,7.94,135.28,P004995,5.0,Delhi
R004996,D0029,C00776,V0069,2024-06-10 06:38:00,2024-06-10 06:51:00,3.12,48.72,P004996,4.7,Ahmedabad
R004997,D0029,C01636,V0069,2025-06-01 04:04:00,2025-06-01 04:55:00,14.18,105.08,P004997,4.8,Ahmedabad
R004998,D0080,C01560,V0165,2024-09-02 14:17:00,2024-09-02 14:37:00,5.98,55.88,P004998,4.5,Kolkata
R004999,D0216,C01070,V0188,2024-12-09 10:26:00,2024-12-09 11:06:00,12.68,126.44,P004999,4.7,Hyderabad
R005000,D0200,C01195,V0014,2024-03-19 02:16:00,2024-03-19 02:40:00,2.92,47.52,P005000,4.4,Bangalore
