payment_id,ride_id,mode,amount,status,tip_amount
P000001,R000001,UPI,190.92,Success,10
P000002,R000002,Cash,45.2,Success,5
P000003,R000003,UPI,108.92,Success,10
P000004,R000004,UPI,96.88,Success,0
P000005,R000005,Card,68.36,Success,0
P000006,R000006,UPI,67.84,Success,0
P000007,R000007,UPI,84.52,Success,0
P000008,R000008,UPI,43.94,Success,0
P000009,R000009,Cash,92.8,Success,5
P000010,R000010,UPI,99.52,Success,0
P000011,R000011,Cash,84.04,Success,0
P000012,R000012,UPI,83.2,Success,0
P000013,R000013,UPI,56.64,Success,0
P000014,R000014,Cash,67.36,Success,0
P000015,R000015,UPI,177.24,Success,0
P000016,R000016,UPI,31.64,Success,0
P000017,R000017,Card,37.32,Success,0
P000018,R000018,UPI,70.84,Success,0
P000019,R000019,UPI,128.44,Success,0
P000020,R000020,UPI,99.24,Success,0
P000021,R000021,Card,49.44,Success,10
P000022,R000022,UPI,64.6,Success,0
P000023,R000023,UPI,80.2,Success,0
P000024,R000024,Card,112.96,Success,0
P000025,R000025,Card,38.2,Success,0
P000026,R000026,Card,87.16,Success,0
P000027,R000027,Card,69.56,Success,0
P000028,R000028,UPI,52.9,Success,0
P000029,R000029,Card,58.88,Success,0
P000030,R000030,UPI,39.12,Success,5
P000031,R000031,UPI,43.32,Success,0
P000032,R000032,UPI,68.48,Success,0
P000033,R000033,Card,62.68,Success,5
P000034,R000034,UPI,86.16,Success,0
P000035,R000035,UPI,48.34,Success,20
P000036,R000036,UPI,57.8,Success,0
P000037,R000037,UPI,349.68,Success,5
P000038,R000038,Wallet,96.32,Success,0
P000039,R000039,UPI,57.4,Success,0
P000040,R000040,Cash,109.36,Success,0
P000041,R000041,Card,79.72,Success,0
P000042,R000042,Card,66.68,Success,0
P000043,R000043,UPI,47.18,Success,0
P000044,R000044,UPI,90.76,Success,20
P000045,R000045,UPI,47.0,Success,0
P000046,R000046,UPI,85.44,Success,10
P000047,R000047,UPI,63.88,Success,5
P000048,R000048,UPI,42.92,Success,0
P000049,R000049,Card,81.16,Success,0
P000050,R000050,Card,141.68,Success,0
P000051,R000051,Card,40.74,Success,0
P000052,R000052,UPI,162.52,Success,0
P000053,R000053,Card,45.2,Success,0
P000054,R000054,Card,78.56,Success,10
P000055,R000055,Card,94.72,Success,0
P000056,R000056,Card,60.6,Success,0
P000057,R000057,UPI,52.28,Failed,0
P000058,R000058,UPI,85.0,Success,5
P000059,R000059,UPI,62.92,Success,0
P000060,R000060,UPI,43.24,Success,0
P000061,R000061,Cash,93.76,Success,0
P000062,R000062,UPI,38.0,Success,5
P000063,R000063,UPI,50.06,Success,0
P000064,R000064,Card,110.84,Success,20
P000065,R000065,Cash,98.2,Success,0
P000066,R000066,UPI,39.88,Success,0
P000067,R000067,UPI,104.32,Success,0
P000068,R000068,UPI,103.84,Success,0
P000069,R000069,UPI,151.36,Success,0
P000070,R000070,UPI,68.0,Success,0
P000071,R000071,Cash,96.44,Success,0
P000072,R000072,UPI,105.04,Success,0
P000073,R000073,Card,98.04,Success,5
P000074,R000074,Cash,116.52,Success,20
P000075,R000075,Card,85.36,Success,0
P000076,R000076,Card,74.8,Success,0
P000077,R000077,UPI,126.92,Success,0
P000078,R000078,Card,210.12,Success,5
P000079,R000079,Cash,54.76,Success,0
P000080,R000080,UPI,131.4,Success,20
P000081,R000081,Card,76.24,Failed,0
P000082,R000082,Card,62.02,Success,5
P000083,R000083,Card,63.28,Success,0
P000084,R000084,UPI,57.76,Success,0
P000085,R000085,Card,26.84,Success,0
P000086,R000086,UPI,65.76,Success,10
P000087,R000087,UPI,82.72,Success,0
P000088,R000088,UPI,69.36,Success,5
P000089,R000089,UPI,44.46,Success,10
P000090,R000090,Card,52.58,Success,0
P000091,R000091,Card,34.28,Success,0
P000092,R000092,UPI,160.36,Failed,0
P000093,R000093,Wallet,132.52,Success,0
P000094,R000094,Card,68.92,Success,0
P000095,R000095,UPI,41.4,Success,10
P000096,R000096,UPI,50.38,Failed,5
P000097,R000097,UPI,111.04,Success,0
P000098,R000098,UPI,42.16,Success,5
P000099,R000099,UPI,65.76,Success,5
P000100,R000100,UPI,136.2,Success,0
P000101,R000101,UPI,48.46,Success,5
P000102,R000102,UPI,32.92,Success,0
P000103,R000103,UPI,65.72,Success,0
P000104,R000104,UPI,103.6,Pending,5
P000105,R000105,Card,139.8,Success,5
P000106,R000106,Card,40.26,Success,10
P000107,R000107,UPI,73.08,Success,10
P000108,R000108,UPI,77.32,Success,0
P000109,R000109,UPI,130.12,Success,0
P000110,R000110,Wallet,89.68,Success,5
P000111,R000111,UPI,74.24,Success,10
P000112,R000112,UPI,35.78,Success,0
P000113,R000113,Card,111.8,Success,0
P000114,R000114,Card,89.76,Success,5
P000115,R000115,Card,117.56,Success,0
P000116,R000116,Card,48.84,Success,0
P000117,R000117,Card,60.96,Success,0
P000118,R000118,Cash,138.72,Success,5
P000119,R000119,UPI,83.52,Success,5
P000120,R000120,UPI,42.2,Success,0
P000121,R000121,Card,98.04,Success,0
P000122,R000122,UPI,106.8,Success,0
P000123,R000123,UPI,141.96,Success,20
P000124,R000124,UPI,72.52,Success,0
P000125,R000125,Card,35.18,Success,0
P000126,R000126,UPI,68.12,Success,0
P000127,R000127,UPI,92.56,Success,0
P000128,R000128,UPI,84.92,Success,0
P000129,R000129,Wallet,69.72,Success,0
P000130,R000130,Card,61.4,Success,0
P000131,R000131,Cash,58.54,Success,20
P000132,R000132,UPI,54.46,Success,0
P000133,R000133,UPI,97.8,Success,0
P000134,R000134,Card,63.32,Success,0
P000135,R000135,UPI,53.0,Success,0
P000136,R000136,UPI,40.52,Success,0
P000137,R000137,UPI,53.44,Pending,0
P000138,R000138,Wallet,42.72,Success,5
P000139,R000139,UPI,178.92,Success,0
P000140,R000140,Card,102.88,Success,0
P000141,R000141,UPI,48.24,Success,5
P000142,R000142,UPI,122.52,Success,0
P000143,R000143,Wallet,239.56,Success,0
P000144,R000144,Cash,62.08,Success,0
P000145,R000145,Card,143.08,Success,0
P000146,R000146,Cash,80.48,Success,10
P000147,R000147,Card,81.68,Success,0
P000148,R000148,UPI,51.24,Success,0
P000149,R000149,UPI,89.36,Success,0
P000150,R000150,UPI,60.96,Success,5
P000151,R000151,UPI,122.08,Success,0
P000152,R000152,Card,32.14,Success,5
P000153,R000153,UPI,171.08,Success,10
P000154,R000154,UPI,124.72,Success,0
P000155,R000155,UPI,100.2,Success,5
P000156,R000156,UPI,79.24,Success,0
P000157,R000157,UPI,27.2,Success,0
P000158,R000158,Cash,45.74,Success,5
P000159,R000159,Card,385.84,Success,0
P000160,R000160,Card,315.64,Success,0
P000161,R000161,UPI,69.64,Success,0
P000162,R000162,UPI,57.28,Success,0
P000163,R000163,UPI,155.08,Success,0
P000164,R000164,UPI,72.52,Success,0
P000165,R000165,UPI,119.8,Success,0
P000166,R000166,Cash,48.76,Success,0
P000167,R000167,UPI,66.72,Success,5
P000168,R000168,UPI,79.0,Success,0
P000169,R000169,UPI,26.24,Success,0
P000170,R000170,UPI,67.44,Success,5
P000171,R000171,Wallet,64.04,Success,0
P000172,R000172,UPI,72.04,Success,0
P000173,R000173,Card,50.44,Failed,0
P000174,R000174,UPI,33.94,Success,5
P000175,R000175,Card,57.16,Success,0
P000176,R000176,UPI,32.72,Success,0
P000177,R000177,Card,81.32,Success,0
P000178,R000178,UPI,96.2,Success,0
P000179,R000179,Card,67.16,Success,0
P000180,R000180,Card,347.32,Success,5
P000181,R000181,UPI,30.02,Success,0
P000182,R000182,Card,34.34,Success,0
P000183,R000183,Wallet,77.88,Success,0
P000184,R000184,Card,119.8,Success,0
P000185,R000185,UPI,105.36,Success,5
P000186,R000186,UPI,89.88,Success,0
P000187,R000187,UPI,83.4,Success,0
P000188,R000188,UPI,114.4,Success,0
P000189,R000189,Card,61.96,Success,0
P000190,R000190,UPI,88.72,Success,0
P000191,R000191,UPI,78.16,Success,0
P000192,R000192,UPI,107.14,Success,0
P000193,R000193,Wallet,75.04,Success,5
P000194,R000194,UPI,88.6,Success,0
P000195,R000195,UPI,87.68,Success,0
P000196,R000196,Card,62.44,Success,0
P000197,R000197,UPI,73.0,Success,0
P000198,R000198,UPI,147.28,Success,0
P000199,R000199,Card,64.48,Success,0
P000200,R000200,Cash,81.32,Failed,20
P000201,R000201,Cash,57.8,Success,20
P000202,R000202,Card,68.0,Success,5
P000203,R000203,Card,109.44,Success,5
P000204,R000204,UPI,39.92,Success,0
P000205,R000205,Card,72.52,Success,20
P000206,R000206,UPI,68.92,Success,0
P000207,R000207,Card,119.88,Success,0
P000208,R000208,Card,38.14,Success,5
P000209,R000209,UPI,126.56,Success,0
P000210,R000210,UPI,58.92,Success,0
P000211,R000211,Card,249.84,Success,0
P000212,R000212,Card,80.48,Success,0
P000213,R000213,UPI,219.12,Success,5
P000214,R000214,Cash,103.54,Success,5
P000215,R000215,UPI,65.36,Success,5
P000216,R000216,UPI,126.04,Success,0
P000217,R000217,UPI,224.08,Success,0
P000218,R000218,Card,73.48,Success,0
P000219,R000219,UPI,82.12,Success,10
P000220,R000220,Card,77.76,Failed,5
P000221,R000221,UPI,139.8,Success,10
P000222,R000222,Card,73.2,Success,5
P000223,R000223,UPI,35.8,Success,0
P000224,R000224,UPI,60.32,Success,0
P000225,R000225,Card,38.84,Success,0
P000226,R000226,UPI,114.48,Success,5
P000227,R000227,UPI,121.0,Success,20
P000228,R000228,UPI,53.24,Success,5
P000229,R000229,UPI,68.04,Success,0
P000230,R000230,UPI,77.64,Success,0
P000231,R000231,Wallet,39.92,Success,0
P000232,R000232,UPI,43.88,Success,0
P000233,R000233,Card,52.16,Success,0
P000234,R000234,UPI,68.92,Success,0
P000235,R000235,Cash,85.04,Success,10
P000236,R000236,UPI,63.16,Success,0
P000237,R000237,UPI,98.92,Success,0
P000238,R000238,UPI,66.4,Success,0
P000239,R000239,UPI,88.28,Success,0
P000240,R000240,UPI,52.84,Success,0
P000241,R000241,Card,62.64,Success,5
P000242,R000242,Cash,186.36,Success,10
P000243,R000243,Cash,95.84,Success,10
P000244,R000244,Wallet,96.04,Success,0
P000245,R000245,UPI,27.74,Failed,0
P000246,R000246,UPI,124.12,Success,0
P000247,R000247,UPI,103.96,Success,0
P000248,R000248,Card,39.14,Success,0
P000249,R000249,UPI,57.72,Success,0
P000250,R000250,Card,260.4,Success,10
P000251,R000251,UPI,51.88,Failed,0
P000252,R000252,UPI,82.36,Success,0
P000253,R000253,UPI,80.88,Pending,0
P000254,R000254,Wallet,112.88,Success,10
P000255,R000255,UPI,31.94,Success,0
P000256,R000256,Wallet,206.32,Success,0
P000257,R000257,UPI,74.32,Success,0
P000258,R000258,UPI,66.68,Success,0
P000259,R000259,UPI,54.12,Success,0
P000260,R000260,Card,76.04,Success,0
P000261,R000261,Cash,82.6,Success,5
P000262,R000262,UPI,90.84,Pending,0
P000263,R000263,UPI,109.98,Success,10
P000264,R000264,Card,65.0,Success,10
P000265,R000265,Card,239.8,Pending,0
P000266,R000266,UPI,64.36,Success,0
P000267,R000267,UPI,78.48,Success,5
P000268,R000268,UPI,71.48,Success,0
P000269,R000269,UPI,56.2,Success,0
P000270,R000270,Cash,38.66,Success,0
P000271,R000271,UPI,68.82,Success,0
P000272,R000272,UPI,67.96,Success,0
P000273,R000273,UPI,60.68,Success,0
P000274,R000274,Wallet,35.72,Success,0
P000275,R000275,Cash,63.76,Success,0
P000276,R000276,UPI,91.0,Success,0
P000277,R000277,Card,95.28,Success,20
P000278,R000278,Card,62.28,Success,0
P000279,R000279,UPI,61.96,Success,10
P000280,R000280,UPI,156.4,Success,0
P000281,R000281,UPI,350.8,Success,0
P000282,R000282,UPI,30.94,Success,5
P000283,R000283,UPI,62.92,Success,0
P000284,R000284,UPI,152.0,Success,0
P000285,R000285,Card,53.86,Success,20
P000286,R000286,Wallet,23.48,Success,0
P000287,R000287,UPI,182.44,Success,0
P000288,R000288,UPI,118.88,Success,5
P000289,R000289,UPI,52.4,Failed,0
P000290,R000290,Wallet,119.48,Success,0
P000291,R000291,UPI,192.88,Success,0
P000292,R000292,UPI,70.72,Success,0
P000293,R000293,Card,99.16,Success,0
P000294,R000294,UPI,68.48,Success,0
P000295,R000295,Card,70.36,Success,0
P000296,R000296,UPI,118.2,Success,5
P000297,R000297,UPI,61.84,Success,0
P000298,R000298,UPI,97.0,Success,0
P000299,R000299,UPI,67.32,Success,20
P000300,R000300,UPI,78.36,Success,0
P000301,R000301,UPI,166.16,Success,5
P000302,R000302,UPI,58.68,Success,0
P000303,R000303,UPI,66.64,Success,0
P000304,R000304,UPI,104.36,Success,10
P000305,R000305,Card,40.16,Success,5
P000306,R000306,Card,129.0,Success,5
P000307,R000307,Cash,176.88,Success,5
P000308,R000308,UPI,63.24,Failed,0
P000309,R000309,UPI,62.84,Success,0
P000310,R000310,UPI,70.44,Success,20
P000311,R000311,UPI,64.68,Success,0
P000312,R000312,Card,65.54,Success,0
P000313,R000313,UPI,44.92,Success,10
P000314,R000314,UPI,123.88,Success,0
P000315,R000315,UPI,79.56,Success,0
P000316,R000316,UPI,82.76,Success,0
P000317,R000317,UPI,45.2,Success,5
P000318,R000318,UPI,101.72,Success,0
P000319,R000319,Cash,68.02,Success,0
P000320,R000320,Card,119.16,Success,5
P000321,R000321,Wallet,106.96,Success,0
P000322,R000322,UPI,122.4,Success,5
P000323,R000323,Card,49.8,Failed,10
P000324,R000324,Card,128.36,Success,0
P000325,R000325,UPI,139.08,Success,5
P000326,R000326,Card,58.72,Success,0
P000327,R000327,Wallet,69.68,Success,10
P000328,R000328,Cash,106.92,Success,10
P000329,R000329,UPI,74.52,Success,5
P000330,R000330,UPI,88.48,Success,0
P000331,R000331,UPI,199.6,Success,0
P000332,R000332,Card,269.52,Success,20
P000333,R000333,Cash,49.6,Success,0
P000334,R000334,UPI,64.6,Success,0
P000335,R000335,UPI,173.68,Success,0
P000336,R000336,UPI,76.56,Success,5
P000337,R000337,Card,49.48,Success,0
P000338,R000338,Card,200.48,Success,0
P000339,R000339,Card,44.94,Success,10
P000340,R000340,UPI,58.96,Success,0
P000341,R000341,UPI,39.0,Success,0
P000342,R000342,UPI,159.32,Success,10
P000343,R000343,Card,119.04,Success,5
P000344,R000344,Card,48.28,Success,0
P000345,R000345,UPI,106.24,Success,0
P000346,R000346,Wallet,69.4,Success,0
P000347,R000347,UPI,61.48,Success,20
P000348,R000348,UPI,129.24,Success,0
P000349,R000349,UPI,120.34,Success,20
P000350,R000350,UPI,116.36,Success,0
P000351,R000351,UPI,39.12,Success,10
P000352,R000352,Cash,99.66,Success,10
P000353,R000353,UPI,59.4,Failed,10
P000354,R000354,UPI,59.52,Success,5
P000355,R000355,Card,115.36,Success,0
P000356,R000356,UPI,72.2,Success,0
P000357,R000357,Card,88.2,Success,5
P000358,R000358,Card,56.92,Success,0
P000359,R000359,Card,69.32,Failed,10
P000360,R000360,UPI,67.56,Success,5
P000361,R000361,UPI,75.7,Success,5
P000362,R000362,UPI,96.84,Success,0
P000363,R000363,Card,87.64,Success,0
P000364,R000364,Card,210.8,Success,10
P000365,R000365,Card,96.08,Success,0
P000366,R000366,Card,61.12,Success,0
P000367,R000367,UPI,75.64,Success,0
P000368,R000368,UPI,45.82,Success,5
P000369,R000369,UPI,43.4,Success,0
P000370,R000370,Card,72.6,Success,0
P000371,R000371,Card,55.18,Success,5
P000372,R000372,Card,46.04,Success,0
P000373,R000373,UPI,104.12,Success,5
P000374,R000374,UPI,142.0,Success,0
P000375,R000375,UPI,110.84,Success,0
P000376,R000376,UPI,124.32,Success,5
P000377,R000377,Card,87.82,Success,10
P000378,R000378,Card,110.8,Success,0
P000379,R000379,UPI,94.92,Success,20
P000380,R000380,UPI,155.72,Success,10
P000381,R000381,UPI,62.6,Success,0
P000382,R000382,UPI,145.32,Success,0
P000383,R000383,UPI,128.32,Success,0
P000384,R000384,Card,69.6,Success,5
P000385,R000385,Card,73.96,Success,0
P000386,R000386,Card,52.36,Success,0
P000387,R000387,Card,212.0,Success,10
P000388,R000388,UPI,57.24,Pending,0
P000389,R000389,Card,71.8,Success,20
P000390,R000390,UPI,40.68,Success,0
P000391,R000391,UPI,92.76,Pending,20
P000392,R000392,UPI,86.4,Success,5
P000393,R000393,Card,63.46,Success,5
P000394,R000394,UPI,57.96,Success,5
P000395,R000395,UPI,41.48,Success,10
P000396,R000396,UPI,55.24,Success,0
P000397,R000397,Card,57.56,Success,0
P000398,R000398,Card,106.36,Success,0
P000399,R000399,UPI,37.22,Success,0
P000400,R000400,UPI,94.84,Success,0
P000401,R000401,UPI,183.8,Success,0
P000402,R000402,UPI,43.86,Success,0
P000403,R000403,Card,76.04,Success,0
P000404,R000404,UPI,40.7,Success,0
P000405,R000405,Card,249.36,Success,5
P000406,R000406,UPI,75.36,Success,0
P000407,R000407,UPI,46.92,Success,0
P000408,R000408,UPI,81.2,Success,5
P000409,R000409,Cash,62.44,Success,0
P000410,R000410,Cash,90.02,Failed,5
P000411,R000411,Card,51.88,Success,0
P000412,R000412,UPI,58.76,Success,0
P000413,R000413,UPI,78.0,Success,5
P000414,R000414,Wallet,73.6,Success,0
P000415,R000415,UPI,74.88,Success,20
P000416,R000416,UPI,69.16,Failed,0
P000417,R000417,Card,71.2,Success,0
P000418,R000418,UPI,112.64,Success,0
P000419,R000419,UPI,84.7,Failed,20
P000420,R000420,UPI,137.92,Success,10
P000421,R000421,Card,32.86,Success,5
P000422,R000422,Card,169.6,Success,0
P000423,R000423,Card,109.92,Success,5
P000424,R000424,Card,78.24,Success,0
P000425,R000425,Card,248.52,Success,20
P000426,R000426,Wallet,32.72,Success,0
P000427,R000427,UPI,32.6,Success,0
P000428,R000428,Cash,84.76,Success,0
P000429,R000429,UPI,54.26,Success,0
P000430,R000430,UPI,181.24,Success,0
P000431,R000431,Card,40.12,Pending,0
P000432,R000432,UPI,106.84,Success,0
P000433,R000433,Card,68.6,Success,0
P000434,R000434,UPI,115.78,Failed,20
P000435,R000435,Card,50.6,Success,0
P000436,R000436,UPI,84.32,Success,10
P000437,R000437,UPI,53.8,Success,0
P000438,R000438,UPI,82.64,Success,0
P000439,R000439,Cash,127.92,Success,20
P000440,R000440,UPI,37.64,Success,0
P000441,R000441,UPI,58.64,Success,5
P000442,R000442,UPI,93.08,Success,0
P000443,R000443,UPI,123.76,Success,5
P000444,R000444,Cash,50.12,Success,0
P000445,R000445,UPI,192.4,Success,0
P000446,R000446,UPI,130.96,Success,5
P000447,R000447,UPI,114.2,Success,0
P000448,R000448,Card,63.3,Success,10
P000449,R000449,UPI,53.0,Success,0
P000450,R000450,UPI,69.14,Success,0
P000451,R000451,UPI,58.68,Success,5
P000452,R000452,UPI,79.24,Success,0
P000453,R000453,UPI,51.88,Success,0
P000454,R000454,Cash,51.28,Success,0
P000455,R000455,Card,65.96,Success,0
P000456,R000456,Cash,116.76,Success,20
P000457,R000457,UPI,68.28,Success,0
P000458,R000458,Card,121.8,Success,20
P000459,R000459,UPI,146.32,Success,0
P000460,R000460,Cash,59.72,Success,0
P000461,R000461,Cash,58.88,Success,0
P000462,R000462,Card,74.16,Success,5
P000463,R000463,UPI,38.68,Success,0
P000464,R000464,Card,38.16,Success,5
P000465,R000465,Card,113.84,Success,10
P000466,R000466,UPI,111.16,Success,0
P000467,R000467,UPI,42.98,Success,5
P000468,R000468,Card,58.6,Success,0
P000469,R000469,UPI,86.44,Success,5
P000470,R000470,Card,88.22,Success,0
P000471,R000471,UPI,40.62,Pending,0
P000472,R000472,UPI,114.92,Success,10
P000473,R000473,UPI,79.44,Success,5
P000474,R000474,Cash,91.08,Success,5
P000475,R000475,Card,50.68,Success,0
P000476,R000476,Card,62.8,Success,5
P000477,R000477,UPI,124.0,Success,0
P000478,R000478,Card,73.24,Success,0
P000479,R000479,Card,90.52,Success,0
P000480,R000480,UPI,33.24,Success,0
P000481,R000481,UPI,74.14,Success,0
P000482,R000482,UPI,69.44,Success,10
P000483,R000483,UPI,38.6,Success,0
P000484,R000484,UPI,51.24,Success,0
P000485,R000485,UPI,92.92,Success,5
P000486,R000486,UPI,37.48,Success,0
P000487,R000487,UPI,88.72,Success,0
P000488,R000488,Wallet,138.8,Success,10
P000489,R000489,UPI,75.96,Success,0
P000490,R000490,UPI,41.92,Success,5
P000491,R000491,Cash,66.44,Success,0
P000492,R000492,UPI,141.12,Success,5
P000493,R000493,UPI,149.12,Success,0
P000494,R000494,UPI,122.28,Success,0
P000495,R000495,Card,223.16,Success,0
P000496,R000496,UPI,128.16,Success,5
P000497,R000497,Cash,85.72,Success,0
P000498,R000498,Card,114.28,Success,0
P000499,R000499,Card,33.48,Success,0
P000500,R000500,Wallet,50.12,Failed,0
P000501,R000501,UPI,117.4,Success,20
P000502,R000502,UPI,72.96,Success,5
P000503,R000503,UPI,102.04,Success,0
P000504,R000504,Card,102.36,Success,10
P000505,R000505,Wallet,125.68,Success,0
P000506,R000506,Card,143.68,Success,0
P000507,R000507,Card,79.96,Success,0
P000508,R000508,UPI,66.36,Success,0
P000509,R000509,UPI,130.66,Success,10
P000510,R000510,UPI,102.52,Success,0
P000511,R000511,Card,93.32,Success,5
P000512,R000512,Wallet,246.84,Success,0
P000513,R000513,UPI,51.88,Failed,0
P000514,R000514,Cash,95.92,Success,0
P000515,R000515,Cash,80.12,Success,0
P000516,R000516,Card,54.28,Success,20
P000517,R000517,Wallet,62.84,Success,20
P000518,R000518,UPI,49.64,Success,0
P000519,R000519,Cash,45.24,Success,0
P000520,R000520,UPI,60.64,Success,0
P000521,R000521,Cash,132.12,Success,0
P000522,R000522,UPI,183.32,Success,0
P000523,R000523,Card,42.8,Success,0
P000524,R000524,UPI,148.72,Success,0
P000525,R000525,UPI,41.44,Success,5
P000526,R000526,UPI,36.68,Success,0
P000527,R000527,UPI,132.16,Success,5
P000528,R000528,UPI,163.6,Success,0
P000529,R000529,Cash,39.4,Success,0
P000530,R000530,UPI,63.86,Success,0
P000531,R000531,UPI,96.6,Success,20
P000532,R000532,Wallet,44.28,Success,0
P000533,R000533,UPI,64.0,Success,0
P000534,R000534,Cash,78.64,Success,0
P000535,R000535,Card,61.96,Success,0
P000536,R000536,Wallet,63.64,Success,0
P000537,R000537,UPI,42.42,Success,0
P000538,R000538,Card,39.96,Success,0
P000539,R000539,UPI,89.44,Success,0
P000540,R000540,UPI,133.92,Success,5
P000541,R000541,Card,57.72,Success,5
P000542,R000542,Cash,32.36,Success,0
P000543,R000543,UPI,70.24,Success,0
P000544,R000544,UPI,43.64,Success,0
P000545,R000545,UPI,95.4,Success,10
P000546,R000546,UPI,89.44,Success,0
P000547,R000547,Card,93.28,Success,0
P000548,R000548,UPI,74.9,Success,0
P000549,R000549,UPI,92.52,Success,5
P000550,R000550,UPI,83.92,Success,0
P000551,R000551,Card,79.12,Success,0
P000552,R000552,UPI,36.52,Success,0
P000553,R000553,UPI,134.2,Success,10
P000554,R000554,Card,77.92,Success,5
P000555,R000555,Cash,89.96,Success,10
P000556,R000556,Cash,85.92,Success,20
P000557,R000557,Cash,73.64,Success,0
P000558,R000558,UPI,41.32,Success,0
P000559,R000559,UPI,97.16,Success,10
P000560,R000560,Wallet,35.48,Success,0
P000561,R000561,Wallet,52.48,Success,0
P000562,R000562,UPI,42.5,Success,0
P000563,R000563,Card,90.2,Success,10
P000564,R000564,UPI,157.48,Success,0
P000565,R000565,UPI,40.28,Success,0
P000566,R000566,Cash,53.74,Success,5
P000567,R000567,UPI,70.34,Success,0
P000568,R000568,UPI,92.92,Success,0
P000569,R000569,UPI,68.04,Success,20
P000570,R000570,UPI,75.14,Success,0
P000571,R000571,UPI,173.44,Success,0
P000572,R000572,UPI,26.66,Success,0
P000573,R000573,UPI,173.32,Success,0
P000574,R000574,Card,79.88,Success,0
P000575,R000575,Card,56.2,Success,0
P000576,R000576,UPI,79.56,Success,0
P000577,R000577,UPI,55.76,Success,0
P000578,R000578,UPI,90.32,Success,5
P000579,R000579,Card,91.26,Success,0
P000580,R000580,UPI,124.6,Success,0
P000581,R000581,UPI,63.52,Success,20
P000582,R000582,Card,66.68,Success,0
P000583,R000583,Card,62.0,Success,0
P000584,R000584,UPI,71.3,Success,0
P000585,R000585,Cash,88.44,Success,10
P000586,R000586,Cash,108.28,Success,0
P000587,R000587,UPI,70.44,Success,5
P000588,R000588,UPI,102.88,Success,0
P000589,R000589,UPI,40.52,Success,0
P000590,R000590,Card,25.64,Success,0
P000591,R000591,UPI,71.96,Success,20
P000592,R000592,UPI,121.84,Success,0
P000593,R000593,UPI,52.72,Success,0
P000594,R000594,Card,139.6,Success,0
P000595,R000595,Card,111.96,Success,0
P000596,R000596,UPI,72.08,Success,5
P000597,R000597,UPI,160.46,Success,5
P000598,R000598,UPI,56.56,Success,0
P000599,R000599,Card,99.0,Success,0
P000600,R000600,Wallet,26.48,Pending,0
P000601,R000601,Wallet,136.24,Failed,0
P000602,R000602,Card,62.12,Success,0
P000603,R000603,Card,72.48,Failed,5
P000604,R000604,Card,46.28,Success,0
P000605,R000605,UPI,85.72,Success,0
P000606,R000606,UPI,52.8,Success,5
P000607,R000607,Wallet,91.36,Success,0
P000608,R000608,Wallet,120.72,Success,5
P000609,R000609,UPI,57.88,Success,0
P000610,R000610,Card,114.6,Success,20
P000611,R000611,Card,119.56,Success,0
P000612,R000612,UPI,86.64,Success,5
P000613,R000613,UPI,73.48,Success,0
P000614,R000614,UPI,50.68,Success,20
P000615,R000615,UPI,75.64,Success,0
P000616,R000616,UPI,47.88,Success,0
P000617,R000617,UPI,174.52,Success,0
P000618,R000618,UPI,39.5,Success,0
P000619,R000619,Cash,38.92,Success,0
P000620,R000620,Card,50.2,Success,0
P000621,R000621,Card,87.0,Success,5
P000622,R000622,Card,157.04,Success,0
P000623,R000623,UPI,92.04,Success,5
P000624,R000624,Card,113.78,Success,0
P000625,R000625,Card,78.92,Success,10
P000626,R000626,UPI,86.4,Failed,0
P000627,R000627,Card,170.44,Success,5
P000628,R000628,Card,88.16,Success,10
P000629,R000629,UPI,34.04,Success,0
P000630,R000630,UPI,80.68,Failed,10
P000631,R000631,UPI,135.16,Success,0
P000632,R000632,UPI,73.04,Success,10
P000633,R000633,Card,87.4,Success,0
P000634,R000634,UPI,74.04,Success,20
P000635,R000635,UPI,52.28,Success,0
P000636,R000636,UPI,142.24,Success,0
P000637,R000637,Card,97.6,Success,0
P000638,R000638,UPI,145.4,Success,0
P000639,R000639,UPI,67.24,Success,0
P000640,R000640,UPI,123.6,Success,5
P000641,R000641,UPI,55.36,Success,5
P000642,R000642,UPI,36.32,Success,5
P000643,R000643,Card,70.56,Success,20
P000644,R000644,UPI,33.44,Success,0
P000645,R000645,Card,106.56,Success,20
P000646,R000646,Cash,68.14,Success,0
P000647,R000647,UPI,63.88,Success,10
P000648,R000648,Cash,111.88,Success,10
P000649,R000649,UPI,133.0,Success,0
P000650,R000650,UPI,84.96,Success,0
P000651,R000651,Cash,104.36,Success,0
P000652,R000652,UPI,60.52,Success,0
P000653,R000653,Card,27.44,Success,0
P000654,R000654,UPI,37.22,Success,0
P000655,R000655,UPI,35.16,Success,0
P000656,R000656,Card,135.72,Success,10
P000657,R000657,UPI,23.54,Success,0
P000658,R000658,UPI,67.24,Success,0
P000659,R000659,UPI,117.12,Success,10
P000660,R000660,Card,85.36,Success,0
P000661,R000661,UPI,75.6,Success,5
P000662,R000662,UPI,65.36,Success,0
P000663,R000663,Cash,80.92,Success,0
P000664,R000664,Cash,97.88,Success,0
P000665,R000665,UPI,38.88,Success,10
P000666,R000666,UPI,83.38,Success,10
P000667,R000667,UPI,61.92,Success,5
P000668,R000668,UPI,96.96,Success,5
P000669,R000669,Card,197.84,Failed,0
P000670,R000670,UPI,85.44,Success,5
P000671,R000671,UPI,131.56,Success,5
P000672,R000672,UPI,73.48,Success,0
P000673,R000673,Card,100.28,Success,10
P000674,R000674,Card,51.48,Success,20
P000675,R000675,UPI,73.12,Failed,0
P000676,R000676,Wallet,79.72,Success,0
P000677,R000677,UPI,98.24,Success,0
P000678,R000678,Card,55.44,Success,5
P000679,R000679,UPI,33.68,Success,0
P000680,R000680,UPI,60.52,Success,0
P000681,R000681,UPI,52.04,Success,0
P000682,R000682,Cash,61.96,Failed,0
P000683,R000683,UPI,58.72,Success,10
P000684,R000684,Wallet,123.04,Success,0
P000685,R000685,Card,73.72,Success,0
P000686,R000686,UPI,101.76,Success,5
P000687,R000687,UPI,34.82,Success,0
P000688,R000688,Card,139.64,Success,20
P000689,R000689,UPI,84.52,Success,0
P000690,R000690,Wallet,51.86,Success,0
P000691,R000691,Cash,85.2,Success,20
P000692,R000692,UPI,98.08,Success,0
P000693,R000693,UPI,62.68,Success,0
P000694,R000694,Cash,30.14,Success,0
P000695,R000695,UPI,38.96,Success,0
P000696,R000696,Wallet,80.44,Failed,0
P000697,R000697,UPI,45.08,Success,0
P000698,R000698,Card,56.66,Success,0
P000699,R000699,UPI,61.48,Success,0
P000700,R000700,UPI,58.6,Success,0
P000701,R000701,UPI,61.72,Success,0
P000702,R000702,Card,46.28,Success,0
P000703,R000703,UPI,111.96,Success,0
P000704,R000704,UPI,106.96,Success,0
P000705,R000705,UPI,27.68,Success,0
P000706,R000706,UPI,194.04,Success,0
P000707,R000707,Wallet,51.04,Success,5
P000708,R000708,UPI,61.0,Success,10
P000709,R000709,UPI,38.54,Success,0
P000710,R000710,Card,65.2,Success,0
P000711,R000711,UPI,84.12,Success,5
P000712,R000712,UPI,123.4,Success,0
P000713,R000713,Card,198.72,Success,5
P000714,R000714,UPI,47.7,Failed,0
P000715,R000715,UPI,98.28,Success,0
P000716,R000716,UPI,77.16,Success,0
P000717,R000717,UPI,233.44,Success,0
P000718,R000718,UPI,109.88,Success,0
P000719,R000719,Card,35.16,Success,0
P000720,R000720,UPI,70.08,Success,0
P000721,R000721,Wallet,245.72,Success,0
P000722,R000722,Card,88.64,Success,0
P000723,R000723,Card,77.0,Success,0
P000724,R000724,UPI,102.28,Success,0
P000725,R000725,UPI,104.2,Success,5
P000726,R000726,Wallet,99.88,Success,10
P000727,R000727,UPI,83.64,Success,10
P000728,R000728,Card,83.04,Success,5
P000729,R000729,UPI,79.4,Pending,10
P000730,R000730,Card,51.54,Success,0
P000731,R000731,Card,62.2,Failed,0
P000732,R000732,UPI,89.36,Success,10
P000733,R000733,UPI,84.92,Success,10
P000734,R000734,UPI,86.84,Success,0
P000735,R000735,Card,122.76,Success,5
P000736,R000736,Card,108.48,Success,20
P000737,R000737,Cash,92.56,Success,0
P000738,R000738,Card,44.8,Success,5
P000739,R000739,Cash,53.08,Success,0
P000740,R000740,UPI,69.88,Success,0
P000741,R000741,Card,50.08,Failed,20
P000742,R000742,UPI,74.8,Success,0
P000743,R000743,UPI,41.96,Success,0
P000744,R000744,UPI,58.76,Success,0
P000745,R000745,UPI,68.28,Success,5
P000746,R000746,UPI,81.04,Success,0
P000747,R000747,Card,83.2,Success,5
P000748,R000748,Card,70.54,Success,0
P000749,R000749,UPI,36.28,Success,0
P000750,R000750,Card,55.12,Success,0
P000751,R000751,UPI,72.92,Success,10
P000752,R000752,UPI,49.24,Success,0
P000753,R000753,UPI,97.88,Success,20
P000754,R000754,UPI,101.72,Success,10
P000755,R000755,Cash,41.72,Success,0
P000756,R000756,Card,79.72,Success,0
P000757,R000757,UPI,41.76,Success,5
P000758,R000758,Card,142.0,Failed,0
P000759,R000759,Card,55.34,Success,0
P000760,R000760,UPI,94.64,Success,0
P000761,R000761,UPI,46.1,Success,0
P000762,R000762,UPI,180.12,Success,10
P000763,R000763,UPI,44.96,Success,0
P000764,R000764,Card,67.36,Success,0
P000765,R000765,Wallet,39.24,Success,0
P000766,R000766,Cash,66.28,Success,0
P000767,R000767,UPI,89.2,Success,0
P000768,R000768,Card,75.48,Success,0
P000769,R000769,UPI,31.34,Success,0
P000770,R000770,UPI,64.36,Success,0
P000771,R000771,UPI,37.94,Success,0
P000772,R000772,Card,64.54,Success,0
P000773,R000773,Card,73.0,Success,0
P000774,R000774,Card,78.16,Success,0
P000775,R000775,UPI,51.56,Success,0
P000776,R000776,Card,50.68,Success,0
P000777,R000777,UPI,50.52,Success,10
P000778,R000778,Card,67.36,Success,5
P000779,R000779,UPI,52.24,Success,0
P000780,R000780,Wallet,149.12,Success,0
P000781,R000781,Card,212.32,Success,0
P000782,R000782,UPI,122.08,Success,0
P000783,R000783,UPI,74.2,Success,0
P000784,R000784,UPI,64.16,Success,0
P000785,R000785,Card,80.44,Success,10
P000786,R000786,UPI,88.04,Success,0
P000787,R000787,UPI,86.8,Failed,0
P000788,R000788,UPI,70.42,Success,5
P000789,R000789,UPI,50.96,Success,5
P000790,R000790,Card,120.16,Success,0
P000791,R000791,UPI,68.56,Success,0
P000792,R000792,UPI,77.84,Success,0
P000793,R000793,Cash,85.38,Success,10
P000794,R000794,UPI,144.4,Success,0
P000795,R000795,UPI,56.2,Success,0
P000796,R000796,UPI,101.02,Success,20
P000797,R000797,Card,101.56,Success,5
P000798,R000798,UPI,230.88,Success,5
P000799,R000799,Cash,67.04,Success,0
P000800,R000800,Wallet,158.0,Success,10
P000801,R000801,UPI,227.92,Success,0
P000802,R000802,Card,75.08,Success,10
P000803,R000803,UPI,49.34,Failed,0
P000804,R000804,UPI,69.94,Success,20
P000805,R000805,Cash,247.12,Success,0
P000806,R000806,UPI,51.04,Success,5
P000807,R000807,Cash,122.28,Pending,0
P000808,R000808,Card,124.84,Success,0
P000809,R000809,Wallet,56.8,Success,0
P000810,R000810,Card,54.28,Success,0
P000811,R000811,Card,72.44,Success,10
P000812,R000812,UPI,83.8,Success,0
P000813,R000813,UPI,86.4,Success,20
P000814,R000814,UPI,87.66,Success,20
P000815,R000815,UPI,57.06,Success,0
P000816,R000816,Card,71.42,Failed,5
P000817,R000817,UPI,57.64,Success,10
P000818,R000818,UPI,217.8,Success,20
P000819,R000819,UPI,59.72,Success,10
P000820,R000820,UPI,67.84,Success,0
P000821,R000821,UPI,102.08,Success,10
P000822,R000822,Cash,113.44,Success,20
P000823,R000823,Cash,105.92,Success,0
P000824,R000824,Cash,231.52,Success,0
P000825,R000825,Card,46.32,Success,10
P000826,R000826,Card,139.64,Success,0
P000827,R000827,UPI,48.2,Success,5
P000828,R000828,UPI,31.46,Success,0
P000829,R000829,Cash,38.4,Success,0
P000830,R000830,UPI,90.0,Success,20
P000831,R000831,UPI,119.68,Success,0
P000832,R000832,UPI,91.0,Success,0
P000833,R000833,Card,48.04,Success,0
P000834,R000834,Card,97.88,Success,0
P000835,R000835,UPI,87.42,Success,0
P000836,R000836,UPI,58.1,Success,5
P000837,R000837,Card,63.06,Success,0
P000838,R000838,Wallet,93.52,Success,0
P000839,R000839,UPI,86.0,Success,0
P000840,R000840,UPI,67.1,Success,0
P000841,R000841,UPI,63.28,Success,0
P000842,R000842,UPI,86.6,Success,0
P000843,R000843,Cash,34.58,Failed,0
P000844,R000844,UPI,96.52,Success,0
P000845,R000845,UPI,110.92,Success,0
P000846,R000846,Wallet,57.12,Success,5
P000847,R000847,UPI,105.6,Success,5
P000848,R000848,Card,64.48,Success,0
P000849,R000849,UPI,70.16,Success,0
P000850,R000850,Wallet,115.24,Success,5
P000851,R000851,UPI,75.28,Success,0
P000852,R000852,UPI,72.4,Success,0
P000853,R000853,UPI,54.36,Success,10
P000854,R000854,Cash,74.4,Success,20
P000855,R000855,UPI,67.16,Success,10
P000856,R000856,Card,47.5,Success,5
P000857,R000857,Cash,115.96,Success,20
P000858,R000858,Card,82.92,Success,0
P000859,R000859,Card,73.4,Success,10
P000860,R000860,Card,65.82,Pending,0
P000861,R000861,UPI,31.58,Success,0
P000862,R000862,Cash,94.04,Success,0
P000863,R000863,Card,57.58,Success,20
P000864,R000864,UPI,45.48,Success,10
P000865,R000865,UPI,46.8,Success,0
P000866,R000866,UPI,107.64,Success,5
P000867,R000867,UPI,81.24,Success,20
P000868,R000868,UPI,69.04,Success,0
P000869,R000869,UPI,29.78,Success,0
P000870,R000870,UPI,50.74,Success,5
P000871,R000871,UPI,37.46,Success,0
P000872,R000872,UPI,84.52,Success,0
P000873,R000873,UPI,39.96,Success,0
P000874,R000874,Card,53.8,Success,0
P000875,R000875,UPI,47.32,Success,10
P000876,R000876,UPI,40.04,Success,0
P000877,R000877,UPI,53.68,Success,0
P000878,R000878,Card,90.44,Success,10
P000879,R000879,UPI,182.72,Success,0
P000880,R000880,UPI,97.56,Success,10
P000881,R000881,UPI,123.12,Success,20
P000882,R000882,UPI,55.48,Success,5
P000883,R000883,UPI,64.46,Success,0
P000884,R000884,UPI,39.0,Success,0
P000885,R000885,UPI,80.52,Success,0
P000886,R000886,UPI,26.3,Success,0
P000887,R000887,UPI,94.92,Success,5
P000888,R000888,Cash,55.96,Success,0
P000889,R000889,Card,123.88,Success,0
P000890,R000890,Wallet,31.16,Success,0
P000891,R000891,Card,43.52,Success,0
P000892,R000892,UPI,30.68,Success,0
P000893,R000893,Wallet,117.72,Success,20
P000894,R000894,UPI,109.88,Success,0
P000895,R000895,Card,78.76,Success,0
P000896,R000896,UPI,73.4,Success,0
P000897,R000897,UPI,160.6,Success,0
P000898,R000898,UPI,81.72,Success,20
P000899,R000899,UPI,77.24,Success,5
P000900,R000900,UPI,63.52,Success,0
P000901,R000901,UPI,171.04,Success,0
P000902,R000902,Card,27.74,Success,0
P000903,R000903,UPI,81.16,Success,0
P000904,R000904,UPI,36.74,Success,0
P000905,R000905,UPI,105.8,Success,0
P000906,R000906,UPI,98.84,Success,10
P000907,R000907,UPI,98.68,Success,0
P000908,R000908,UPI,89.48,Success,0
P000909,R000909,UPI,91.82,Success,0
P000910,R000910,UPI,55.4,Success,0
P000911,R000911,Cash,58.76,Failed,0
P000912,R000912,Cash,50.56,Success,10
P000913,R000913,UPI,99.64,Success,10
P000914,R000914,Card,33.16,Success,0
P000915,R000915,UPI,46.22,Failed,0
P000916,R000916,Card,81.52,Success,0
P000917,R000917,UPI,108.12,Success,0
P000918,R000918,UPI,228.12,Success,20
P000919,R000919,UPI,46.14,Success,0
P000920,R000920,UPI,71.12,Success,5
P000921,R000921,Card,135.16,Success,0
P000922,R000922,UPI,171.6,Success,20
P000923,R000923,UPI,29.12,Success,0
P000924,R000924,Cash,64.84,Success,0
P000925,R000925,Cash,169.16,Success,10
P000926,R000926,Wallet,267.88,Success,0
P000927,R000927,UPI,95.6,Success,0
P000928,R000928,UPI,38.04,Success,0
P000929,R000929,Cash,59.82,Success,10
P000930,R000930,UPI,95.4,Success,20
P000931,R000931,UPI,115.8,Success,0
P000932,R000932,UPI,38.36,Success,0
P000933,R000933,Card,80.24,Success,0
P000934,R000934,Card,59.18,Success,0
P000935,R000935,Cash,117.6,Success,0
P000936,R000936,UPI,84.12,Success,20
P000937,R000937,UPI,74.08,Success,0
P000938,R000938,UPI,117.52,Success,0
P000939,R000939,UPI,55.0,Success,0
P000940,R000940,UPI,59.84,Success,0
P000941,R000941,UPI,113.6,Success,0
P000942,R000942,Card,34.12,Success,5
P000943,R000943,Card,44.68,Success,0
P000944,R000944,UPI,83.16,Success,0
P000945,R000945,UPI,65.08,Success,0
P000946,R000946,UPI,93.64,Success,0
P000947,R000947,Card,71.64,Success,10
P000948,R000948,Cash,107.16,Success,0
P000949,R000949,UPI,85.4,Success,0
P000950,R000950,UPI,80.68,Success,0
P000951,R000951,Cash,51.82,Success,20
P000952,R000952,Card,93.94,Success,20
P000953,R000953,UPI,76.84,Success,0
P000954,R000954,UPI,123.68,Success,0
P000955,R000955,Cash,76.84,Success,0
P000956,R000956,UPI,86.52,Success,5
P000957,R000957,Card,27.74,Success,0
P000958,R000958,Cash,51.48,Success,0
P000959,R000959,UPI,62.44,Success,0
P000960,R000960,UPI,195.48,Success,0
P000961,R000961,Cash,88.04,Success,0
P000962,R000962,Wallet,48.04,Success,0
P000963,R000963,UPI,86.44,Failed,0
P000964,R000964,UPI,61.24,Success,0
P000965,R000965,UPI,51.82,Success,20
P000966,R000966,Card,53.12,Success,0
P000967,R000967,UPI,323.28,Success,20
P000968,R000968,Card,140.28,Success,5
P000969,R000969,Wallet,81.96,Success,0
P000970,R000970,Card,90.52,Success,0
P000971,R000971,UPI,144.8,Success,0
P000972,R000972,Card,118.96,Success,0
P000973,R000973,Card,143.76,Success,5
P000974,R000974,Wallet,40.56,Success,10
P000975,R000975,UPI,66.88,Success,0
P000976,R000976,UPI,165.96,Success,0
P000977,R000977,UPI,98.92,Success,0
P000978,R000978,UPI,54.16,Success,0
P000979,R000979,UPI,57.68,Success,5
P000980,R000980,Wallet,83.6,Success,0
P000981,R000981,UPI,111.64,Success,0
P000982,R000982,Wallet,118.72,Success,0
P000983,R000983,Card,37.34,Pending,0
P000984,R000984,UPI,47.3,Success,0
P000985,R000985,UPI,54.84,Success,0
P000986,R000986,Card,45.72,Success,0
P000987,R000987,UPI,141.12,Success,5
P000988,R000988,Cash,119.24,Success,10
P000989,R000989,UPI,42.52,Success,0
P000990,R000990,UPI,283.96,Success,0
P000991,R000991,UPI,64.84,Success,5
P000992,R000992,UPI,37.92,Success,10
P000993,R000993,UPI,57.92,Failed,5
P000994,R000994,UPI,84.64,Success,0
P000995,R000995,UPI,83.64,Success,0
P000996,R000996,UPI,87.0,Success,5
P000997,R000997,UPI,77.08,Success,20
P000998,R000998,UPI,68.68,Success,0
P000999,R000999,UPI,116.2,Success,0
P001000,R001000,Card,86.6,Success,0
P001001,R001001,UPI,55.08,Success,0
P001002,R001002,Card,225.52,Success,0
P001003,R001003,Cash,109.56,Success,0
P001004,R001004,UPI,32.3,Success,0
P001005,R001005,UPI,97.02,Success,0
P001006,R001006,UPI,104.76,Success,5
P001007,R001007,Card,52.56,Pending,0
P001008,R001008,UPI,147.56,Success,10
P001009,R001009,Card,61.6,Success,0
P001010,R001010,Card,78.04,Success,0
P001011,R001011,UPI,81.24,Success,10
P001012,R001012,UPI,146.44,Success,5
P001013,R001013,UPI,27.44,Success,0
P001014,R001014,Card,60.5,Success,0
P001015,R001015,UPI,42.04,Success,0
P001016,R001016,UPI,68.68,Success,0
P001017,R001017,UPI,116.28,Success,0
P001018,R001018,UPI,150.68,Success,10
P001019,R001019,Cash,76.8,Success,0
P001020,R001020,UPI,62.56,Success,0
P001021,R001021,UPI,88.7,Success,0
P001022,R001022,UPI,114.16,Success,0
P001023,R001023,UPI,53.08,Success,0
P001024,R001024,UPI,75.24,Success,0
P001025,R001025,UPI,169.34,Success,0
P001026,R001026,UPI,86.8,Success,5
P001027,R001027,Cash,50.8,Success,10
P001028,R001028,UPI,75.56,Success,0
P001029,R001029,UPI,35.64,Success,0
P001030,R001030,UPI,115.16,Success,20
P001031,R001031,Card,55.24,Success,10
P001032,R001032,UPI,36.28,Failed,0
P001033,R001033,UPI,67.52,Success,0
P001034,R001034,Cash,73.88,Success,0
P001035,R001035,UPI,38.6,Success,0
P001036,R001036,Card,82.72,Success,0
P001037,R001037,UPI,61.08,Success,5
P001038,R001038,UPI,44.92,Success,10
P001039,R001039,UPI,72.2,Success,0
P001040,R001040,Card,56.32,Success,0
P001041,R001041,Card,111.16,Pending,20
P001042,R001042,Card,36.36,Success,0
P001043,R001043,UPI,62.68,Success,5
P001044,R001044,Card,90.52,Success,0
P001045,R001045,Wallet,69.8,Success,0
P001046,R001046,UPI,40.74,Success,0
P001047,R001047,UPI,45.72,Success,0
P001048,R001048,Card,77.16,Success,5
P001049,R001049,UPI,31.82,Success,0
P001050,R001050,Card,89.8,Failed,0
P001051,R001051,UPI,46.98,Success,0
P001052,R001052,UPI,52.96,Success,0
P001053,R001053,Card,38.3,Success,0
P001054,R001054,Card,91.84,Success,0
P001055,R001055,UPI,110.56,Success,0
P001056,R001056,UPI,140.96,Success,0
P001057,R001057,UPI,68.68,Success,0
P001058,R001058,UPI,139.4,Success,10
P001059,R001059,Cash,31.58,Success,0
P001060,R001060,UPI,63.04,Success,0
P001061,R001061,UPI,156.4,Success,0
P001062,R001062,UPI,83.32,Success,0
P001063,R001063,Card,39.6,Success,5
P001064,R001064,Wallet,43.48,Success,5
P001065,R001065,UPI,74.88,Pending,20
P001066,R001066,UPI,56.44,Success,0
P001067,R001067,UPI,211.24,Success,0
P001068,R001068,Card,27.2,Pending,0
P001069,R001069,UPI,120.92,Success,0
P001070,R001070,UPI,88.72,Success,0
P001071,R001071,Card,51.4,Success,10
P001072,R001072,Wallet,98.56,Success,0
P001073,R001073,UPI,53.74,Success,10
P001074,R001074,UPI,62.56,Success,0
P001075,R001075,UPI,129.12,Success,20
P001076,R001076,UPI,27.8,Success,0
P001077,R001077,UPI,35.02,Success,5
P001078,R001078,UPI,71.12,Success,0
P001079,R001079,UPI,120.28,Success,0
P001080,R001080,Card,58.24,Success,0
P001081,R001081,UPI,73.6,Success,0
P001082,R001082,UPI,99.76,Success,0
P001083,R001083,Card,69.08,Success,0
P001084,R001084,UPI,75.92,Success,0
P001085,R001085,Card,230.8,Success,0
P001086,R001086,UPI,81.4,Success,0
P001087,R001087,UPI,43.16,Success,0
P001088,R001088,UPI,232.48,Success,0
P001089,R001089,UPI,95.32,Success,0
P001090,R001090,UPI,90.74,Success,0
P001091,R001091,UPI,50.44,Success,0
P001092,R001092,Card,76.0,Success,0
P001093,R001093,UPI,53.8,Success,0
P001094,R001094,UPI,96.48,Failed,5
P001095,R001095,UPI,189.12,Success,20
P001096,R001096,UPI,101.16,Success,5
P001097,R001097,UPI,38.18,Success,0
P001098,R001098,Card,75.64,Failed,0
P001099,R001099,Card,120.24,Success,0
P001100,R001100,UPI,144.04,Success,0
P001101,R001101,Cash,79.1,Success,0
P001102,R001102,Card,127.08,Success,5
P001103,R001103,UPI,77.2,Success,5
P001104,R001104,Card,116.84,Success,0
P001105,R001105,Card,56.8,Success,5
P001106,R001106,Cash,70.88,Success,0
P001107,R001107,UPI,68.68,Success,0
P001108,R001108,UPI,98.88,Success,5
P001109,R001109,Cash,77.08,Success,0
P001110,R001110,UPI,53.66,Success,0
P001111,R001111,Wallet,82.96,Pending,0
P001112,R001112,UPI,43.1,Success,5
P001113,R001113,UPI,78.26,Success,0
P001114,R001114,Card,87.32,Success,0
P001115,R001115,UPI,67.7,Success,0
P001116,R001116,Card,143.8,Success,0
P001117,R001117,UPI,38.06,Success,0
P001118,R001118,UPI,60.76,Success,0
P001119,R001119,UPI,79.12,Success,0
P001120,R001120,Cash,123.8,Success,0
P001121,R001121,Card,62.4,Success,5
P001122,R001122,UPI,72.08,Success,10
P001123,R001123,UPI,65.0,Success,10
P001124,R001124,UPI,150.28,Pending,0
P001125,R001125,Card,38.68,Success,0
P001126,R001126,UPI,38.04,Success,0
P001127,R001127,Card,75.8,Success,0
P001128,R001128,Wallet,43.82,Success,0
P001129,R001129,UPI,94.76,Success,0
P001130,R001130,UPI,47.0,Success,0
P001131,R001131,UPI,51.88,Success,0
P001132,R001132,UPI,95.2,Success,0
P001133,R001133,UPI,37.94,Success,0
P001134,R001134,Card,51.64,Success,0
P001135,R001135,Card,61.8,Success,0
P001136,R001136,UPI,87.4,Success,0
P001137,R001137,UPI,53.56,Success,0
P001138,R001138,Cash,83.04,Success,10
P001139,R001139,Card,80.48,Success,5
P001140,R001140,UPI,191.92,Success,20
P001141,R001141,Card,156.12,Success,20
P001142,R001142,UPI,78.68,Success,0
P001143,R001143,Cash,63.04,Success,0
P001144,R001144,UPI,144.16,Success,0
P001145,R001145,Card,40.24,Success,5
P001146,R001146,UPI,42.2,Success,0
P001147,R001147,Cash,78.6,Success,10
P001148,R001148,Card,69.72,Success,0
P001149,R001149,UPI,166.04,Success,10
P001150,R001150,Card,140.16,Success,5
P001151,R001151,UPI,53.08,Pending,0
P001152,R001152,UPI,108.04,Success,0
P001153,R001153,Cash,93.0,Success,20
P001154,R001154,UPI,66.3,Success,10
P001155,R001155,UPI,79.24,Success,0
P001156,R001156,Card,74.24,Success,0
P001157,R001157,Card,41.56,Success,0
P001158,R001158,Card,91.36,Success,0
P001159,R001159,Card,73.36,Success,0
P001160,R001160,UPI,53.8,Success,0
P001161,R001161,UPI,95.56,Success,10
P001162,R001162,UPI,34.42,Success,5
P001163,R001163,UPI,124.24,Success,0
P001164,R001164,UPI,78.16,Success,5
P001165,R001165,UPI,89.96,Success,0
P001166,R001166,UPI,83.8,Success,0
P001167,R001167,UPI,81.4,Success,0
P001168,R001168,Cash,48.44,Success,0
P001169,R001169,Cash,83.52,Success,5
P001170,R001170,UPI,45.5,Success,0
P001171,R001171,Card,97.6,Success,0
P001172,R001172,UPI,66.48,Success,10
P001173,R001173,Cash,103.76,Success,0
P001174,R001174,UPI,49.6,Success,5
P001175,R001175,UPI,84.76,Success,0
P001176,R001176,Card,30.32,Success,0
P001177,R001177,UPI,97.2,Success,5
P001178,R001178,Cash,74.48,Success,10
P001179,R001179,Card,65.0,Success,20
P001180,R001180,UPI,60.52,Success,0
P001181,R001181,Card,51.64,Success,0
P001182,R001182,UPI,53.24,Failed,0
P001183,R001183,Card,29.06,Success,0
P001184,R001184,UPI,202.96,Success,0
P001185,R001185,Card,34.66,Success,5
P001186,R001186,UPI,192.04,Success,0
P001187,R001187,UPI,59.96,Success,0
P001188,R001188,UPI,42.84,Success,0
P001189,R001189,UPI,58.2,Pending,0
P001190,R001190,Card,104.96,Success,0
P001191,R001191,Wallet,82.64,Success,0
P001192,R001192,UPI,69.38,Success,0
P001193,R001193,UPI,68.44,Success,0
P001194,R001194,UPI,54.84,Success,10
P001195,R001195,UPI,89.48,Success,0
P001196,R001196,UPI,59.12,Success,0
P001197,R001197,Cash,67.94,Success,5
P001198,R001198,Wallet,72.12,Success,0
P001199,R001199,Card,166.96,Success,0
P001200,R001200,Card,95.74,Success,5
P001201,R001201,UPI,37.28,Success,0
P001202,R001202,Card,60.68,Success,0
P001203,R001203,Cash,112.64,Success,0
P001204,R001204,Card,123.16,Success,0
P001205,R001205,Card,111.16,Success,0
P001206,R001206,UPI,39.96,Success,0
P001207,R001207,Cash,99.4,Success,0
P001208,R001208,Card,143.68,Success,0
P001209,R001209,Card,113.84,Success,10
P001210,R001210,UPI,66.64,Success,0
P001211,R001211,UPI,43.84,Success,5
P001212,R001212,UPI,62.08,Failed,5
P001213,R001213,Wallet,88.76,Success,10
P001214,R001214,UPI,102.88,Success,0
P001215,R001215,Cash,46.02,Success,0
P001216,R001216,Card,93.88,Success,0
P001217,R001217,Card,138.92,Success,0
P001218,R001218,Card,253.16,Success,10
P001219,R001219,UPI,81.76,Success,0
P001220,R001220,Card,78.68,Success,0
P001221,R001221,UPI,56.8,Success,0
P001222,R001222,UPI,75.32,Success,10
P001223,R001223,Card,113.32,Success,0
P001224,R001224,Card,119.4,Success,0
P001225,R001225,Cash,39.46,Failed,5
P001226,R001226,UPI,63.76,Success,5
P001227,R001227,UPI,74.04,Success,0
P001228,R001228,UPI,114.52,Success,0
P001229,R001229,Card,58.4,Success,5
P001230,R001230,UPI,80.76,Success,0
P001231,R001231,UPI,58.0,Success,0
P001232,R001232,UPI,113.32,Success,0
P001233,R001233,UPI,144.76,Success,0
P001234,R001234,UPI,28.76,Success,0
P001235,R001235,UPI,125.68,Success,0
P001236,R001236,UPI,57.64,Success,0
P001237,R001237,Wallet,59.2,Success,0
P001238,R001238,UPI,77.28,Success,20
P001239,R001239,UPI,69.08,Success,0
P001240,R001240,Card,83.5,Success,0
P001241,R001241,UPI,158.6,Success,10
P001242,R001242,UPI,59.96,Success,20
P001243,R001243,Wallet,83.32,Success,0
P001244,R001244,Card,111.16,Success,0
P001245,R001245,UPI,97.2,Success,5
P001246,R001246,UPI,36.5,Success,0
P001247,R001247,UPI,71.8,Success,0
P001248,R001248,UPI,109.4,Success,10
P001249,R001249,UPI,44.28,Success,10
P001250,R001250,Card,103.6,Success,0
P001251,R001251,Card,64.48,Success,0
P001252,R001252,UPI,162.76,Success,20
P001253,R001253,UPI,51.04,Success,5
P001254,R001254,Wallet,147.8,Success,10
P001255,R001255,Card,71.8,Success,0
P001256,R001256,UPI,36.46,Success,5
P001257,R001257,UPI,45.4,Success,0
P001258,R001258,UPI,157.28,Success,0
P001259,R001259,UPI,64.76,Success,0
P001260,R001260,UPI,43.34,Success,0
P001261,R001261,UPI,57.02,Success,0
P001262,R001262,UPI,51.0,Success,0
P001263,R001263,UPI,151.0,Success,0
P001264,R001264,Wallet,211.72,Success,0
P001265,R001265,UPI,135.8,Success,0
P001266,R001266,Card,102.8,Success,10
P001267,R001267,UPI,46.84,Success,5
P001268,R001268,UPI,85.56,Success,0
P001269,R001269,UPI,53.66,Success,0
P001270,R001270,UPI,37.4,Success,0
P001271,R001271,UPI,36.64,Success,5
P001272,R001272,Card,63.04,Success,0
P001273,R001273,Card,171.76,Success,0
P001274,R001274,UPI,76.84,Success,0
P001275,R001275,UPI,53.74,Failed,0
P001276,R001276,UPI,223.36,Success,0
P001277,R001277,UPI,67.0,Pending,20
P001278,R001278,Wallet,60.28,Success,0
P001279,R001279,UPI,121.08,Success,20
P001280,R001280,UPI,80.44,Success,5
P001281,R001281,UPI,84.64,Success,0
P001282,R001282,UPI,96.4,Success,5
P001283,R001283,Card,76.92,Success,20
P001284,R001284,Cash,102.28,Success,0
P001285,R001285,UPI,74.44,Success,0
P001286,R001286,UPI,52.58,Success,0
P001287,R001287,Card,64.04,Success,10
P001288,R001288,UPI,71.8,Success,0
P001289,R001289,UPI,53.18,Success,0
P001290,R001290,UPI,104.72,Success,0
P001291,R001291,Wallet,123.84,Success,0
P001292,R001292,Card,84.84,Success,0
P001293,R001293,Card,104.24,Success,5
P001294,R001294,Card,33.16,Success,5
P001295,R001295,UPI,115.66,Success,0
P001296,R001296,UPI,28.34,Success,0
P001297,R001297,UPI,78.36,Success,10
P001298,R001298,Card,94.0,Success,0
P001299,R001299,Cash,40.92,Success,0
P001300,R001300,Card,80.12,Success,0
P001301,R001301,UPI,40.84,Success,0
P001302,R001302,Card,70.22,Success,0
P001303,R001303,UPI,135.68,Success,0
P001304,R001304,Card,76.46,Success,0
P001305,R001305,UPI,162.08,Success,10
P001306,R001306,UPI,82.16,Success,10
P001307,R001307,UPI,38.88,Success,5
P001308,R001308,Card,54.76,Success,0
P001309,R001309,UPI,91.64,Success,0
P001310,R001310,UPI,77.48,Success,0
P001311,R001311,UPI,111.58,Success,5
P001312,R001312,UPI,49.96,Failed,0
P001313,R001313,UPI,72.48,Success,0
P001314,R001314,UPI,68.94,Success,0
P001315,R001315,Card,73.2,Success,0
P001316,R001316,Card,109.48,Success,5
P001317,R001317,UPI,34.76,Success,0
P001318,R001318,UPI,76.6,Success,0
P001319,R001319,Card,104.48,Success,20
P001320,R001320,Cash,132.16,Success,0
P001321,R001321,UPI,155.96,Success,0
P001322,R001322,Card,106.72,Success,0
P001323,R001323,Cash,128.68,Success,0
P001324,R001324,UPI,58.84,Success,0
P001325,R001325,Card,56.2,Success,0
P001326,R001326,Card,70.0,Success,0
P001327,R001327,UPI,74.44,Success,0
P001328,R001328,UPI,62.44,Success,0
P001329,R001329,Card,75.76,Success,0
P001330,R001330,UPI,81.04,Success,20
P001331,R001331,Card,77.56,Success,0
P001332,R001332,UPI,40.28,Success,0
P001333,R001333,UPI,58.84,Success,0
P001334,R001334,UPI,111.16,Success,0
P001335,R001335,UPI,77.32,Success,0
P001336,R001336,Wallet,84.52,Success,0
P001337,R001337,UPI,133.58,Success,0
P001338,R001338,UPI,59.8,Success,0
P001339,R001339,UPI,96.28,Success,0
P001340,R001340,Cash,61.56,Failed,0
P001341,R001341,UPI,46.02,Success,0
P001342,R001342,UPI,118.0,Success,0
P001343,R001343,UPI,146.56,Success,0
P001344,R001344,Card,199.92,Pending,20
P001345,R001345,Cash,104.48,Success,0
P001346,R001346,UPI,100.52,Success,5
P001347,R001347,Wallet,95.64,Success,0
P001348,R001348,UPI,112.2,Pending,0
P001349,R001349,UPI,126.16,Success,5
P001350,R001350,Cash,81.88,Success,0
P001351,R001351,UPI,52.76,Success,0
P001352,R001352,Wallet,35.96,Success,0
P001353,R001353,UPI,44.32,Success,5
P001354,R001354,UPI,73.8,Success,5
P001355,R001355,UPI,58.76,Success,0
P001356,R001356,UPI,122.56,Success,0
P001357,R001357,UPI,127.8,Success,0
P001358,R001358,UPI,65.64,Success,0
P001359,R001359,Card,98.96,Success,20
P001360,R001360,Wallet,53.08,Success,5
P001361,R001361,Cash,123.56,Success,0
P001362,R001362,UPI,119.24,Success,0
P001363,R001363,Card,64.04,Success,10
P001364,R001364,UPI,57.92,Success,0
P001365,R001365,Card,31.28,Success,0
P001366,R001366,Card,85.64,Success,0
P001367,R001367,UPI,81.64,Success,20
P001368,R001368,UPI,37.48,Success,0
P001369,R001369,UPI,44.36,Success,0
P001370,R001370,UPI,56.28,Success,5
P001371,R001371,UPI,102.28,Success,20
P001372,R001372,UPI,166.12,Success,0
P001373,R001373,UPI,160.88,Success,10
P001374,R001374,Card,70.6,Success,0
P001375,R001375,UPI,138.56,Success,0
P001376,R001376,Card,86.88,Success,0
P001377,R001377,UPI,36.68,Success,0
P001378,R001378,Card,61.8,Success,5
P001379,R001379,UPI,61.64,Success,0
P001380,R001380,Card,82.0,Success,0
P001381,R001381,Card,30.2,Success,0
P001382,R001382,UPI,76.28,Success,0
P001383,R001383,UPI,85.32,Success,5
P001384,R001384,Card,131.76,Success,20
P001385,R001385,Card,75.92,Success,0
P001386,R001386,Card,69.4,Success,0
P001387,R001387,UPI,114.88,Success,0
P001388,R001388,Cash,58.44,Success,5
P001389,R001389,UPI,68.76,Success,0
P001390,R001390,UPI,53.16,Pending,0
P001391,R001391,UPI,36.68,Success,0
P001392,R001392,Card,113.0,Success,0
P001393,R001393,UPI,140.16,Success,10
P001394,R001394,UPI,71.12,Success,10
P001395,R001395,UPI,50.98,Success,5
P001396,R001396,Wallet,137.44,Success,0
P001397,R001397,UPI,39.9,Success,10
P001398,R001398,UPI,99.96,Success,10
P001399,R001399,Card,57.84,Success,5
P001400,R001400,Card,49.04,Failed,0
P001401,R001401,UPI,102.68,Success,20
P001402,R001402,Card,74.44,Success,0
P001403,R001403,Cash,97.0,Success,20
P001404,R001404,UPI,51.6,Success,10
P001405,R001405,UPI,56.32,Success,0
P001406,R001406,UPI,34.04,Success,0
P001407,R001407,UPI,96.96,Success,5
P001408,R001408,UPI,149.92,Success,0
P001409,R001409,Cash,193.96,Success,0
P001410,R001410,UPI,47.44,Success,5
P001411,R001411,UPI,46.82,Failed,0
P001412,R001412,UPI,109.6,Success,0
P001413,R001413,UPI,164.68,Success,0
P001414,R001414,UPI,87.08,Success,0
P001415,R001415,UPI,150.76,Success,0
P001416,R001416,UPI,84.08,Success,0
P001417,R001417,Card,94.64,Success,0
P001418,R001418,UPI,74.8,Success,0
P001419,R001419,Card,131.12,Success,10
P001420,R001420,UPI,69.16,Success,0
P001421,R001421,Wallet,56.92,Pending,0
P001422,R001422,UPI,76.36,Success,20
P001423,R001423,Card,90.48,Success,5
P001424,R001424,Cash,27.32,Success,0
P001425,R001425,UPI,79.6,Success,0
P001426,R001426,Card,169.2,Success,5
P001427,R001427,Cash,86.96,Success,5
P001428,R001428,UPI,39.18,Success,0
P001429,R001429,Card,84.12,Success,5
P001430,R001430,Card,87.4,Success,5
P001431,R001431,UPI,99.34,Failed,10
P001432,R001432,UPI,87.12,Success,0
P001433,R001433,Card,138.92,Success,10
P001434,R001434,Cash,41.54,Success,0
P001435,R001435,Card,73.72,Success,0
P001436,R001436,Card,77.32,Success,0
P001437,R001437,UPI,142.04,Success,0
P001438,R001438,UPI,131.68,Success,0
P001439,R001439,UPI,128.8,Success,0
P001440,R001440,Cash,44.28,Success,0
P001441,R001441,UPI,35.96,Pending,0
P001442,R001442,UPI,49.48,Success,0
P001443,R001443,Cash,42.48,Success,5
P001444,R001444,Wallet,156.88,Success,0
P001445,R001445,Wallet,58.72,Success,0
P001446,R001446,UPI,83.08,Pending,0
P001447,R001447,UPI,98.32,Success,0
P001448,R001448,UPI,35.72,Success,0
P001449,R001449,UPI,91.88,Success,0
P001450,R001450,UPI,36.68,Success,0
P001451,R001451,UPI,116.08,Success,5
P001452,R001452,UPI,58.2,Success,0
P001453,R001453,UPI,65.0,Success,10
P001454,R001454,UPI,136.96,Success,20
P001455,R001455,UPI,159.16,Success,0
P001456,R001456,UPI,47.96,Success,10
P001457,R001457,UPI,89.36,Success,0
P001458,R001458,Card,152.68,Success,0
P001459,R001459,Cash,64.2,Success,0
P001460,R001460,UPI,77.68,Success,0
P001461,R001461,UPI,99.2,Success,0
P001462,R001462,UPI,134.16,Success,20
P001463,R001463,Cash,133.4,Success,0
P001464,R001464,Cash,23.24,Success,0
P001465,R001465,Card,145.84,Success,0
P001466,R001466,UPI,79.28,Success,0
P001467,R001467,Card,74.76,Success,5
P001468,R001468,UPI,54.7,Success,5
P001469,R001469,Cash,69.24,Success,5
P001470,R001470,UPI,111.92,Success,5
P001471,R001471,Card,95.84,Failed,0
P001472,R001472,Wallet,40.88,Success,5
P001473,R001473,Cash,48.86,Success,0
P001474,R001474,Cash,57.88,Success,0
P001475,R001475,UPI,54.86,Success,0
P001476,R001476,Wallet,102.88,Success,0
P001477,R001477,Cash,98.08,Success,5
P001478,R001478,UPI,51.32,Success,0
P001479,R001479,UPI,71.64,Failed,0
P001480,R001480,UPI,55.24,Success,0
P001481,R001481,UPI,55.36,Success,0
P001482,R001482,UPI,48.6,Success,0
P001483,R001483,UPI,46.12,Success,5
P001484,R001484,Card,135.52,Success,0
P001485,R001485,UPI,35.16,Success,0
P001486,R001486,Card,32.36,Success,0
P001487,R001487,Card,76.84,Success,0
P001488,R001488,Card,64.92,Success,5
P001489,R001489,UPI,46.36,Success,10
P001490,R001490,Card,36.86,Success,0
P001491,R001491,UPI,77.04,Success,0
P001492,R001492,UPI,72.04,Success,0
P001493,R001493,UPI,33.56,Success,0
P001494,R001494,UPI,131.64,Success,5
P001495,R001495,Card,58.48,Success,0
P001496,R001496,Wallet,78.08,Success,0
P001497,R001497,UPI,83.32,Success,0
P001498,R001498,UPI,143.04,Success,0
P001499,R001499,UPI,50.32,Success,0
P001500,R001500,Card,46.88,Success,0
P001501,R001501,UPI,40.68,Pending,0
P001502,R001502,UPI,60.64,Success,0
P001503,R001503,UPI,67.8,Success,0
P001504,R001504,Wallet,84.8,Success,10
P001505,R001505,Wallet,295.6,Success,0
P001506,R001506,UPI,56.5,Success,5
P001507,R001507,Cash,83.0,Success,0
P001508,R001508,UPI,95.36,Success,0
P001509,R001509,UPI,96.28,Success,0
P001510,R001510,UPI,76.28,Success,0
P001511,R001511,Card,58.12,Success,0
P001512,R001512,UPI,64.64,Success,0
P001513,R001513,UPI,56.6,Success,0
P001514,R001514,UPI,31.4,Success,0
P001515,R001515,UPI,48.12,Success,10
P001516,R001516,Cash,52.16,Success,5
P001517,R001517,Card,133.96,Success,0
P001518,R001518,Card,44.88,Success,5
P001519,R001519,Cash,64.36,Success,0
P001520,R001520,Cash,38.82,Success,0
P001521,R001521,Card,38.84,Success,0
P001522,R001522,UPI,59.04,Success,10
P001523,R001523,UPI,59.96,Success,0
P001524,R001524,UPI,93.64,Success,0
P001525,R001525,Card,99.32,Success,0
P001526,R001526,Card,152.84,Success,0
P001527,R001527,Card,142.84,Success,0
P001528,R001528,UPI,115.76,Pending,5
P001529,R001529,UPI,83.4,Success,0
P001530,R001530,UPI,101.56,Success,0
P001531,R001531,UPI,63.88,Success,0
P001532,R001532,Card,83.32,Success,0
P001533,R001533,UPI,40.34,Failed,0
P001534,R001534,UPI,75.16,Success,0
P001535,R001535,UPI,101.48,Success,0
P001536,R001536,Card,51.52,Success,0
P001537,R001537,UPI,208.16,Success,0
P001538,R001538,Card,54.64,Success,0
P001539,R001539,Cash,122.52,Success,5
P001540,R001540,UPI,49.72,Success,0
P001541,R001541,Cash,143.04,Success,20
P001542,R001542,UPI,125.84,Success,10
P001543,R001543,UPI,38.0,Success,5
P001544,R001544,Card,76.52,Success,0
P001545,R001545,UPI,49.1,Success,0
P001546,R001546,Card,60.7,Success,5
P001547,R001547,UPI,54.04,Success,0
P001548,R001548,UPI,73.36,Success,0
P001549,R001549,UPI,60.52,Success,0
P001550,R001550,Card,38.38,Success,5
P001551,R001551,Card,74.08,Success,0
P001552,R001552,Cash,194.68,Success,0
P001553,R001553,Wallet,46.52,Success,0
P001554,R001554,UPI,67.12,Failed,0
P001555,R001555,UPI,91.52,Success,0
P001556,R001556,UPI,61.32,Success,5
P001557,R001557,UPI,66.4,Pending,0
P001558,R001558,Card,64.0,Success,0
P001559,R001559,Wallet,71.34,Success,0
P001560,R001560,UPI,73.34,Success,0
P001561,R001561,UPI,56.52,Success,0
P001562,R001562,UPI,46.02,Success,0
P001563,R001563,UPI,43.72,Success,0
P001564,R001564,UPI,49.84,Success,5
P001565,R001565,UPI,58.22,Success,0
P001566,R001566,Card,26.6,Success,0
P001567,R001567,UPI,98.56,Success,0
P001568,R001568,UPI,92.32,Success,0
P001569,R001569,UPI,126.64,Success,5
P001570,R001570,UPI,150.28,Success,0
P001571,R001571,UPI,78.14,Failed,0
P001572,R001572,Card,88.36,Success,0
P001573,R001573,UPI,42.52,Success,0
P001574,R001574,Cash,280.6,Success,0
P001575,R001575,UPI,26.42,Success,0
P001576,R001576,UPI,116.76,Success,5
P001577,R001577,UPI,43.4,Success,0
P001578,R001578,Cash,74.64,Success,5
P001579,R001579,UPI,133.68,Success,20
P001580,R001580,UPI,99.32,Success,0
P001581,R001581,UPI,77.92,Success,5
P001582,R001582,UPI,65.56,Success,0
P001583,R001583,Card,152.68,Success,0
P001584,R001584,UPI,69.76,Success,0
P001585,R001585,UPI,68.24,Success,0
P001586,R001586,Wallet,57.34,Failed,20
P001587,R001587,UPI,136.92,Success,10
P001588,R001588,Card,347.48,Success,0
P001589,R001589,UPI,124.24,Success,10
P001590,R001590,Cash,90.36,Success,0
P001591,R001591,UPI,78.62,Success,0
P001592,R001592,UPI,76.92,Failed,0
P001593,R001593,UPI,98.32,Success,0
P001594,R001594,UPI,108.84,Success,5
P001595,R001595,UPI,76.12,Success,5
P001596,R001596,Cash,47.28,Success,5
P001597,R001597,Cash,34.24,Success,5
P001598,R001598,Card,85.72,Success,0
P001599,R001599,UPI,66.2,Success,5
P001600,R001600,Card,75.04,Success,5
P001601,R001601,Card,73.94,Success,0
P001602,R001602,Card,37.72,Success,0
P001603,R001603,UPI,46.58,Pending,0
P001604,R001604,UPI,35.18,Success,0
P001605,R001605,Wallet,74.02,Success,20
P001606,R001606,UPI,50.28,Success,0
P001607,R001607,Wallet,30.38,Success,0
P001608,R001608,UPI,116.36,Failed,0
P001609,R001609,Card,31.1,Success,0
P001610,R001610,Card,93.88,Success,0
P001611,R001611,UPI,82.6,Success,0
P001612,R001612,UPI,130.84,Success,10
P001613,R001613,Cash,58.3,Success,5
P001614,R001614,UPI,69.2,Success,10
P001615,R001615,UPI,70.22,Success,0
P001616,R001616,UPI,40.04,Failed,0
P001617,R001617,Wallet,61.6,Success,0
P001618,R001618,Card,40.76,Success,0
P001619,R001619,UPI,67.24,Success,0
P001620,R001620,Card,63.64,Success,0
P001621,R001621,UPI,28.64,Success,0
P001622,R001622,UPI,44.2,Success,0
P001623,R001623,Card,52.58,Failed,0
P001624,R001624,Cash,168.8,Success,0
P001625,R001625,UPI,141.92,Success,0
P001626,R001626,Card,108.92,Success,10
P001627,R001627,UPI,81.88,Success,0
P001628,R001628,Card,59.8,Success,0
P001629,R001629,UPI,87.02,Success,0
P001630,R001630,Cash,33.72,Success,0
P001631,R001631,Card,130.92,Success,5
P001632,R001632,Cash,92.16,Success,5
P001633,R001633,UPI,76.2,Success,10
P001634,R001634,UPI,391.08,Success,10
P001635,R001635,UPI,163.56,Success,10
P001636,R001636,UPI,151.0,Success,0
P001637,R001637,UPI,87.72,Success,10
P001638,R001638,Wallet,211.84,Success,0
P001639,R001639,UPI,139.36,Success,0
P001640,R001640,UPI,81.48,Success,20
P001641,R001641,Card,65.92,Success,0
P001642,R001642,Card,115.36,Success,0
P001643,R001643,UPI,80.6,Success,0
P001644,R001644,Card,76.32,Success,5
P001645,R001645,Wallet,100.72,Failed,0
P001646,R001646,UPI,33.8,Success,0
P001647,R001647,Cash,30.84,Success,0
P001648,R001648,UPI,110.0,Success,10
P001649,R001649,UPI,58.4,Success,5
P001650,R001650,UPI,57.52,Success,0
P001651,R001651,UPI,65.52,Success,10
P001652,R001652,Card,45.32,Success,0
P001653,R001653,UPI,106.08,Success,0
P001654,R001654,Card,40.44,Success,0
P001655,R001655,Card,98.6,Success,20
P001656,R001656,UPI,79.76,Success,0
P001657,R001657,UPI,94.6,Success,0
P001658,R001658,UPI,36.92,Success,0
P001659,R001659,UPI,56.12,Success,0
P001660,R001660,Card,103.16,Success,20
P001661,R001661,UPI,88.44,Success,5
P001662,R001662,Card,40.58,Success,0
P001663,R001663,UPI,35.88,Success,0
P001664,R001664,UPI,124.16,Success,0
P001665,R001665,UPI,69.56,Success,0
P001666,R001666,UPI,98.36,Success,0
P001667,R001667,UPI,114.52,Success,0
P001668,R001668,Card,180.52,Success,0
P001669,R001669,UPI,53.24,Success,0
P001670,R001670,UPI,72.44,Success,0
P001671,R001671,UPI,76.4,Success,0
P001672,R001672,Card,80.2,Success,0
P001673,R001673,UPI,69.48,Failed,0
P001674,R001674,UPI,58.72,Success,20
P001675,R001675,UPI,157.16,Success,0
P001676,R001676,UPI,50.52,Success,0
P001677,R001677,UPI,39.3,Success,0
P001678,R001678,UPI,33.26,Success,0
P001679,R001679,UPI,112.08,Success,5
P001680,R001680,Card,28.4,Success,0
P001681,R001681,UPI,239.6,Success,0
P001682,R001682,Cash,134.12,Success,0
P001683,R001683,UPI,57.72,Success,0
P001684,R001684,Wallet,284.08,Success,0
P001685,R001685,Card,90.04,Success,0
P001686,R001686,Card,39.32,Success,0
P001687,R001687,UPI,47.96,Success,0
P001688,R001688,UPI,43.18,Success,5
P001689,R001689,UPI,80.2,Success,0
P001690,R001690,Card,87.08,Success,0
P001691,R001691,Cash,81.56,Success,10
P001692,R001692,Cash,39.74,Success,0
P001693,R001693,Card,109.44,Success,10
P001694,R001694,UPI,73.8,Success,5
P001695,R001695,UPI,27.68,Success,0
P001696,R001696,Cash,112.88,Success,0
P001697,R001697,UPI,70.24,Success,0
P001698,R001698,Card,73.36,Success,5
P001699,R001699,Wallet,57.44,Success,0
P001700,R001700,Card,71.24,Success,0
P001701,R001701,Card,202.52,Success,0
P001702,R001702,Card,62.6,Success,0
P001703,R001703,Card,78.76,Success,0
P001704,R001704,Card,63.4,Success,0
P001705,R001705,UPI,91.36,Success,0
P001706,R001706,UPI,208.36,Success,0
P001707,R001707,UPI,49.16,Success,0
P001708,R001708,UPI,115.0,Success,0
P001709,R001709,UPI,26.9,Success,0
P001710,R001710,UPI,32.42,Success,0
P001711,R001711,Card,34.46,Success,0
P001712,R001712,UPI,90.92,Success,0
P001713,R001713,UPI,58.72,Success,0
P001714,R001714,Wallet,41.0,Success,0
P001715,R001715,UPI,40.12,Success,0
P001716,R001716,Card,73.36,Success,0
P001717,R001717,UPI,31.94,Success,0
P001718,R001718,Card,87.04,Success,5
P001719,R001719,Cash,102.4,Success,20
P001720,R001720,Card,77.7,Success,0
P001721,R001721,Card,55.44,Success,5
P001722,R001722,Card,67.84,Success,0
P001723,R001723,UPI,130.04,Success,10
P001724,R001724,UPI,53.44,Success,0
P001725,R001725,UPI,62.68,Success,0
P001726,R001726,Wallet,136.12,Success,0
P001727,R001727,Wallet,38.48,Success,0
P001728,R001728,Card,63.72,Success,0
P001729,R001729,UPI,65.64,Success,5
P001730,R001730,UPI,80.92,Success,0
P001731,R001731,UPI,90.62,Success,0
P001732,R001732,UPI,52.72,Success,0
P001733,R001733,UPI,38.9,Success,0
P001734,R001734,UPI,90.56,Success,10
P001735,R001735,Card,36.92,Success,0
P001736,R001736,Card,150.2,Success,0
P001737,R001737,UPI,147.04,Success,0
P001738,R001738,UPI,70.2,Success,0
P001739,R001739,Card,64.0,Success,0
P001740,R001740,UPI,79.48,Success,0
P001741,R001741,UPI,39.1,Failed,5
P001742,R001742,Wallet,69.16,Success,0
P001743,R001743,UPI,99.44,Success,0
P001744,R001744,UPI,62.84,Success,0
P001745,R001745,UPI,77.48,Success,0
P001746,R001746,UPI,49.44,Success,0
P001747,R001747,Card,38.54,Success,0
P001748,R001748,UPI,109.72,Success,0
P001749,R001749,UPI,145.88,Success,0
P001750,R001750,Card,51.0,Success,10
P001751,R001751,UPI,57.96,Success,0
P001752,R001752,Card,172.36,Success,0
P001753,R001753,UPI,83.56,Success,0
P001754,R001754,UPI,112.2,Success,0
P001755,R001755,UPI,104.92,Success,0
P001756,R001756,Card,55.32,Success,0
P001757,R001757,UPI,89.92,Success,0
P001758,R001758,UPI,113.2,Success,0
P001759,R001759,UPI,75.8,Success,0
P001760,R001760,UPI,45.04,Success,5
P001761,R001761,UPI,74.92,Success,5
P001762,R001762,UPI,74.8,Success,20
P001763,R001763,UPI,41.42,Success,0
P001764,R001764,UPI,86.88,Success,5
P001765,R001765,Card,43.56,Success,0
P001766,R001766,UPI,67.56,Pending,0
P001767,R001767,UPI,66.04,Success,0
P001768,R001768,UPI,90.28,Success,0
P001769,R001769,UPI,49.26,Success,0
P001770,R001770,UPI,57.28,Success,0
P001771,R001771,Cash,85.64,Success,20
P001772,R001772,UPI,43.64,Success,0
P001773,R001773,UPI,136.88,Success,10
P001774,R001774,Card,88.44,Success,5
P001775,R001775,Card,99.38,Success,0
P001776,R001776,UPI,98.2,Success,0
P001777,R001777,UPI,46.76,Success,0
P001778,R001778,UPI,117.4,Success,0
P001779,R001779,Cash,61.4,Success,0
P001780,R001780,UPI,96.12,Success,0
P001781,R001781,Card,50.68,Success,0
P001782,R001782,UPI,105.04,Success,0
P001783,R001783,UPI,72.4,Success,5
P001784,R001784,UPI,52.36,Success,0
P001785,R001785,UPI,99.48,Success,0
P001786,R001786,Card,88.08,Success,20
P001787,R001787,Card,31.52,Failed,0
P001788,R001788,Card,66.04,Success,0
P001789,R001789,UPI,69.48,Success,5
P001790,R001790,UPI,94.96,Success,0
P001791,R001791,Card,59.8,Failed,0
P001792,R001792,UPI,156.8,Success,0
P001793,R001793,Card,80.6,Success,0
P001794,R001794,UPI,78.76,Success,0
P001795,R001795,Cash,131.12,Success,0
P001796,R001796,UPI,89.2,Success,0
P001797,R001797,UPI,46.68,Success,0
P001798,R001798,Card,44.9,Success,0
P001799,R001799,UPI,68.36,Success,0
P001800,R001800,UPI,32.36,Success,0
P001801,R001801,Card,30.12,Success,0
P001802,R001802,UPI,29.72,Failed,0
P001803,R001803,UPI,57.28,Success,0
P001804,R001804,Card,74.28,Success,20
P001805,R001805,UPI,38.92,Success,5
P001806,R001806,Card,161.48,Success,0
P001807,R001807,Cash,59.96,Success,0
P001808,R001808,Card,101.32,Success,20
P001809,R001809,UPI,93.2,Success,10
P001810,R001810,UPI,82.12,Success,0
P001811,R001811,UPI,58.96,Success,0
P001812,R001812,Wallet,83.0,Success,0
P001813,R001813,UPI,45.0,Success,0
P001814,R001814,UPI,167.96,Success,10
P001815,R001815,Wallet,107.64,Success,0
P001816,R001816,Card,54.36,Success,0
P001817,R001817,UPI,92.96,Success,5
P001818,R001818,UPI,48.1,Failed,0
P001819,R001819,UPI,69.88,Success,0
P001820,R001820,UPI,88.28,Success,10
P001821,R001821,UPI,52.32,Success,5
P001822,R001822,Cash,58.3,Pending,20
P001823,R001823,Wallet,49.84,Failed,0
P001824,R001824,UPI,66.8,Success,0
P001825,R001825,UPI,35.78,Success,0
P001826,R001826,Card,91.6,Success,0
P001827,R001827,Card,57.62,Success,5
P001828,R001828,UPI,30.68,Success,0
P001829,R001829,UPI,56.92,Success,0
P001830,R001830,UPI,55.32,Success,10
P001831,R001831,Card,80.16,Success,0
P001832,R001832,Wallet,87.64,Success,0
P001833,R001833,Cash,130.48,Success,0
P001834,R001834,UPI,185.12,Success,0
P001835,R001835,UPI,74.3,Success,0
P001836,R001836,Wallet,60.92,Success,0
P001837,R001837,UPI,67.72,Success,0
P001838,R001838,UPI,64.76,Failed,10
P001839,R001839,Card,68.08,Success,0
P001840,R001840,UPI,44.64,Success,0
P001841,R001841,Card,65.08,Success,0
P001842,R001842,UPI,90.6,Success,0
P001843,R001843,Card,75.5,Success,0
P001844,R001844,UPI,58.28,Success,0
P001845,R001845,Cash,79.24,Success,0
P001846,R001846,Card,88.84,Success,20
P001847,R001847,Wallet,182.28,Success,10
P001848,R001848,Cash,38.32,Success,5
P001849,R001849,Card,65.16,Success,5
P001850,R001850,UPI,74.18,Success,0
P001851,R001851,Wallet,132.2,Success,10
P001852,R001852,Card,43.8,Success,0
P001853,R001853,Card,146.76,Success,0
P001854,R001854,UPI,72.64,Success,0
P001855,R001855,Cash,120.76,Success,0
P001856,R001856,Card,46.04,Success,10
P001857,R001857,UPI,81.08,Success,0
P001858,R001858,UPI,139.32,Success,0
P001859,R001859,UPI,86.12,Success,0
P001860,R001860,Card,59.62,Success,5
P001861,R001861,UPI,64.72,Success,0
P001862,R001862,Cash,64.16,Success,10
P001863,R001863,Card,101.76,Success,5
P001864,R001864,UPI,168.28,Success,0
P001865,R001865,UPI,92.88,Success,5
P001866,R001866,UPI,107.12,Success,5
P001867,R001867,UPI,185.68,Success,0
P001868,R001868,UPI,115.84,Success,0
P001869,R001869,UPI,90.32,Success,5
P001870,R001870,Card,92.68,Success,0
P001871,R001871,Wallet,39.44,Success,0
P001872,R001872,UPI,85.84,Success,0
P001873,R001873,Card,101.0,Success,10
P001874,R001874,UPI,116.68,Success,0
P001875,R001875,UPI,61.8,Success,10
P001876,R001876,UPI,85.24,Success,0
P001877,R001877,Cash,157.72,Success,0
P001878,R001878,UPI,82.24,Success,0
P001879,R001879,Card,31.06,Success,5
P001880,R001880,UPI,58.52,Success,0
P001881,R001881,Card,52.18,Success,10
P001882,R001882,Card,89.04,Success,5
P001883,R001883,UPI,42.36,Success,0
P001884,R001884,UPI,118.72,Success,0
P001885,R001885,Card,82.48,Success,0
P001886,R001886,UPI,130.78,Success,5
P001887,R001887,Card,95.6,Success,5
P001888,R001888,Wallet,101.32,Success,0
P001889,R001889,UPI,104.36,Success,0
P001890,R001890,Card,55.66,Success,0
P001891,R001891,Card,54.72,Success,5
P001892,R001892,Card,97.0,Success,0
P001893,R001893,UPI,114.12,Success,20
P001894,R001894,Cash,44.54,Success,0
P001895,R001895,Card,65.0,Success,10
P001896,R001896,Card,34.58,Success,0
P001897,R001897,Card,57.96,Success,5
P001898,R001898,Cash,29.06,Success,0
P001899,R001899,UPI,54.04,Success,0
P001900,R001900,UPI,72.88,Success,0
P001901,R001901,UPI,54.76,Success,0
P001902,R001902,UPI,69.44,Success,0
P001903,R001903,UPI,76.44,Success,0
P001904,R001904,UPI,61.6,Success,0
P001905,R001905,Card,69.08,Success,0
P001906,R001906,Card,46.24,Success,5
P001907,R001907,UPI,61.12,Success,0
P001908,R001908,Cash,34.68,Success,0
P001909,R001909,Cash,96.12,Success,0
P001910,R001910,UPI,30.68,Success,0
P001911,R001911,UPI,62.2,Success,0
P001912,R001912,UPI,89.92,Success,0
P001913,R001913,UPI,62.2,Success,0
P001914,R001914,Cash,119.32,Success,0
P001915,R001915,UPI,61.0,Success,0
P001916,R001916,Card,53.16,Success,0
P001917,R001917,Card,38.48,Success,0
P001918,R001918,UPI,60.12,Success,10
P001919,R001919,UPI,90.64,Success,0
P001920,R001920,UPI,66.12,Success,0
P001921,R001921,Card,88.0,Success,0
P001922,R001922,UPI,73.12,Success,0
P001923,R001923,Cash,121.68,Success,5
P001924,R001924,Card,174.04,Success,0
P001925,R001925,UPI,39.64,Success,0
P001926,R001926,UPI,86.72,Success,0
P001927,R001927,UPI,93.16,Success,0
P001928,R001928,UPI,110.8,Success,0
P001929,R001929,Card,53.72,Success,0
P001930,R001930,Card,37.82,Success,0
P001931,R001931,UPI,122.32,Success,0
P001932,R001932,Card,40.28,Success,0
P001933,R001933,UPI,41.66,Success,0
P001934,R001934,Card,63.98,Success,0
P001935,R001935,UPI,67.48,Failed,0
P001936,R001936,Card,54.36,Success,0
P001937,R001937,UPI,153.36,Success,5
P001938,R001938,UPI,89.44,Success,5
P001939,R001939,UPI,92.48,Success,0
P001940,R001940,Cash,88.84,Success,0
P001941,R001941,UPI,85.48,Success,0
P001942,R001942,UPI,114.52,Success,0
P001943,R001943,UPI,105.4,Success,0
P001944,R001944,Card,81.72,Success,10
P001945,R001945,Card,62.08,Success,0
P001946,R001946,Card,74.2,Success,0
P001947,R001947,UPI,60.96,Success,5
P001948,R001948,Cash,53.28,Success,5
P001949,R001949,UPI,104.12,Success,0
P001950,R001950,Card,54.64,Success,0
P001951,R001951,UPI,61.0,Success,0
P001952,R001952,Card,85.24,Success,0
P001953,R001953,UPI,70.72,Success,5
P001954,R001954,UPI,51.28,Success,0
P001955,R001955,UPI,234.72,Success,0
P001956,R001956,Card,43.16,Success,0
P001957,R001957,Wallet,69.28,Success,0
P001958,R001958,UPI,92.2,Success,0
P001959,R001959,Card,88.8,Success,10
P001960,R001960,UPI,76.96,Success,0
P001961,R001961,Cash,48.04,Success,10
P001962,R001962,Card,46.72,Success,5
P001963,R001963,Card,41.84,Success,0
P001964,R001964,UPI,125.92,Success,0
P001965,R001965,UPI,110.84,Success,10
P001966,R001966,UPI,74.12,Success,0
P001967,R001967,UPI,89.96,Success,10
P001968,R001968,UPI,89.82,Success,10
P001969,R001969,UPI,42.2,Success,0
P001970,R001970,Card,180.48,Success,20
P001971,R001971,UPI,89.68,Success,20
P001972,R001972,Cash,31.16,Success,0
P001973,R001973,Card,97.48,Success,0
P001974,R001974,UPI,40.98,Success,0
P001975,R001975,UPI,80.96,Success,0
P001976,R001976,UPI,96.08,Success,10
P001977,R001977,UPI,165.6,Success,10
P001978,R001978,Card,78.88,Success,0
P001979,R001979,UPI,162.64,Pending,0
P001980,R001980,Card,52.76,Success,0
P001981,R001981,Card,34.28,Success,0
P001982,R001982,UPI,107.08,Success,0
P001983,R001983,Card,39.48,Success,0
P001984,R001984,UPI,75.28,Success,5
P001985,R001985,UPI,99.48,Pending,5
P001986,R001986,UPI,83.3,Success,0
P001987,R001987,UPI,87.04,Success,0
P001988,R001988,Card,181.32,Success,5
P001989,R001989,UPI,40.34,Success,0
P001990,R001990,Wallet,227.68,Success,0
P001991,R001991,UPI,96.08,Success,10
P001992,R001992,UPI,106.12,Success,0
P001993,R001993,UPI,24.08,Success,0
P001994,R001994,UPI,36.84,Success,0
P001995,R001995,Card,80.64,Success,5
P001996,R001996,Card,67.16,Success,0
P001997,R001997,UPI,53.12,Success,5
P001998,R001998,Card,100.88,Success,0
P001999,R001999,Cash,55.8,Success,0
P002000,R002000,Cash,27.62,Success,0
P002001,R002001,Card,133.0,Success,0
P002002,R002002,Card,82.12,Success,0
P002003,R002003,Card,141.04,Success,0
P002004,R002004,Card,77.72,Success,10
P002005,R002005,Card,119.36,Success,0
P002006,R002006,Card,80.28,Success,20
P002007,R002007,UPI,25.52,Success,0
P002008,R002008,Card,125.32,Success,0
P002009,R002009,Cash,131.36,Success,0
P002010,R002010,Card,249.04,Success,0
P002011,R002011,Cash,63.72,Success,10
P002012,R002012,UPI,92.68,Success,0
P002013,R002013,UPI,30.28,Success,5
P002014,R002014,Card,55.6,Success,0
P002015,R002015,UPI,91.48,Failed,0
P002016,R002016,Wallet,70.94,Success,0
P002017,R002017,UPI,62.36,Success,0
P002018,R002018,UPI,87.52,Success,0
P002019,R002019,UPI,115.84,Success,0
P002020,R002020,UPI,50.28,Success,0
P002021,R002021,Card,68.44,Success,5
P002022,R002022,Card,120.38,Success,0
P002023,R002023,Cash,49.7,Success,0
P002024,R002024,UPI,119.12,Success,10
P002025,R002025,Card,159.2,Success,0
P002026,R002026,UPI,57.88,Success,0
P002027,R002027,UPI,111.16,Success,0
P002028,R002028,UPI,101.96,Success,0
P002029,R002029,UPI,74.56,Success,0
P002030,R002030,UPI,93.0,Success,0
P002031,R002031,Card,51.48,Success,0
P002032,R002032,UPI,42.84,Success,0
P002033,R002033,UPI,113.92,Success,0
P002034,R002034,Card,46.6,Success,0
P002035,R002035,UPI,83.72,Success,0
P002036,R002036,UPI,104.56,Success,0
P002037,R002037,Card,51.38,Success,0
P002038,R002038,UPI,121.8,Success,5
P002039,R002039,Card,57.92,Success,0
P002040,R002040,Cash,87.44,Success,0
P002041,R002041,UPI,156.84,Success,5
P002042,R002042,UPI,103.76,Success,0
P002043,R002043,Card,32.9,Success,0
P002044,R002044,Cash,56.68,Success,0
P002045,R002045,UPI,114.24,Success,20
P002046,R002046,Card,85.4,Success,20
P002047,R002047,Card,31.64,Success,0
P002048,R002048,UPI,172.96,Success,0
P002049,R002049,Card,27.08,Success,0
P002050,R002050,UPI,130.68,Success,5
P002051,R002051,Wallet,70.04,Success,0
P002052,R002052,UPI,58.0,Success,0
P002053,R002053,Wallet,72.04,Success,0
P002054,R002054,Card,64.16,Success,5
P002055,R002055,Card,42.32,Success,0
P002056,R002056,UPI,69.36,Success,20
P002057,R002057,Cash,52.6,Success,0
P002058,R002058,UPI,49.72,Success,0
P002059,R002059,Cash,135.36,Success,0
P002060,R002060,UPI,66.86,Success,0
P002061,R002061,UPI,36.38,Success,0
P002062,R002062,Card,31.64,Success,0
P002063,R002063,UPI,113.16,Success,0
P002064,R002064,Card,182.24,Success,10
P002065,R002065,Card,93.46,Success,10
P002066,R002066,UPI,105.02,Success,0
P002067,R002067,UPI,112.6,Success,0
P002068,R002068,UPI,58.48,Success,0
P002069,R002069,Card,91.6,Success,0
P002070,R002070,UPI,41.34,Success,0
P002071,R002071,Cash,33.32,Success,0
P002072,R002072,Card,46.66,Success,5
P002073,R002073,UPI,36.6,Success,0
P002074,R002074,UPI,105.46,Success,10
P002075,R002075,UPI,202.48,Success,0
P002076,R002076,UPI,76.32,Success,5
P002077,R002077,UPI,27.14,Success,0
P002078,R002078,Wallet,106.08,Success,5
P002079,R002079,Card,33.86,Success,0
P002080,R002080,UPI,154.52,Success,20
P002081,R002081,UPI,107.76,Success,5
P002082,R002082,UPI,59.12,Success,0
P002083,R002083,Card,140.8,Success,0
P002084,R002084,Card,81.88,Success,10
P002085,R002085,UPI,58.84,Success,0
P002086,R002086,UPI,70.28,Success,20
P002087,R002087,Card,85.48,Success,0
P002088,R002088,UPI,34.1,Success,0
P002089,R002089,UPI,101.92,Success,0
P002090,R002090,UPI,69.4,Success,0
P002091,R002091,Card,88.72,Success,0
P002092,R002092,UPI,59.8,Success,0
P002093,R002093,UPI,135.88,Success,0
P002094,R002094,Card,166.04,Success,0
P002095,R002095,UPI,72.44,Success,10
P002096,R002096,UPI,70.48,Success,0
P002097,R002097,UPI,106.56,Success,20
P002098,R002098,UPI,100.24,Success,0
P002099,R002099,UPI,45.28,Success,5
P002100,R002100,UPI,51.4,Success,5
P002101,R002101,Card,38.12,Success,0
P002102,R002102,UPI,65.8,Success,0
P002103,R002103,Card,68.28,Success,20
P002104,R002104,UPI,93.32,Success,0
P002105,R002105,UPI,188.36,Success,10
P002106,R002106,UPI,83.36,Success,0
P002107,R002107,Cash,128.68,Success,0
P002108,R002108,Cash,45.72,Success,0
P002109,R002109,Card,33.72,Success,0
P002110,R002110,Card,128.24,Success,20
P002111,R002111,Card,94.76,Success,0
P002112,R002112,UPI,47.96,Success,0
P002113,R002113,Card,58.42,Success,0
P002114,R002114,Wallet,69.72,Success,5
P002115,R002115,UPI,92.2,Success,0
P002116,R002116,Card,109.46,Success,5
P002117,R002117,Card,93.4,Success,5
P002118,R002118,UPI,29.96,Success,0
P002119,R002119,UPI,66.44,Success,0
P002120,R002120,Card,61.36,Success,0
P002121,R002121,UPI,77.66,Success,0
P002122,R002122,UPI,99.28,Success,0
P002123,R002123,UPI,127.4,Success,0
P002124,R002124,Cash,69.52,Success,0
P002125,R002125,Card,102.16,Success,0
P002126,R002126,Card,51.48,Success,0
P002127,R002127,UPI,73.4,Success,0
P002128,R002128,Cash,79.08,Success,0
P002129,R002129,Card,35.18,Success,0
P002130,R002130,UPI,141.4,Success,0
P002131,R002131,Cash,30.44,Failed,0
P002132,R002132,UPI,66.78,Success,0
P002133,R002133,Card,151.24,Success,0
P002134,R002134,UPI,138.24,Success,5
P002135,R002135,UPI,91.52,Success,5
P002136,R002136,Wallet,40.72,Pending,5
P002137,R002137,UPI,292.6,Success,0
P002138,R002138,UPI,60.38,Success,0
P002139,R002139,UPI,89.92,Success,0
P002140,R002140,UPI,67.36,Success,0
P002141,R002141,Card,45.56,Success,0
P002142,R002142,Card,60.7,Success,5
P002143,R002143,UPI,35.06,Success,0
P002144,R002144,Cash,62.52,Success,20
P002145,R002145,UPI,174.12,Success,0
P002146,R002146,UPI,96.24,Success,20
P002147,R002147,UPI,47.08,Success,0
P002148,R002148,UPI,90.04,Success,10
P002149,R002149,Card,74.36,Success,0
P002150,R002150,Card,46.96,Success,0
P002151,R002151,UPI,143.04,Success,5
P002152,R002152,Card,57.38,Success,0
P002153,R002153,UPI,39.44,Success,5
P002154,R002154,Wallet,50.92,Success,0
P002155,R002155,UPI,71.44,Success,5
P002156,R002156,Cash,139.92,Success,0
P002157,R002157,UPI,50.48,Success,0
P002158,R002158,UPI,119.84,Success,0
P002159,R002159,UPI,65.92,Success,5
P002160,R002160,UPI,82.6,Failed,0
P002161,R002161,UPI,78.86,Success,0
P002162,R002162,Card,94.68,Success,0
P002163,R002163,UPI,152.68,Success,0
P002164,R002164,Wallet,48.3,Success,0
P002165,R002165,UPI,42.2,Success,0
P002166,R002166,UPI,63.8,Success,0
P002167,R002167,UPI,48.44,Success,0
P002168,R002168,UPI,46.16,Success,0
P002169,R002169,UPI,102.16,Success,5
P002170,R002170,UPI,64.28,Success,0
P002171,R002171,UPI,279.44,Success,10
P002172,R002172,UPI,102.4,Success,0
P002173,R002173,Cash,49.2,Success,0
P002174,R002174,UPI,202.28,Success,0
P002175,R002175,UPI,71.92,Success,0
P002176,R002176,Card,85.72,Success,0
P002177,R002177,Cash,309.16,Success,0
P002178,R002178,UPI,62.4,Success,5
P002179,R002179,Card,58.68,Success,5
P002180,R002180,Card,55.62,Success,10
P002181,R002181,UPI,79.68,Success,0
P002182,R002182,Card,82.04,Success,0
P002183,R002183,Card,47.32,Success,10
P002184,R002184,Cash,171.48,Success,0
P002185,R002185,UPI,87.06,Success,10
P002186,R002186,UPI,114.56,Success,10
P002187,R002187,UPI,162.28,Success,0
P002188,R002188,Card,124.84,Success,0
P002189,R002189,UPI,47.08,Success,20
P002190,R002190,UPI,87.52,Success,20
P002191,R002191,UPI,90.4,Success,0
P002192,R002192,UPI,53.36,Success,5
P002193,R002193,UPI,54.28,Success,0
P002194,R002194,UPI,69.64,Success,0
P002195,R002195,Card,61.76,Success,0
P002196,R002196,Cash,31.56,Success,0
P002197,R002197,UPI,27.38,Failed,0
P002198,R002198,UPI,67.88,Success,0
P002199,R002199,UPI,66.68,Success,0
P002200,R002200,Cash,45.56,Success,0
P002201,R002201,Cash,93.54,Success,0
P002202,R002202,UPI,62.86,Success,0
P002203,R002203,Card,86.48,Success,10
P002204,R002204,Cash,41.76,Success,0
P002205,R002205,Card,41.8,Success,0
P002206,R002206,Card,79.96,Success,0
P002207,R002207,Card,34.04,Success,0
P002208,R002208,Cash,65.32,Success,10
P002209,R002209,Wallet,172.36,Success,0
P002210,R002210,UPI,92.8,Success,0
P002211,R002211,Cash,142.0,Success,0
P002212,R002212,UPI,66.2,Success,20
P002213,R002213,UPI,210.52,Success,0
P002214,R002214,Card,85.6,Success,0
P002215,R002215,UPI,115.12,Success,0
P002216,R002216,UPI,202.32,Success,0
P002217,R002217,UPI,71.28,Success,5
P002218,R002218,Card,63.88,Success,0
P002219,R002219,Wallet,93.24,Success,5
P002220,R002220,Card,85.72,Success,0
P002221,R002221,UPI,71.8,Success,0
P002222,R002222,Cash,112.0,Success,0
P002223,R002223,Wallet,134.76,Failed,5
P002224,R002224,Card,47.96,Success,0
P002225,R002225,Card,86.84,Success,10
P002226,R002226,UPI,71.44,Success,0
P002227,R002227,Card,57.4,Success,0
P002228,R002228,UPI,43.12,Success,5
P002229,R002229,Card,106.76,Success,0
P002230,R002230,UPI,44.52,Success,0
P002231,R002231,Card,77.44,Success,0
P002232,R002232,UPI,271.12,Success,5
P002233,R002233,UPI,27.26,Success,0
P002234,R002234,Card,90.44,Success,5
P002235,R002235,UPI,49.24,Success,0
P002236,R002236,Card,74.72,Success,10
P002237,R002237,Card,161.96,Success,10
P002238,R002238,Card,84.16,Success,0
P002239,R002239,UPI,79.48,Pending,0
P002240,R002240,Card,80.2,Success,0
P002241,R002241,UPI,85.6,Success,5
P002242,R002242,UPI,78.72,Success,5
P002243,R002243,Card,28.04,Success,0
P002244,R002244,UPI,47.88,Success,0
P002245,R002245,UPI,31.66,Success,5
P002246,R002246,UPI,86.4,Failed,5
P002247,R002247,Card,95.96,Success,0
P002248,R002248,UPI,37.82,Success,0
P002249,R002249,UPI,27.02,Success,0
P002250,R002250,Cash,80.04,Success,5
P002251,R002251,UPI,85.32,Success,0
P002252,R002252,UPI,42.8,Success,5
P002253,R002253,UPI,73.22,Success,0
P002254,R002254,UPI,84.16,Success,0
P002255,R002255,UPI,47.32,Success,0
P002256,R002256,Card,58.04,Success,0
P002257,R002257,UPI,50.44,Success,20
P002258,R002258,Card,57.64,Success,0
P002259,R002259,Cash,80.12,Success,0
P002260,R002260,UPI,56.06,Success,0
P002261,R002261,UPI,68.88,Success,5
P002262,R002262,Card,185.08,Success,0
P002263,R002263,Card,78.32,Success,0
P002264,R002264,UPI,72.4,Success,0
P002265,R002265,UPI,140.04,Success,0
P002266,R002266,Cash,49.76,Success,0
P002267,R002267,UPI,35.3,Success,0
P002268,R002268,UPI,38.36,Success,0
P002269,R002269,Card,25.76,Success,0
P002270,R002270,UPI,86.36,Success,10
P002271,R002271,Card,111.44,Success,0
P002272,R002272,Card,188.44,Pending,0
P002273,R002273,Cash,57.16,Success,0
P002274,R002274,Card,60.04,Success,0
P002275,R002275,UPI,40.08,Success,0
P002276,R002276,UPI,80.04,Success,0
P002277,R002277,UPI,49.84,Success,0
P002278,R002278,Card,38.44,Success,5
P002279,R002279,Card,24.56,Success,0
P002280,R002280,UPI,46.02,Success,0
P002281,R002281,UPI,53.72,Success,0
P002282,R002282,Card,66.64,Success,0
P002283,R002283,UPI,38.62,Success,5
P002284,R002284,UPI,68.8,Success,0
P002285,R002285,UPI,44.88,Success,10
P002286,R002286,Cash,57.04,Success,0
P002287,R002287,Card,29.78,Success,0
P002288,R002288,UPI,120.52,Success,0
P002289,R002289,UPI,51.22,Success,5
P002290,R002290,Card,44.4,Success,5
P002291,R002291,UPI,42.72,Success,10
P002292,R002292,UPI,193.32,Success,5
P002293,R002293,UPI,77.76,Success,10
P002294,R002294,UPI,95.44,Success,0
P002295,R002295,Card,78.22,Success,20
P002296,R002296,UPI,64.08,Success,10
P002297,R002297,UPI,45.0,Success,0
P002298,R002298,UPI,67.26,Success,10
P002299,R002299,UPI,48.36,Success,0
P002300,R002300,UPI,34.12,Success,5
P002301,R002301,UPI,186.16,Success,0
P002302,R002302,Cash,92.28,Success,20
P002303,R002303,UPI,247.36,Success,0
P002304,R002304,UPI,128.44,Success,0
P002305,R002305,UPI,64.24,Success,0
P002306,R002306,UPI,106.52,Success,0
P002307,R002307,Cash,40.12,Success,0
P002308,R002308,UPI,25.88,Success,0
P002309,R002309,UPI,58.84,Success,0
P002310,R002310,Cash,101.96,Success,10
P002311,R002311,UPI,135.26,Success,0
P002312,R002312,Card,61.0,Success,0
P002313,R002313,Cash,148.6,Success,0
P002314,R002314,UPI,85.02,Success,10
P002315,R002315,UPI,43.16,Success,0
P002316,R002316,Card,47.8,Success,0
P002317,R002317,UPI,52.0,Success,0
P002318,R002318,UPI,148.36,Success,0
P002319,R002319,Wallet,46.92,Success,0
P002320,R002320,Cash,58.52,Success,0
P002321,R002321,UPI,124.88,Success,10
P002322,R002322,UPI,68.2,Success,20
P002323,R002323,Card,151.08,Success,5
P002324,R002324,UPI,94.6,Success,0
P002325,R002325,UPI,28.82,Success,0
P002326,R002326,UPI,98.88,Success,0
P002327,R002327,UPI,81.02,Success,5
P002328,R002328,UPI,114.44,Success,0
P002329,R002329,Card,73.36,Success,5
P002330,R002330,Cash,38.6,Success,0
P002331,R002331,Card,105.28,Success,0
P002332,R002332,Wallet,43.56,Success,0
P002333,R002333,Cash,94.52,Success,0
P002334,R002334,UPI,155.44,Success,0
P002335,R002335,Card,76.08,Success,5
P002336,R002336,Wallet,63.76,Success,5
P002337,R002337,Card,48.32,Success,0
P002338,R002338,UPI,93.32,Success,0
P002339,R002339,UPI,51.12,Success,0
P002340,R002340,Card,45.96,Success,10
P002341,R002341,UPI,85.42,Success,20
P002342,R002342,UPI,45.88,Success,0
P002343,R002343,UPI,66.6,Success,0
P002344,R002344,Card,92.88,Success,0
P002345,R002345,Card,52.0,Success,5
P002346,R002346,UPI,85.82,Success,0
P002347,R002347,Card,109.76,Pending,0
P002348,R002348,Card,34.46,Success,0
P002349,R002349,Card,29.96,Success,0
P002350,R002350,UPI,85.84,Success,0
P002351,R002351,UPI,64.12,Success,0
P002352,R002352,Card,120.08,Success,0
P002353,R002353,UPI,51.24,Success,10
P002354,R002354,UPI,38.88,Success,0
P002355,R002355,UPI,78.76,Success,0
P002356,R002356,UPI,122.36,Success,5
P002357,R002357,UPI,114.96,Success,5
P002358,R002358,UPI,38.12,Success,0
P002359,R002359,UPI,34.12,Success,0
P002360,R002360,UPI,41.16,Success,0
P002361,R002361,Card,105.04,Success,10
P002362,R002362,UPI,56.68,Success,0
P002363,R002363,Cash,73.32,Success,5
P002364,R002364,UPI,37.8,Success,0
P002365,R002365,UPI,75.2,Success,0
P002366,R002366,UPI,29.42,Success,0
P002367,R002367,Card,57.4,Success,0
P002368,R002368,UPI,80.32,Success,0
P002369,R002369,UPI,84.16,Success,0
P002370,R002370,Card,52.12,Success,0
P002371,R002371,UPI,48.44,Success,0
P002372,R002372,UPI,86.4,Success,0
P002373,R002373,UPI,64.12,Success,10
P002374,R002374,Cash,46.3,Success,5
P002375,R002375,UPI,39.78,Pending,10
P002376,R002376,Cash,62.76,Success,0
P002377,R002377,UPI,407.2,Success,0
P002378,R002378,UPI,69.64,Success,0
P002379,R002379,UPI,71.0,Success,0
P002380,R002380,UPI,80.96,Success,0
P002381,R002381,UPI,55.7,Success,0
P002382,R002382,UPI,96.2,Success,10
P002383,R002383,UPI,68.84,Success,10
P002384,R002384,UPI,42.28,Success,5
P002385,R002385,UPI,214.88,Success,5
P002386,R002386,UPI,48.18,Success,10
P002387,R002387,UPI,86.44,Success,5
P002388,R002388,UPI,60.04,Success,0
P002389,R002389,UPI,54.04,Success,0
P002390,R002390,Card,81.88,Success,0
P002391,R002391,UPI,44.2,Success,0
P002392,R002392,Cash,56.68,Success,0
P002393,R002393,Card,63.28,Success,0
P002394,R002394,UPI,81.4,Success,0
P002395,R002395,UPI,126.88,Success,0
P002396,R002396,Card,142.36,Success,0
P002397,R002397,UPI,56.68,Success,0
P002398,R002398,Cash,56.92,Success,0
P002399,R002399,Card,104.6,Success,0
P002400,R002400,Card,81.76,Success,0
P002401,R002401,Card,56.76,Success,0
P002402,R002402,Card,96.56,Success,0
P002403,R002403,UPI,78.92,Success,10
P002404,R002404,Card,86.88,Success,0
P002405,R002405,UPI,110.8,Success,0
P002406,R002406,UPI,108.68,Success,20
P002407,R002407,UPI,66.44,Success,0
P002408,R002408,Wallet,123.28,Success,0
P002409,R002409,Wallet,172.6,Success,0
P002410,R002410,UPI,66.32,Success,5
P002411,R002411,UPI,51.76,Success,0
P002412,R002412,UPI,81.16,Success,0
P002413,R002413,UPI,38.96,Success,0
P002414,R002414,UPI,147.04,Success,20
P002415,R002415,UPI,63.88,Success,0
P002416,R002416,UPI,109.12,Failed,0
P002417,R002417,UPI,50.84,Success,0
P002418,R002418,UPI,75.64,Success,0
P002419,R002419,UPI,59.0,Success,0
P002420,R002420,UPI,77.72,Success,0
P002421,R002421,Wallet,53.58,Success,0
P002422,R002422,UPI,86.12,Success,0
P002423,R002423,UPI,39.0,Success,0
P002424,R002424,UPI,62.04,Success,5
P002425,R002425,UPI,113.2,Success,0
P002426,R002426,UPI,106.92,Success,0
P002427,R002427,Card,182.2,Success,0
P002428,R002428,Cash,69.52,Success,0
P002429,R002429,UPI,91.72,Success,0
P002430,R002430,Cash,94.72,Success,0
P002431,R002431,UPI,78.28,Success,0
P002432,R002432,UPI,77.8,Success,0
P002433,R002433,Cash,72.0,Success,20
P002434,R002434,Card,72.0,Success,0
P002435,R002435,Card,73.24,Success,0
P002436,R002436,UPI,118.78,Success,5
P002437,R002437,UPI,50.8,Success,0
P002438,R002438,Card,28.34,Success,0
P002439,R002439,Card,57.76,Success,0
P002440,R002440,UPI,68.96,Success,0
P002441,R002441,Cash,226.92,Success,20
P002442,R002442,UPI,43.12,Success,5
P002443,R002443,UPI,82.92,Success,0
P002444,R002444,UPI,100.36,Success,0
P002445,R002445,UPI,45.24,Success,0
P002446,R002446,UPI,74.76,Success,0
P002447,R002447,Card,61.1,Success,0
P002448,R002448,UPI,178.2,Success,5
P002449,R002449,UPI,53.72,Success,0
P002450,R002450,UPI,65.34,Success,0
P002451,R002451,UPI,60.34,Success,20
P002452,R002452,Cash,68.7,Success,5
P002453,R002453,UPI,123.88,Pending,0
P002454,R002454,UPI,63.28,Success,5
P002455,R002455,UPI,39.08,Success,0
P002456,R002456,UPI,75.38,Success,0
P002457,R002457,UPI,41.88,Success,0
P002458,R002458,UPI,50.2,Success,0
P002459,R002459,UPI,103.4,Success,0
P002460,R002460,Cash,87.88,Success,0
P002461,R002461,UPI,54.4,Success,0
P002462,R002462,UPI,75.8,Pending,0
P002463,R002463,Wallet,107.64,Success,5
P002464,R002464,UPI,84.24,Pending,5
P002465,R002465,UPI,207.64,Success,0
P002466,R002466,UPI,66.88,Success,0
P002467,R002467,UPI,118.32,Success,5
P002468,R002468,Card,41.64,Success,0
P002469,R002469,Card,67.48,Success,0
P002470,R002470,Card,85.72,Success,0
P002471,R002471,Card,98.16,Success,0
P002472,R002472,UPI,67.24,Success,0
P002473,R002473,UPI,139.94,Success,0
P002474,R002474,Cash,143.12,Success,0
P002475,R002475,Cash,29.24,Success,0
P002476,R002476,UPI,32.12,Success,0
P002477,R002477,Cash,180.04,Success,0
P002478,R002478,UPI,142.0,Success,0
P002479,R002479,UPI,47.24,Success,0
P002480,R002480,UPI,57.56,Success,0
P002481,R002481,UPI,90.8,Success,10
P002482,R002482,UPI,54.64,Success,5
P002483,R002483,Cash,100.48,Success,5
P002484,R002484,Card,148.72,Failed,0
P002485,R002485,UPI,50.44,Success,10
P002486,R002486,UPI,38.54,Success,0
P002487,R002487,UPI,64.48,Success,0
P002488,R002488,Card,75.44,Success,5
P002489,R002489,UPI,73.0,Success,0
P002490,R002490,UPI,68.92,Success,0
P002491,R002491,UPI,156.16,Success,10
P002492,R002492,Card,65.8,Success,0
P002493,R002493,UPI,202.12,Success,10
P002494,R002494,Cash,72.68,Success,20
P002495,R002495,Card,23.96,Success,0
P002496,R002496,UPI,57.56,Failed,0
P002497,R002497,Cash,90.8,Success,5
P002498,R002498,UPI,92.96,Success,0
P002499,R002499,UPI,29.9,Success,0
P002500,R002500,UPI,89.0,Success,10
P002501,R002501,Card,132.08,Success,0
P002502,R002502,UPI,48.04,Failed,0
P002503,R002503,Card,72.8,Failed,10
P002504,R002504,UPI,245.36,Success,10
P002505,R002505,UPI,139.48,Success,0
P002506,R002506,UPI,98.34,Success,0
P002507,R002507,UPI,62.72,Pending,10
P002508,R002508,UPI,118.24,Success,0
P002509,R002509,UPI,36.5,Success,0
P002510,R002510,UPI,119.92,Success,0
P002511,R002511,UPI,98.78,Success,0
P002512,R002512,UPI,50.78,Success,0
P002513,R002513,UPI,26.54,Success,0
P002514,R002514,UPI,62.76,Success,0
P002515,R002515,Card,53.44,Success,0
P002516,R002516,Card,33.1,Success,5
P002517,R002517,UPI,68.04,Success,10
P002518,R002518,UPI,68.44,Success,0
P002519,R002519,UPI,29.18,Success,0
P002520,R002520,Cash,97.24,Success,0
P002521,R002521,UPI,28.7,Success,0
P002522,R002522,Cash,27.02,Success,0
P002523,R002523,Cash,34.58,Success,0
P002524,R002524,UPI,78.64,Success,0
P002525,R002525,UPI,85.98,Success,5
P002526,R002526,UPI,43.04,Failed,0
P002527,R002527,Card,45.12,Success,10
P002528,R002528,UPI,38.7,Success,0
P002529,R002529,UPI,211.68,Success,0
P002530,R002530,Card,37.88,Success,0
P002531,R002531,Cash,69.28,Success,0
P002532,R002532,UPI,165.08,Success,10
P002533,R002533,UPI,37.68,Success,10
P002534,R002534,UPI,98.56,Success,0
P002535,R002535,Card,42.14,Success,0
P002536,R002536,UPI,165.64,Success,0
P002537,R002537,UPI,67.12,Success,0
P002538,R002538,Cash,37.34,Success,0
P002539,R002539,Card,55.5,Success,0
P002540,R002540,UPI,117.4,Success,0
P002541,R002541,UPI,179.72,Failed,0
P002542,R002542,UPI,71.52,Success,5
P002543,R002543,Wallet,43.24,Success,10
P002544,R002544,Card,108.64,Success,0
P002545,R002545,UPI,50.04,Success,0
P002546,R002546,Card,53.08,Success,0
P002547,R002547,Card,81.32,Success,0
P002548,R002548,UPI,101.68,Success,0
P002549,R002549,UPI,181.32,Success,5
P002550,R002550,Card,39.32,Pending,0
P002551,R002551,UPI,188.52,Success,10
P002552,R002552,UPI,40.58,Success,0
P002553,R002553,Card,85.48,Success,0
P002554,R002554,UPI,66.5,Success,0
P002555,R002555,UPI,38.84,Success,0
P002556,R002556,UPI,86.68,Success,0
P002557,R002557,UPI,38.76,Success,0
P002558,R002558,UPI,42.38,Success,5
P002559,R002559,Cash,88.88,Success,5
P002560,R002560,UPI,146.68,Success,0
P002561,R002561,UPI,100.24,Success,5
P002562,R002562,UPI,40.44,Success,10
P002563,R002563,UPI,59.58,Success,10
P002564,R002564,Card,54.16,Success,0
P002565,R002565,Cash,59.24,Success,0
P002566,R002566,Card,67.6,Success,0
P002567,R002567,Cash,29.9,Success,0
P002568,R002568,UPI,59.56,Success,0
P002569,R002569,Card,56.04,Success,0
P002570,R002570,Card,75.68,Success,0
P002571,R002571,UPI,91.72,Success,0
P002572,R002572,Card,66.44,Success,0
P002573,R002573,Wallet,57.32,Success,0
P002574,R002574,UPI,31.1,Success,0
P002575,R002575,UPI,25.82,Success,0
P002576,R002576,UPI,53.3,Success,0
P002577,R002577,UPI,36.68,Success,0
P002578,R002578,Card,218.44,Success,0
P002579,R002579,UPI,72.96,Success,5
P002580,R002580,Card,188.96,Success,10
P002581,R002581,UPI,184.6,Success,0
P002582,R002582,Wallet,51.36,Success,5
P002583,R002583,UPI,47.96,Success,0
P002584,R002584,UPI,131.6,Success,0
P002585,R002585,UPI,36.78,Success,10
P002586,R002586,UPI,85.84,Success,0
P002587,R002587,UPI,152.08,Success,0
P002588,R002588,UPI,180.16,Success,20
P002589,R002589,Cash,56.44,Success,0
P002590,R002590,UPI,84.0,Success,10
P002591,R002591,UPI,175.16,Success,0
P002592,R002592,UPI,83.16,Success,5
P002593,R002593,UPI,80.64,Success,0
P002594,R002594,Card,156.36,Success,5
P002595,R002595,Card,86.44,Success,0
P002596,R002596,UPI,78.62,Success,5
P002597,R002597,Cash,69.52,Success,0
P002598,R002598,UPI,67.88,Success,0
P002599,R002599,UPI,99.52,Success,0
P002600,R002600,Card,34.76,Success,0
P002601,R002601,Card,106.72,Success,0
P002602,R002602,UPI,75.04,Success,0
P002603,R002603,UPI,82.96,Success,0
P002604,R002604,UPI,86.6,Success,0
P002605,R002605,UPI,30.2,Success,0
P002606,R002606,UPI,71.32,Success,0
P002607,R002607,UPI,103.56,Success,0
P002608,R002608,UPI,109.0,Success,0
P002609,R002609,UPI,43.7,Success,0
P002610,R002610,Card,86.2,Success,10
P002611,R002611,Card,65.28,Success,5
P002612,R002612,UPI,60.04,Success,0
P002613,R002613,Card,31.28,Success,0
P002614,R002614,Card,131.26,Success,20
P002615,R002615,UPI,132.64,Success,0
P002616,R002616,Cash,126.12,Success,0
P002617,R002617,UPI,168.28,Success,0
P002618,R002618,UPI,105.04,Success,0
P002619,R002619,UPI,64.48,Success,0
P002620,R002620,Card,86.24,Success,10
P002621,R002621,UPI,37.88,Success,0
P002622,R002622,Card,159.4,Success,0
P002623,R002623,UPI,81.82,Success,20
P002624,R002624,UPI,56.36,Pending,0
P002625,R002625,UPI,87.58,Success,5
P002626,R002626,UPI,79.36,Success,0
P002627,R002627,Card,26.9,Success,0
P002628,R002628,Cash,45.32,Success,0
P002629,R002629,Card,70.12,Success,0
P002630,R002630,UPI,93.48,Success,10
P002631,R002631,Cash,68.2,Success,0
P002632,R002632,Card,74.6,Success,0
P002633,R002633,Card,208.04,Success,10
P002634,R002634,Card,160.04,Success,5
P002635,R002635,UPI,34.34,Success,0
P002636,R002636,UPI,62.52,Success,5
P002637,R002637,UPI,64.7,Success,5
P002638,R002638,Card,71.0,Success,0
P002639,R002639,Card,63.24,Success,0
P002640,R002640,Cash,42.86,Pending,0
P002641,R002641,Card,55.42,Success,5
P002642,R002642,Cash,80.92,Success,0
P002643,R002643,Cash,78.4,Success,5
P002644,R002644,Card,63.4,Success,0
P002645,R002645,Card,171.2,Success,0
P002646,R002646,Card,35.56,Success,0
P002647,R002647,UPI,71.88,Success,5
P002648,R002648,Card,77.76,Success,20
P002649,R002649,Card,63.64,Success,0
P002650,R002650,UPI,98.64,Success,0
P002651,R002651,UPI,87.96,Success,5
P002652,R002652,Cash,53.56,Failed,0
P002653,R002653,UPI,128.84,Success,0
P002654,R002654,UPI,38.9,Success,0
P002655,R002655,UPI,41.72,Success,0
P002656,R002656,Card,147.16,Success,0
P002657,R002657,UPI,67.7,Success,0
P002658,R002658,UPI,35.48,Success,0
P002659,R002659,Card,262.24,Success,0
P002660,R002660,UPI,138.72,Success,20
P002661,R002661,UPI,88.6,Success,0
P002662,R002662,UPI,71.96,Success,0
P002663,R002663,Cash,41.72,Success,0
P002664,R002664,Cash,78.6,Success,5
P002665,R002665,Cash,24.56,Success,0
P002666,R002666,UPI,63.4,Success,0
P002667,R002667,Wallet,89.72,Success,10
P002668,R002668,UPI,41.88,Success,0
P002669,R002669,Card,68.0,Success,10
P002670,R002670,UPI,108.12,Success,5
P002671,R002671,UPI,59.28,Success,5
P002672,R002672,Cash,87.28,Success,0
P002673,R002673,Card,37.96,Success,0
P002674,R002674,UPI,88.2,Success,5
P002675,R002675,UPI,106.28,Success,10
P002676,R002676,Card,145.72,Success,0
P002677,R002677,UPI,64.28,Success,0
P002678,R002678,Card,29.0,Success,0
P002679,R002679,UPI,166.72,Success,0
P002680,R002680,UPI,56.32,Failed,0
P002681,R002681,UPI,116.44,Success,20
P002682,R002682,UPI,80.2,Success,0
P002683,R002683,Card,110.2,Success,0
P002684,R002684,Card,134.56,Success,0
P002685,R002685,UPI,156.36,Success,0
P002686,R002686,UPI,67.3,Failed,20
P002687,R002687,UPI,45.72,Success,0
P002688,R002688,Card,75.62,Success,0
P002689,R002689,UPI,176.44,Success,0
P002690,R002690,UPI,77.96,Success,0
P002691,R002691,Wallet,105.28,Success,0
P002692,R002692,UPI,66.26,Success,5
P002693,R002693,UPI,183.36,Success,5
P002694,R002694,Cash,90.28,Success,0
P002695,R002695,UPI,138.28,Success,0
P002696,R002696,UPI,59.8,Success,5
P002697,R002697,UPI,109.24,Success,0
P002698,R002698,UPI,78.36,Success,5
P002699,R002699,Card,84.84,Success,5
P002700,R002700,UPI,75.52,Success,0
P002701,R002701,UPI,53.96,Success,0
P002702,R002702,Cash,28.76,Success,0
P002703,R002703,Cash,43.08,Pending,0
P002704,R002704,Card,45.72,Success,10
P002705,R002705,Card,74.8,Success,0
P002706,R002706,UPI,59.96,Failed,10
P002707,R002707,UPI,119.04,Success,10
P002708,R002708,Wallet,125.84,Success,0
P002709,R002709,Cash,56.56,Success,0
P002710,R002710,Card,76.12,Success,0
P002711,R002711,Card,47.72,Success,0
P002712,R002712,Card,164.36,Success,10
P002713,R002713,UPI,98.28,Success,0
P002714,R002714,UPI,176.6,Success,10
P002715,R002715,UPI,69.36,Success,0
P002716,R002716,UPI,68.56,Success,0
P002717,R002717,Card,86.56,Success,0
P002718,R002718,Card,61.96,Success,0
P002719,R002719,UPI,56.68,Success,10
P002720,R002720,UPI,44.36,Success,5
P002721,R002721,UPI,94.6,Success,0
P002722,R002722,Cash,63.4,Success,0
P002723,R002723,UPI,73.88,Success,5
P002724,R002724,UPI,80.04,Success,5
P002725,R002725,UPI,81.84,Success,5
P002726,R002726,UPI,106.46,Success,0
P002727,R002727,Card,56.8,Success,0
P002728,R002728,UPI,62.04,Success,5
P002729,R002729,Cash,55.7,Success,0
P002730,R002730,UPI,57.6,Success,0
P002731,R002731,UPI,46.46,Success,0
P002732,R002732,Card,34.52,Success,0
P002733,R002733,Card,133.92,Success,20
P002734,R002734,UPI,29.48,Success,0
P002735,R002735,UPI,77.98,Success,20
P002736,R002736,Card,63.64,Failed,5
P002737,R002737,UPI,118.16,Success,10
P002738,R002738,UPI,64.08,Success,5
P002739,R002739,UPI,92.76,Success,0
P002740,R002740,UPI,51.4,Success,0
P002741,R002741,UPI,63.08,Success,0
P002742,R002742,Cash,28.04,Success,0
P002743,R002743,Cash,44.42,Success,0
P002744,R002744,Card,40.72,Success,5
P002745,R002745,UPI,57.16,Success,0
P002746,R002746,Wallet,152.44,Success,0
P002747,R002747,UPI,75.08,Success,0
P002748,R002748,UPI,104.56,Success,0
P002749,R002749,UPI,48.72,Success,5
P002750,R002750,Cash,60.76,Success,0
P002751,R002751,Wallet,51.96,Success,0
P002752,R002752,Card,61.0,Success,0
P002753,R002753,Card,64.68,Success,5
P002754,R002754,Cash,113.16,Success,20
P002755,R002755,UPI,70.28,Success,10
P002756,R002756,UPI,51.04,Success,0
P002757,R002757,Card,71.28,Success,5
P002758,R002758,Card,35.58,Success,0
P002759,R002759,Card,45.32,Success,0
P002760,R002760,UPI,111.28,Success,0
P002761,R002761,Card,98.56,Success,0
P002762,R002762,UPI,116.44,Success,0
P002763,R002763,UPI,59.64,Success,5
P002764,R002764,Wallet,103.84,Success,0
P002765,R002765,UPI,77.4,Success,20
P002766,R002766,Card,120.68,Success,0
P002767,R002767,Card,103.72,Success,0
P002768,R002768,UPI,49.6,Success,0
P002769,R002769,UPI,35.4,Success,0
P002770,R002770,UPI,36.52,Success,0
P002771,R002771,UPI,69.56,Success,10
P002772,R002772,UPI,40.58,Success,0
P002773,R002773,UPI,66.6,Success,0
P002774,R002774,UPI,155.04,Success,5
P002775,R002775,UPI,76.68,Success,0
P002776,R002776,UPI,38.84,Success,0
P002777,R002777,Cash,72.2,Success,0
P002778,R002778,Cash,75.96,Success,0
P002779,R002779,Card,68.7,Success,10
P002780,R002780,UPI,69.72,Success,5
P002781,R002781,Cash,57.0,Success,20
P002782,R002782,UPI,96.36,Success,10
P002783,R002783,Cash,53.0,Success,0
P002784,R002784,Card,90.48,Pending,5
P002785,R002785,Card,66.74,Success,0
P002786,R002786,Card,75.78,Success,20
P002787,R002787,UPI,58.52,Success,0
P002788,R002788,Wallet,106.32,Success,0
P002789,R002789,UPI,70.12,Success,0
P002790,R002790,UPI,71.56,Success,0
P002791,R002791,UPI,62.54,Success,0
P002792,R002792,UPI,72.48,Pending,0
P002793,R002793,Card,64.12,Success,0
P002794,R002794,UPI,234.8,Success,0
P002795,R002795,Card,245.32,Success,0
P002796,R002796,UPI,25.82,Success,0
P002797,R002797,Wallet,111.36,Success,20
P002798,R002798,Cash,138.6,Success,0
P002799,R002799,Card,54.56,Success,0
P002800,R002800,UPI,58.36,Success,0
P002801,R002801,UPI,168.0,Success,20
P002802,R002802,UPI,80.28,Success,0
P002803,R002803,UPI,96.84,Success,20
P002804,R002804,Card,56.68,Success,0
P002805,R002805,UPI,53.92,Success,0
P002806,R002806,UPI,63.06,Success,10
P002807,R002807,UPI,69.96,Success,0
P002808,R002808,UPI,62.18,Success,0
P002809,R002809,Wallet,58.48,Success,0
P002810,R002810,UPI,55.56,Success,0
P002811,R002811,UPI,136.52,Success,0
P002812,R002812,UPI,87.08,Success,0
P002813,R002813,UPI,61.08,Success,20
P002814,R002814,UPI,60.52,Success,0
P002815,R002815,UPI,60.32,Success,5
P002816,R002816,Wallet,154.6,Success,0
P002817,R002817,Card,98.08,Success,0
P002818,R002818,Card,67.76,Success,10
P002819,R002819,Card,235.72,Success,0
P002820,R002820,UPI,50.82,Success,10
P002821,R002821,UPI,279.64,Success,0
P002822,R002822,Wallet,88.44,Success,5
P002823,R002823,UPI,79.72,Success,0
P002824,R002824,UPI,88.12,Success,0
P002825,R002825,Cash,91.28,Success,5
P002826,R002826,UPI,71.46,Success,10
P002827,R002827,UPI,56.9,Success,0
P002828,R002828,UPI,116.32,Success,0
P002829,R002829,Card,47.4,Success,0
P002830,R002830,Card,103.08,Success,5
P002831,R002831,UPI,47.04,Success,0
P002832,R002832,Cash,80.52,Success,5
P002833,R002833,UPI,85.84,Success,5
P002834,R002834,UPI,71.08,Success,0
P002835,R002835,Card,140.2,Pending,0
P002836,R002836,UPI,114.36,Success,0
P002837,R002837,UPI,129.8,Success,0
P002838,R002838,UPI,95.56,Success,0
P002839,R002839,UPI,156.92,Success,10
P002840,R002840,UPI,117.8,Success,0
P002841,R002841,UPI,95.56,Success,0
P002842,R002842,Card,67.72,Success,0
P002843,R002843,UPI,92.6,Success,0
P002844,R002844,UPI,124.64,Success,0
P002845,R002845,UPI,61.96,Success,10
P002846,R002846,Cash,47.64,Success,0
P002847,R002847,UPI,101.16,Success,0
P002848,R002848,UPI,51.08,Success,0
P002849,R002849,Card,93.72,Success,0
P002850,R002850,Card,46.48,Success,5
P002851,R002851,Wallet,69.68,Success,10
P002852,R002852,Cash,36.68,Success,0
P002853,R002853,UPI,72.28,Success,0
P002854,R002854,UPI,55.36,Success,0
P002855,R002855,UPI,150.4,Success,0
P002856,R002856,UPI,95.76,Success,20
P002857,R002857,Card,148.36,Success,0
P002858,R002858,UPI,72.16,Success,0
P002859,R002859,Cash,102.4,Success,0
P002860,R002860,Cash,57.12,Success,5
P002861,R002861,UPI,92.6,Success,0
P002862,R002862,UPI,28.34,Success,0
P002863,R002863,Card,64.72,Success,0
P002864,R002864,UPI,36.2,Success,0
P002865,R002865,Card,134.68,Success,0
P002866,R002866,Wallet,237.56,Success,0
P002867,R002867,UPI,159.12,Success,5
P002868,R002868,UPI,61.72,Success,0
P002869,R002869,Card,54.44,Success,0
P002870,R002870,UPI,59.54,Success,5
P002871,R002871,UPI,45.24,Success,10
P002872,R002872,UPI,106.08,Success,20
P002873,R002873,Cash,55.58,Success,0
P002874,R002874,Cash,91.48,Success,0
P002875,R002875,UPI,55.96,Success,0
P002876,R002876,Cash,114.16,Success,0
P002877,R002877,Cash,143.92,Success,0
P002878,R002878,UPI,120.28,Success,0
P002879,R002879,UPI,98.68,Success,0
P002880,R002880,UPI,119.44,Success,0
P002881,R002881,UPI,163.84,Failed,0
P002882,R002882,Card,100.2,Success,0
P002883,R002883,Cash,40.04,Failed,0
P002884,R002884,UPI,97.12,Success,0
P002885,R002885,UPI,238.92,Success,0
P002886,R002886,UPI,97.68,Success,5
P002887,R002887,UPI,143.12,Success,0
P002888,R002888,Card,100.68,Success,5
P002889,R002889,UPI,58.88,Success,10
P002890,R002890,UPI,108.52,Success,0
P002891,R002891,Card,29.96,Success,0
P002892,R002892,UPI,72.68,Success,10
P002893,R002893,Card,77.5,Success,10
P002894,R002894,Card,109.28,Success,0
P002895,R002895,UPI,61.72,Success,0
P002896,R002896,Card,55.96,Success,0
P002897,R002897,Card,330.8,Success,10
P002898,R002898,Card,86.8,Success,0
P002899,R002899,UPI,42.76,Success,10
P002900,R002900,UPI,38.76,Success,0
P002901,R002901,UPI,66.84,Success,5
P002902,R002902,UPI,44.44,Success,0
P002903,R002903,Card,141.2,Success,0
P002904,R002904,UPI,63.92,Success,0
P002905,R002905,UPI,24.14,Success,0
P002906,R002906,UPI,43.08,Success,0
P002907,R002907,UPI,27.62,Success,0
P002908,R002908,UPI,78.68,Success,10
P002909,R002909,Card,96.0,Success,5
P002910,R002910,UPI,75.04,Success,0
P002911,R002911,UPI,55.08,Pending,10
P002912,R002912,Cash,67.12,Success,0
P002913,R002913,Card,97.08,Success,0
P002914,R002914,UPI,86.24,Success,0
P002915,R002915,Card,39.0,Success,0
P002916,R002916,UPI,49.48,Success,0
P002917,R002917,UPI,107.28,Success,5
P002918,R002918,UPI,66.2,Success,0
P002919,R002919,UPI,100.4,Success,0
P002920,R002920,UPI,61.0,Success,0
P002921,R002921,Wallet,110.56,Success,0
P002922,R002922,UPI,130.52,Success,0
P002923,R002923,UPI,92.8,Success,0
P002924,R002924,Card,74.44,Success,0
P002925,R002925,UPI,40.7,Success,0
P002926,R002926,Card,30.98,Success,0
P002927,R002927,UPI,81.76,Success,0
P002928,R002928,UPI,28.34,Success,0
P002929,R002929,Cash,58.68,Success,0
P002930,R002930,Card,81.08,Success,20
P002931,R002931,UPI,53.04,Success,5
P002932,R002932,Card,111.52,Success,0
P002933,R002933,UPI,58.0,Success,0
P002934,R002934,Card,66.76,Success,20
P002935,R002935,Cash,70.52,Success,0
P002936,R002936,UPI,179.0,Success,0
P002937,R002937,UPI,71.68,Success,0
P002938,R002938,UPI,139.52,Success,0
P002939,R002939,Card,96.68,Success,0
P002940,R002940,UPI,50.62,Failed,20
P002941,R002941,UPI,49.32,Success,0
P002942,R002942,UPI,101.16,Success,5
P002943,R002943,UPI,73.6,Failed,0
P002944,R002944,UPI,62.2,Success,0
P002945,R002945,UPI,76.8,Success,5
P002946,R002946,UPI,53.2,Success,0
P002947,R002947,UPI,67.36,Success,0
P002948,R002948,UPI,84.96,Success,0
P002949,R002949,UPI,68.92,Success,0
P002950,R002950,Card,94.6,Success,5
P002951,R002951,Cash,50.8,Success,0
P002952,R002952,UPI,46.72,Success,5
P002953,R002953,UPI,95.92,Success,5
P002954,R002954,UPI,48.56,Success,0
P002955,R002955,UPI,98.8,Success,0
P002956,R002956,Card,94.68,Success,5
P002957,R002957,UPI,98.52,Success,5
P002958,R002958,UPI,115.08,Success,0
P002959,R002959,Cash,42.56,Success,0
P002960,R002960,Card,50.54,Success,0
P002961,R002961,UPI,160.04,Success,0
P002962,R002962,UPI,94.48,Success,0
P002963,R002963,Card,41.88,Success,0
P002964,R002964,Card,39.84,Success,5
P002965,R002965,UPI,75.8,Success,0
P002966,R002966,Card,70.72,Success,0
P002967,R002967,UPI,79.36,Success,0
P002968,R002968,Cash,80.92,Success,20
P002969,R002969,Card,55.0,Success,0
P002970,R002970,Card,102.36,Success,5
P002971,R002971,Cash,57.86,Success,0
P002972,R002972,Card,64.76,Success,0
P002973,R002973,UPI,29.66,Pending,0
P002974,R002974,Card,77.96,Success,0
P002975,R002975,UPI,39.82,Success,5
P002976,R002976,UPI,60.76,Success,10
P002977,R002977,UPI,140.44,Success,0
P002978,R002978,UPI,85.84,Success,0
P002979,R002979,Card,83.0,Success,10
P002980,R002980,Cash,48.74,Success,0
P002981,R002981,Cash,71.68,Success,0
P002982,R002982,Card,63.96,Success,0
P002983,R002983,UPI,35.12,Success,0
P002984,R002984,UPI,104.56,Success,0
P002985,R002985,UPI,34.04,Success,0
P002986,R002986,UPI,49.94,Success,0
P002987,R002987,Card,72.28,Success,0
P002988,R002988,UPI,91.24,Success,20
P002989,R002989,UPI,120.76,Failed,0
P002990,R002990,Wallet,87.04,Success,0
P002991,R002991,UPI,33.24,Success,0
P002992,R002992,Card,116.12,Success,0
P002993,R002993,Card,64.92,Success,0
P002994,R002994,UPI,51.62,Success,0
P002995,R002995,UPI,41.56,Success,10
P002996,R002996,Card,57.96,Success,0
P002997,R002997,UPI,123.52,Success,0
P002998,R002998,Card,129.68,Success,0
P002999,R002999,UPI,42.38,Success,0
P003000,R003000,Card,38.24,Success,0
P003001,R003001,UPI,130.76,Success,0
P003002,R003002,Card,78.96,Success,20
P003003,R003003,UPI,44.44,Success,0
P003004,R003004,UPI,67.04,Success,0
P003005,R003005,UPI,75.76,Success,0
P003006,R003006,UPI,85.0,Success,0
P003007,R003007,Card,211.04,Success,0
P003008,R003008,UPI,222.4,Success,0
P003009,R003009,Card,80.48,Success,5
P003010,R003010,UPI,94.64,Success,0
P003011,R003011,UPI,131.44,Success,0
P003012,R003012,Cash,95.8,Success,0
P003013,R003013,Card,53.32,Success,0
P003014,R003014,UPI,87.5,Failed,0
P003015,R003015,Wallet,42.18,Failed,0
P003016,R003016,UPI,56.6,Success,0
P003017,R003017,Card,49.06,Success,5
P003018,R003018,Cash,35.72,Success,0
P003019,R003019,Card,73.08,Success,0
P003020,R003020,Card,150.72,Success,5
P003021,R003021,Cash,55.56,Success,10
P003022,R003022,UPI,51.4,Success,0
P003023,R003023,UPI,63.24,Success,10
P003024,R003024,UPI,70.3,Success,5
P003025,R003025,UPI,40.52,Success,0
P003026,R003026,UPI,223.0,Success,0
P003027,R003027,UPI,127.84,Success,0
P003028,R003028,UPI,117.28,Success,5
P003029,R003029,UPI,83.0,Success,0
P003030,R003030,UPI,49.12,Failed,5
P003031,R003031,UPI,31.58,Success,0
P003032,R003032,UPI,94.48,Success,0
P003033,R003033,Cash,53.78,Success,0
P003034,R003034,UPI,53.32,Success,0
P003035,R003035,UPI,93.2,Success,0
P003036,R003036,UPI,59.8,Success,0
P003037,R003037,UPI,76.72,Pending,0
P003038,R003038,UPI,44.6,Success,0
P003039,R003039,UPI,104.76,Pending,20
P003040,R003040,UPI,73.0,Success,0
P003041,R003041,UPI,35.0,Success,0
P003042,R003042,Wallet,98.44,Success,0
P003043,R003043,Card,40.92,Success,0
P003044,R003044,Card,84.76,Success,0
P003045,R003045,Wallet,55.16,Success,0
P003046,R003046,UPI,79.96,Success,5
P003047,R003047,UPI,178.84,Pending,0
P003048,R003048,Wallet,48.44,Success,0
P003049,R003049,Card,73.86,Success,0
P003050,R003050,Card,38.88,Success,0
P003051,R003051,Card,146.28,Success,20
P003052,R003052,UPI,41.4,Success,0
P003053,R003053,Card,65.32,Success,0
P003054,R003054,Card,168.28,Success,0
P003055,R003055,Card,88.92,Success,0
P003056,R003056,UPI,61.96,Success,0
P003057,R003057,Card,203.76,Success,5
P003058,R003058,UPI,49.76,Success,5
P003059,R003059,UPI,223.4,Success,0
P003060,R003060,UPI,42.5,Success,0
P003061,R003061,Cash,32.66,Success,0
P003062,R003062,UPI,139.72,Success,0
P003063,R003063,UPI,51.52,Success,0
P003064,R003064,UPI,68.76,Success,0
P003065,R003065,Cash,57.82,Success,10
P003066,R003066,Card,63.92,Success,10
P003067,R003067,UPI,146.08,Failed,0
P003068,R003068,Card,28.82,Success,0
P003069,R003069,UPI,66.86,Success,0
P003070,R003070,UPI,111.64,Failed,0
P003071,R003071,UPI,159.76,Success,0
P003072,R003072,UPI,136.72,Success,0
P003073,R003073,UPI,58.96,Success,0
P003074,R003074,UPI,97.0,Success,0
P003075,R003075,Card,41.24,Success,0
P003076,R003076,UPI,74.44,Success,0
P003077,R003077,Card,79.28,Success,5
P003078,R003078,UPI,59.4,Failed,0
P003079,R003079,UPI,81.88,Failed,0
P003080,R003080,Card,90.98,Success,10
P003081,R003081,UPI,49.84,Success,0
P003082,R003082,Card,45.72,Success,0
P003083,R003083,UPI,89.84,Success,5
P003084,R003084,Cash,60.28,Success,0
P003085,R003085,UPI,66.16,Success,0
P003086,R003086,UPI,69.08,Success,5
P003087,R003087,UPI,105.32,Failed,0
P003088,R003088,Card,125.8,Success,0
P003089,R003089,UPI,114.2,Failed,0
P003090,R003090,UPI,62.48,Success,0
P003091,R003091,UPI,62.6,Success,0
P003092,R003092,UPI,60.96,Success,5
P003093,R003093,UPI,52.74,Success,0
P003094,R003094,UPI,203.08,Success,0
P003095,R003095,Card,146.92,Success,0
P003096,R003096,UPI,73.98,Success,10
P003097,R003097,UPI,74.06,Success,0
P003098,R003098,UPI,60.2,Success,5
P003099,R003099,Card,89.96,Success,0
P003100,R003100,UPI,49.96,Success,5
P003101,R003101,UPI,56.52,Success,0
P003102,R003102,UPI,101.52,Success,5
P003103,R003103,Card,114.4,Success,0
P003104,R003104,UPI,73.4,Success,20
P003105,R003105,Card,92.92,Success,0
P003106,R003106,UPI,55.16,Success,0
P003107,R003107,Card,58.48,Success,0
P003108,R003108,UPI,103.96,Success,0
P003109,R003109,UPI,110.8,Success,0
P003110,R003110,UPI,36.88,Success,5
P003111,R003111,Card,54.52,Success,0
P003112,R003112,Cash,37.32,Success,0
P003113,R003113,Card,38.08,Success,5
P003114,R003114,UPI,67.24,Success,0
P003115,R003115,UPI,32.04,Success,0
P003116,R003116,UPI,77.92,Success,5
P003117,R003117,Cash,37.96,Success,0
P003118,R003118,Card,39.8,Success,0
P003119,R003119,Wallet,84.08,Success,0
P003120,R003120,Card,42.04,Success,0
P003121,R003121,UPI,94.08,Success,20
P003122,R003122,Card,56.32,Success,0
P003123,R003123,UPI,117.76,Success,0
P003124,R003124,UPI,162.88,Success,0
P003125,R003125,Cash,104.36,Success,0
P003126,R003126,UPI,97.56,Success,0
P003127,R003127,UPI,55.08,Success,0
P003128,R003128,Wallet,34.04,Success,0
P003129,R003129,UPI,105.36,Success,0
P003130,R003130,UPI,89.44,Success,0
P003131,R003131,UPI,74.44,Success,0
P003132,R003132,UPI,72.12,Success,0
P003133,R003133,UPI,162.48,Success,5
P003134,R003134,UPI,119.16,Success,10
P003135,R003135,UPI,60.04,Success,0
P003136,R003136,UPI,292.24,Success,0
P003137,R003137,UPI,146.44,Success,0
P003138,R003138,UPI,81.76,Success,0
P003139,R003139,UPI,292.04,Success,10
P003140,R003140,UPI,104.08,Success,5
P003141,R003141,UPI,140.32,Success,0
P003142,R003142,UPI,93.04,Success,0
P003143,R003143,Card,57.24,Success,10
P003144,R003144,Card,57.1,Success,5
P003145,R003145,Cash,57.76,Success,0
P003146,R003146,UPI,95.22,Success,10
P003147,R003147,UPI,106.36,Success,0
P003148,R003148,UPI,69.88,Success,5
P003149,R003149,Card,68.52,Success,5
P003150,R003150,Card,130.72,Success,20
P003151,R003151,Card,94.12,Success,0
P003152,R003152,UPI,77.0,Success,0
P003153,R003153,UPI,33.08,Success,0
P003154,R003154,Card,65.44,Success,0
P003155,R003155,UPI,101.44,Success,0
P003156,R003156,UPI,79.48,Success,0
P003157,R003157,UPI,26.96,Success,0
P003158,R003158,Card,106.04,Success,20
P003159,R003159,Card,66.64,Success,0
P003160,R003160,UPI,69.08,Success,0
P003161,R003161,UPI,67.88,Failed,20
P003162,R003162,UPI,101.76,Success,10
P003163,R003163,Card,47.78,Success,0
P003164,R003164,UPI,98.8,Success,0
P003165,R003165,Card,132.12,Success,10
P003166,R003166,UPI,83.68,Success,0
P003167,R003167,UPI,91.4,Success,0
P003168,R003168,UPI,87.24,Success,0
P003169,R003169,Card,68.0,Success,0
P003170,R003170,Wallet,84.12,Success,20
P003171,R003171,UPI,69.08,Success,0
P003172,R003172,Card,205.64,Success,0
P003173,R003173,UPI,44.42,Success,0
P003174,R003174,UPI,80.76,Success,20
P003175,R003175,Cash,96.52,Success,0
P003176,R003176,Card,103.94,Success,0
P003177,R003177,UPI,106.84,Success,0
P003178,R003178,UPI,156.76,Success,0
P003179,R003179,UPI,87.16,Success,0
P003180,R003180,UPI,109.68,Success,0
P003181,R003181,UPI,48.92,Success,0
P003182,R003182,Card,65.84,Success,10
P003183,R003183,UPI,105.0,Success,0
P003184,R003184,UPI,83.48,Success,0
P003185,R003185,Cash,55.88,Success,0
P003186,R003186,Wallet,50.34,Success,0
P003187,R003187,UPI,33.34,Success,5
P003188,R003188,Card,55.36,Success,0
P003189,R003189,UPI,63.4,Success,0
P003190,R003190,UPI,121.92,Success,5
P003191,R003191,Card,44.3,Success,5
P003192,R003192,UPI,57.56,Success,0
P003193,R003193,UPI,73.36,Success,0
P003194,R003194,Card,35.66,Success,0
P003195,R003195,UPI,59.44,Success,0
P003196,R003196,Card,54.28,Success,20
P003197,R003197,UPI,36.04,Success,0
P003198,R003198,Card,139.36,Success,0
P003199,R003199,Card,114.28,Pending,0
P003200,R003200,UPI,59.86,Success,20
P003201,R003201,Card,71.12,Success,0
P003202,R003202,UPI,66.04,Success,0
P003203,R003203,UPI,147.68,Success,10
P003204,R003204,UPI,25.82,Failed,0
P003205,R003205,UPI,93.0,Success,20
P003206,R003206,Cash,68.78,Success,0
P003207,R003207,UPI,53.56,Success,20
P003208,R003208,UPI,35.24,Success,0
P003209,R003209,UPI,43.28,Success,0
P003210,R003210,UPI,117.08,Success,0
P003211,R003211,UPI,55.92,Success,5
P003212,R003212,UPI,148.48,Success,5
P003213,R003213,Card,64.92,Success,10
P003214,R003214,UPI,86.2,Success,0
P003215,R003215,UPI,49.56,Success,0
P003216,R003216,Card,32.66,Success,0
P003217,R003217,UPI,96.24,Success,5
P003218,R003218,Card,172.8,Success,20
P003219,R003219,Card,54.6,Success,0
P003220,R003220,UPI,66.4,Success,0
P003221,R003221,Wallet,145.08,Success,20
P003222,R003222,Card,105.08,Success,0
P003223,R003223,UPI,47.84,Pending,0
P003224,R003224,UPI,70.22,Success,0
P003225,R003225,UPI,228.52,Success,0
P003226,R003226,Cash,152.92,Success,0
P003227,R003227,UPI,54.56,Success,0
P003228,R003228,Card,51.8,Pending,0
P003229,R003229,Card,92.78,Success,0
P003230,R003230,UPI,163.2,Success,5
P003231,R003231,Card,115.84,Success,0
P003232,R003232,UPI,75.04,Success,0
P003233,R003233,UPI,35.24,Success,0
P003234,R003234,UPI,44.36,Success,0
P003235,R003235,Cash,112.72,Success,5
P003236,R003236,Card,63.56,Pending,10
P003237,R003237,Wallet,38.36,Success,0
P003238,R003238,Cash,201.52,Success,0
P003239,R003239,Card,79.36,Success,0
P003240,R003240,Card,104.64,Success,5
P003241,R003241,Wallet,64.52,Success,0
P003242,R003242,UPI,133.08,Failed,5
P003243,R003243,Wallet,30.02,Success,0
P003244,R003244,UPI,66.88,Success,0
P003245,R003245,UPI,62.66,Failed,0
P003246,R003246,UPI,50.96,Success,0
P003247,R003247,Card,25.94,Success,0
P003248,R003248,UPI,48.76,Success,0
P003249,R003249,UPI,67.52,Success,0
P003250,R003250,UPI,76.4,Success,10
P003251,R003251,Cash,122.76,Success,0
P003252,R003252,UPI,62.72,Success,10
P003253,R003253,UPI,137.36,Success,0
P003254,R003254,UPI,154.48,Success,0
P003255,R003255,UPI,67.96,Success,0
P003256,R003256,Card,71.88,Success,5
P003257,R003257,UPI,44.8,Success,5
P003258,R003258,Wallet,32.68,Success,0
P003259,R003259,Card,61.96,Success,0
P003260,R003260,UPI,89.32,Success,0
P003261,R003261,Card,53.44,Success,0
P003262,R003262,Cash,70.12,Success,0
P003263,R003263,Card,114.72,Success,20
P003264,R003264,UPI,79.8,Success,5
P003265,R003265,UPI,77.12,Success,0
P003266,R003266,UPI,51.88,Success,0
P003267,R003267,UPI,57.68,Success,0
P003268,R003268,UPI,42.62,Success,0
P003269,R003269,Card,97.0,Success,0
P003270,R003270,Cash,60.46,Success,5
P003271,R003271,Card,60.4,Success,0
P003272,R003272,UPI,62.18,Success,5
P003273,R003273,UPI,139.72,Success,0
P003274,R003274,UPI,126.36,Success,5
P003275,R003275,UPI,28.46,Success,0
P003276,R003276,Wallet,67.66,Success,0
P003277,R003277,UPI,28.1,Success,0
P003278,R003278,Card,33.8,Success,0
P003279,R003279,Wallet,40.88,Success,5
P003280,R003280,UPI,66.76,Success,0
P003281,R003281,UPI,44.08,Success,5
P003282,R003282,UPI,108.72,Success,5
P003283,R003283,Card,118.44,Success,5
P003284,R003284,Card,164.76,Success,5
P003285,R003285,UPI,75.08,Success,10
P003286,R003286,Card,103.12,Success,0
P003287,R003287,Card,59.56,Success,0
P003288,R003288,UPI,48.68,Success,0
P003289,R003289,UPI,60.74,Success,0
P003290,R003290,UPI,68.84,Success,0
P003291,R003291,Card,71.52,Success,5
P003292,R003292,Cash,53.8,Success,0
P003293,R003293,UPI,84.88,Success,0
P003294,R003294,UPI,78.04,Success,0
P003295,R003295,Card,116.96,Success,0
P003296,R003296,UPI,67.8,Success,0
P003297,R003297,UPI,183.04,Success,0
P003298,R003298,Wallet,130.08,Success,5
P003299,R003299,Card,98.36,Success,10
P003300,R003300,Card,103.48,Success,0
P003301,R003301,UPI,95.32,Success,20
P003302,R003302,Card,82.48,Success,0
P003303,R003303,UPI,25.88,Success,0
P003304,R003304,UPI,29.0,Success,0
P003305,R003305,UPI,97.34,Success,0
P003306,R003306,Cash,48.6,Success,0
P003307,R003307,Cash,166.72,Success,0
P003308,R003308,Card,71.36,Success,10
P003309,R003309,UPI,114.64,Success,0
P003310,R003310,UPI,65.48,Success,0
P003311,R003311,Cash,28.22,Pending,0
P003312,R003312,UPI,59.92,Success,0
P003313,R003313,Wallet,302.08,Success,0
P003314,R003314,Cash,120.2,Success,0
P003315,R003315,UPI,89.0,Success,10
P003316,R003316,Card,58.48,Success,5
P003317,R003317,UPI,76.8,Success,10
P003318,R003318,UPI,227.84,Success,0
P003319,R003319,UPI,78.48,Success,5
P003320,R003320,UPI,437.56,Success,0
P003321,R003321,Cash,110.28,Success,0
P003322,R003322,UPI,45.12,Success,0
P003323,R003323,UPI,44.6,Failed,0
P003324,R003324,Cash,58.72,Success,0
P003325,R003325,UPI,75.0,Success,0
P003326,R003326,UPI,100.96,Success,0
P003327,R003327,UPI,47.02,Success,5
P003328,R003328,UPI,119.36,Success,0
P003329,R003329,UPI,48.44,Success,0
P003330,R003330,Card,59.68,Success,0
P003331,R003331,UPI,110.04,Success,5
P003332,R003332,Card,87.4,Success,0
P003333,R003333,UPI,41.28,Success,5
P003334,R003334,UPI,129.96,Success,5
P003335,R003335,Card,111.0,Success,20
P003336,R003336,UPI,90.44,Success,10
P003337,R003337,UPI,35.88,Success,0
P003338,R003338,UPI,55.34,Success,0
P003339,R003339,UPI,48.44,Success,0
P003340,R003340,Cash,79.48,Success,0
P003341,R003341,Card,186.48,Success,5
P003342,R003342,UPI,81.3,Success,10
P003343,R003343,UPI,46.88,Success,0
P003344,R003344,UPI,135.4,Success,5
P003345,R003345,UPI,73.48,Success,0
P003346,R003346,Cash,51.02,Pending,0
P003347,R003347,UPI,136.72,Success,0
P003348,R003348,UPI,67.0,Success,0
P003349,R003349,UPI,60.36,Success,0
P003350,R003350,UPI,71.48,Success,0
P003351,R003351,Wallet,53.22,Success,0
P003352,R003352,UPI,51.16,Success,0
P003353,R003353,UPI,56.84,Success,0
P003354,R003354,Wallet,69.88,Success,0
P003355,R003355,Cash,137.72,Success,10
P003356,R003356,UPI,65.16,Success,0
P003357,R003357,UPI,70.56,Success,5
P003358,R003358,UPI,75.84,Success,5
P003359,R003359,UPI,57.16,Success,10
P003360,R003360,Cash,138.44,Success,0
P003361,R003361,UPI,86.64,Success,0
P003362,R003362,Card,136.12,Success,0
P003363,R003363,UPI,51.82,Success,0
P003364,R003364,UPI,75.12,Success,5
P003365,R003365,UPI,71.8,Success,0
P003366,R003366,Wallet,102.0,Success,0
P003367,R003367,UPI,135.6,Success,20
P003368,R003368,UPI,88.46,Success,0
P003369,R003369,Card,56.78,Success,0
P003370,R003370,UPI,306.76,Success,0
P003371,R003371,Wallet,81.08,Success,0
P003372,R003372,Card,119.36,Success,10
P003373,R003373,UPI,164.8,Success,0
P003374,R003374,UPI,34.76,Success,0
P003375,R003375,UPI,105.84,Success,0
P003376,R003376,UPI,65.22,Failed,10
P003377,R003377,Card,71.76,Success,20
P003378,R003378,UPI,62.44,Success,0
P003379,R003379,UPI,61.8,Success,5
P003380,R003380,UPI,76.36,Success,0
P003381,R003381,UPI,44.78,Success,0
P003382,R003382,Card,45.96,Success,10
P003383,R003383,Card,89.64,Success,0
P003384,R003384,UPI,143.6,Success,0
P003385,R003385,Card,108.76,Success,0
P003386,R003386,UPI,144.28,Success,0
P003387,R003387,UPI,107.88,Success,5
P003388,R003388,UPI,109.6,Success,0
P003389,R003389,UPI,60.58,Success,5
P003390,R003390,UPI,65.36,Success,0
P003391,R003391,UPI,116.56,Success,10
P003392,R003392,UPI,118.84,Success,0
P003393,R003393,UPI,73.2,Success,5
P003394,R003394,Card,47.22,Failed,10
P003395,R003395,Card,89.68,Success,0
P003396,R003396,UPI,121.88,Success,0
P003397,R003397,Card,76.48,Success,5
P003398,R003398,Wallet,68.12,Success,0
P003399,R003399,UPI,38.62,Success,5
P003400,R003400,UPI,59.04,Success,5
P003401,R003401,Cash,68.58,Success,0
P003402,R003402,UPI,88.92,Success,5
P003403,R003403,Card,241.6,Pending,5
P003404,R003404,UPI,52.98,Success,0
P003405,R003405,UPI,102.12,Success,10
P003406,R003406,Card,84.96,Success,5
P003407,R003407,UPI,89.4,Success,0
P003408,R003408,UPI,95.6,Success,10
P003409,R003409,UPI,39.32,Success,0
P003410,R003410,Cash,82.22,Success,0
P003411,R003411,UPI,66.96,Success,0
P003412,R003412,UPI,35.6,Success,0
P003413,R003413,UPI,113.0,Success,0
P003414,R003414,UPI,75.24,Success,5
P003415,R003415,Card,75.64,Pending,20
P003416,R003416,Card,64.04,Success,0
P003417,R003417,Card,62.42,Success,0
P003418,R003418,Cash,73.24,Success,0
P003419,R003419,UPI,85.54,Success,0
P003420,R003420,Cash,94.72,Success,0
P003421,R003421,UPI,81.08,Success,0
P003422,R003422,UPI,156.96,Success,5
P003423,R003423,Card,103.12,Success,0
P003424,R003424,Card,120.16,Success,0
P003425,R003425,UPI,80.2,Success,0
P003426,R003426,Cash,24.26,Success,0
P003427,R003427,Card,40.84,Success,0
P003428,R003428,Card,121.24,Success,5
P003429,R003429,UPI,59.8,Success,0
P003430,R003430,UPI,109.68,Success,0
P003431,R003431,UPI,82.76,Success,0
P003432,R003432,UPI,45.24,Success,0
P003433,R003433,Cash,92.88,Success,5
P003434,R003434,UPI,104.56,Success,0
P003435,R003435,Cash,52.42,Success,0
P003436,R003436,UPI,51.4,Success,0
P003437,R003437,UPI,83.64,Success,0
P003438,R003438,UPI,64.12,Success,0
P003439,R003439,UPI,62.28,Success,5
P003440,R003440,UPI,43.12,Success,5
P003441,R003441,UPI,106.16,Success,0
P003442,R003442,UPI,83.48,Success,0
P003443,R003443,UPI,75.64,Success,0
P003444,R003444,UPI,65.8,Success,0
P003445,R003445,UPI,72.68,Success,0
P003446,R003446,UPI,94.6,Success,10
P003447,R003447,UPI,77.32,Success,0
P003448,R003448,Card,191.2,Pending,20
P003449,R003449,Card,87.38,Success,0
P003450,R003450,Card,55.14,Success,10
P003451,R003451,UPI,41.84,Success,0
P003452,R003452,Card,252.4,Success,0
P003453,R003453,UPI,81.96,Success,10
P003454,R003454,UPI,122.56,Success,0
P003455,R003455,UPI,68.96,Success,0
P003456,R003456,UPI,96.16,Success,5
P003457,R003457,UPI,84.64,Success,0
P003458,R003458,Card,59.12,Success,5
P003459,R003459,UPI,83.32,Success,0
P003460,R003460,UPI,175.64,Success,0
P003461,R003461,Card,90.52,Success,0
P003462,R003462,Card,48.38,Success,0
P003463,R003463,UPI,44.2,Success,0
P003464,R003464,UPI,57.64,Success,0
P003465,R003465,UPI,44.96,Success,0
P003466,R003466,UPI,89.0,Success,0
P003467,R003467,UPI,94.2,Success,0
P003468,R003468,UPI,51.64,Success,0
P003469,R003469,UPI,72.44,Success,0
P003470,R003470,UPI,37.96,Success,0
P003471,R003471,Card,99.4,Success,0
P003472,R003472,UPI,129.88,Success,0
P003473,R003473,Card,68.36,Success,0
P003474,R003474,UPI,41.12,Success,0
P003475,R003475,Card,83.94,Success,0
P003476,R003476,Cash,36.86,Success,0
P003477,R003477,UPI,58.96,Success,5
P003478,R003478,UPI,58.2,Failed,0
P003479,R003479,Card,63.32,Success,0
P003480,R003480,Card,103.12,Success,0
P003481,R003481,Wallet,37.96,Success,0
P003482,R003482,Card,65.24,Success,0
P003483,R003483,UPI,54.76,Success,0
P003484,R003484,UPI,83.6,Success,0
P003485,R003485,UPI,44.9,Success,0
P003486,R003486,UPI,74.32,Success,0
P003487,R003487,UPI,55.12,Success,0
P003488,R003488,UPI,48.36,Success,0
P003489,R003489,UPI,156.92,Success,10
P003490,R003490,Wallet,39.24,Success,10
P003491,R003491,Card,64.48,Success,5
P003492,R003492,UPI,47.72,Success,0
P003493,R003493,UPI,43.3,Success,5
P003494,R003494,Card,76.0,Success,0
P003495,R003495,UPI,60.44,Success,20
P003496,R003496,UPI,58.48,Success,0
P003497,R003497,Card,66.04,Success,0
P003498,R003498,UPI,123.08,Success,10
P003499,R003499,UPI,125.48,Success,0
P003500,R003500,UPI,40.8,Success,0
P003501,R003501,UPI,99.08,Success,20
P003502,R003502,UPI,41.0,Success,0
P003503,R003503,UPI,55.24,Success,0
P003504,R003504,UPI,61.36,Success,0
P003505,R003505,Card,92.76,Success,5
P003506,R003506,Card,92.86,Success,20
P003507,R003507,Card,53.62,Success,20
P003508,R003508,UPI,84.98,Success,0
P003509,R003509,UPI,87.62,Success,0
P003510,R003510,UPI,59.66,Success,0
P003511,R003511,UPI,94.34,Failed,0
P003512,R003512,UPI,108.64,Success,0
P003513,R003513,Card,70.6,Success,5
P003514,R003514,Card,33.26,Success,0
P003515,R003515,UPI,47.88,Success,0
P003516,R003516,Card,49.28,Success,5
P003517,R003517,Wallet,94.2,Success,0
P003518,R003518,Cash,100.28,Success,0
P003519,R003519,UPI,92.28,Success,0
P003520,R003520,Card,75.42,Success,20
P003521,R003521,UPI,183.52,Success,0
P003522,R003522,Card,74.0,Success,10
P003523,R003523,UPI,59.24,Success,0
P003524,R003524,Card,102.04,Success,0
P003525,R003525,UPI,67.72,Success,5
P003526,R003526,Wallet,57.36,Success,5
P003527,R003527,Card,46.6,Success,0
P003528,R003528,UPI,82.12,Success,0
P003529,R003529,UPI,58.68,Success,5
P003530,R003530,Card,62.32,Success,0
P003531,R003531,UPI,41.58,Success,10
P003532,R003532,Card,99.2,Success,0
P003533,R003533,UPI,56.28,Success,0
P003534,R003534,Card,49.72,Success,0
P003535,R003535,UPI,73.48,Success,0
P003536,R003536,UPI,38.2,Success,0
P003537,R003537,UPI,168.12,Success,5
P003538,R003538,UPI,203.28,Success,0
P003539,R003539,UPI,70.48,Success,0
P003540,R003540,UPI,39.64,Pending,5
P003541,R003541,Cash,113.08,Success,0
P003542,R003542,UPI,67.56,Success,0
P003543,R003543,Card,42.32,Success,0
P003544,R003544,Card,37.92,Success,5
P003545,R003545,UPI,46.28,Success,0
P003546,R003546,Card,45.32,Success,0
P003547,R003547,Card,122.76,Success,0
P003548,R003548,Cash,76.26,Success,0
P003549,R003549,UPI,80.72,Pending,0
P003550,R003550,Card,57.16,Success,20
P003551,R003551,UPI,73.4,Success,0
P003552,R003552,UPI,44.34,Success,0
P003553,R003553,UPI,75.88,Success,0
P003554,R003554,UPI,97.56,Success,10
P003555,R003555,UPI,68.22,Success,10
P003556,R003556,Wallet,40.5,Success,10
P003557,R003557,Card,50.44,Success,0
P003558,R003558,Card,84.28,Success,0
P003559,R003559,UPI,86.0,Success,5
P003560,R003560,UPI,34.2,Success,0
P003561,R003561,Card,34.7,Success,0
P003562,R003562,Card,71.68,Success,0
P003563,R003563,UPI,45.72,Success,0
P003564,R003564,UPI,43.62,Success,10
P003565,R003565,Cash,57.92,Success,0
P003566,R003566,Wallet,71.08,Success,0
P003567,R003567,Wallet,47.4,Success,0
P003568,R003568,UPI,99.68,Success,10
P003569,R003569,Card,38.88,Success,0
P003570,R003570,UPI,294.4,Success,0
P003571,R003571,UPI,29.42,Success,0
P003572,R003572,Card,183.28,Success,0
P003573,R003573,Wallet,66.38,Success,20
P003574,R003574,UPI,61.32,Failed,5
P003575,R003575,Cash,68.08,Success,0
P003576,R003576,Card,59.04,Success,5
P003577,R003577,UPI,79.0,Success,0
P003578,R003578,Wallet,79.48,Success,20
P003579,R003579,UPI,73.96,Pending,0
P003580,R003580,UPI,78.8,Success,0
P003581,R003581,UPI,43.12,Success,5
P003582,R003582,Card,63.48,Success,20
P003583,R003583,Cash,44.36,Success,0
P003584,R003584,Card,59.44,Success,0
P003585,R003585,UPI,64.36,Success,0
P003586,R003586,Card,65.6,Success,0
P003587,R003587,UPI,44.6,Success,0
P003588,R003588,Card,55.6,Success,0
P003589,R003589,UPI,94.72,Success,5
P003590,R003590,Card,114.28,Success,0
P003591,R003591,Card,79.24,Success,0
P003592,R003592,Card,101.16,Success,20
P003593,R003593,UPI,109.04,Success,10
P003594,R003594,Card,31.94,Success,0
P003595,R003595,Card,76.96,Success,0
P003596,R003596,Wallet,151.36,Success,0
P003597,R003597,Cash,196.84,Success,0
P003598,R003598,UPI,63.88,Success,0
P003599,R003599,UPI,168.04,Success,0
P003600,R003600,Card,112.96,Success,0
P003601,R003601,UPI,62.32,Success,0
P003602,R003602,UPI,75.72,Success,5
P003603,R003603,UPI,88.36,Success,0
P003604,R003604,Card,56.08,Success,0
P003605,R003605,Card,50.86,Success,0
P003606,R003606,Cash,177.0,Success,5
P003607,R003607,UPI,78.48,Success,20
P003608,R003608,Card,110.04,Success,5
P003609,R003609,UPI,67.44,Success,5
P003610,R003610,Card,50.2,Success,0
P003611,R003611,UPI,69.88,Success,0
P003612,R003612,Card,71.68,Success,0
P003613,R003613,UPI,26.0,Success,0
P003614,R003614,Card,153.52,Success,0
P003615,R003615,Card,107.86,Success,0
P003616,R003616,UPI,50.36,Success,10
P003617,R003617,Wallet,86.42,Success,0
P003618,R003618,Card,65.92,Success,5
P003619,R003619,UPI,49.52,Success,0
P003620,R003620,Wallet,81.96,Success,0
P003621,R003621,Card,100.72,Success,0
P003622,R003622,UPI,99.92,Success,20
P003623,R003623,UPI,139.28,Success,0
P003624,R003624,UPI,96.44,Success,0
P003625,R003625,Cash,66.92,Failed,10
P003626,R003626,UPI,59.32,Success,0
P003627,R003627,Card,151.96,Success,0
P003628,R003628,UPI,41.3,Success,0
P003629,R003629,UPI,59.0,Success,0
P003630,R003630,UPI,51.64,Success,0
P003631,R003631,Card,95.32,Success,0
P003632,R003632,UPI,119.36,Success,0
P003633,R003633,UPI,83.32,Success,0
P003634,R003634,UPI,50.6,Success,0
P003635,R003635,UPI,107.02,Success,5
P003636,R003636,UPI,66.38,Success,10
P003637,R003637,UPI,185.32,Success,0
P003638,R003638,Card,47.48,Failed,0
P003639,R003639,UPI,62.76,Success,0
P003640,R003640,Card,92.08,Success,0
P003641,R003641,UPI,67.92,Success,5
P003642,R003642,UPI,105.28,Success,0
P003643,R003643,UPI,67.06,Success,5
P003644,R003644,Card,58.96,Failed,0
P003645,R003645,Card,117.0,Success,0
P003646,R003646,Card,56.44,Success,0
P003647,R003647,Cash,308.8,Success,5
P003648,R003648,UPI,62.72,Success,0
P003649,R003649,UPI,101.4,Success,0
P003650,R003650,UPI,52.56,Success,0
P003651,R003651,Card,130.72,Success,0
P003652,R003652,UPI,53.36,Success,0
P003653,R003653,UPI,125.88,Success,0
P003654,R003654,UPI,61.12,Success,0
P003655,R003655,Cash,87.4,Success,0
P003656,R003656,UPI,64.88,Success,0
P003657,R003657,UPI,46.4,Failed,5
P003658,R003658,UPI,115.6,Success,0
P003659,R003659,UPI,45.48,Success,0
P003660,R003660,Cash,62.76,Success,0
P003661,R003661,UPI,187.2,Success,5
P003662,R003662,UPI,61.46,Success,0
P003663,R003663,UPI,25.76,Success,0
P003664,R003664,Card,29.84,Pending,0
P003665,R003665,Card,28.46,Success,0
P003666,R003666,UPI,33.02,Success,0
P003667,R003667,UPI,92.32,Success,0
P003668,R003668,Wallet,43.86,Success,0
P003669,R003669,UPI,51.28,Success,0
P003670,R003670,UPI,77.16,Failed,0
P003671,R003671,Card,71.08,Success,0
P003672,R003672,Cash,73.64,Success,0
P003673,R003673,Card,105.82,Success,10
P003674,R003674,UPI,33.26,Success,0
P003675,R003675,UPI,80.48,Success,10
P003676,R003676,Card,58.24,Success,0
P003677,R003677,UPI,146.44,Success,0
P003678,R003678,UPI,122.32,Success,0
P003679,R003679,UPI,44.68,Success,0
P003680,R003680,Card,66.64,Success,0
P003681,R003681,UPI,52.28,Success,0
P003682,R003682,Card,63.6,Success,5
P003683,R003683,UPI,82.32,Success,5
P003684,R003684,Card,25.58,Success,0
P003685,R003685,UPI,79.72,Success,0
P003686,R003686,UPI,117.12,Success,5
P003687,R003687,UPI,55.12,Success,0
P003688,R003688,UPI,71.12,Success,0
P003689,R003689,Card,26.9,Pending,0
P003690,R003690,UPI,73.0,Success,0
P003691,R003691,UPI,41.6,Success,0
P003692,R003692,UPI,38.36,Success,0
P003693,R003693,UPI,154.6,Success,0
P003694,R003694,Card,52.98,Success,0
P003695,R003695,UPI,50.12,Success,0
P003696,R003696,Cash,101.68,Success,5
P003697,R003697,Cash,66.04,Success,0
P003698,R003698,UPI,97.68,Success,0
P003699,R003699,Cash,87.4,Success,5
P003700,R003700,UPI,68.52,Success,0
P003701,R003701,Cash,30.74,Success,0
P003702,R003702,Cash,106.36,Success,0
P003703,R003703,UPI,80.32,Success,5
P003704,R003704,Card,109.12,Success,0
P003705,R003705,UPI,124.12,Success,0
P003706,R003706,UPI,92.6,Success,10
P003707,R003707,UPI,71.16,Success,0
P003708,R003708,UPI,81.8,Success,10
P003709,R003709,UPI,72.28,Success,0
P003710,R003710,Card,43.98,Success,0
P003711,R003711,UPI,154.12,Success,0
P003712,R003712,UPI,71.32,Success,0
P003713,R003713,UPI,71.8,Success,0
P003714,R003714,Cash,108.44,Success,20
P003715,R003715,Card,80.26,Success,20
P003716,R003716,UPI,104.08,Success,0
P003717,R003717,UPI,64.0,Success,0
P003718,R003718,UPI,53.76,Success,0
P003719,R003719,UPI,49.16,Failed,0
P003720,R003720,UPI,153.04,Success,0
P003721,R003721,Card,61.16,Success,10
P003722,R003722,UPI,147.28,Success,0
P003723,R003723,Card,72.64,Success,0
P003724,R003724,Cash,69.64,Success,0
P003725,R003725,Card,69.32,Success,0
P003726,R003726,UPI,37.16,Success,0
P003727,R003727,UPI,84.76,Success,0
P003728,R003728,UPI,109.96,Success,0
P003729,R003729,UPI,52.28,Success,0
P003730,R003730,UPI,116.84,Success,10
P003731,R003731,UPI,36.3,Success,0
P003732,R003732,Card,126.4,Failed,0
P003733,R003733,Card,105.88,Success,0
P003734,R003734,UPI,146.6,Success,0
P003735,R003735,UPI,81.18,Success,0
P003736,R003736,Card,149.76,Success,5
P003737,R003737,Card,68.92,Success,0
P003738,R003738,Wallet,36.04,Success,0
P003739,R003739,UPI,123.88,Success,10
P003740,R003740,Cash,318.76,Success,0
P003741,R003741,Cash,52.68,Success,10
P003742,R003742,Wallet,65.58,Success,10
P003743,R003743,Card,114.28,Success,0
P003744,R003744,UPI,42.08,Success,0
P003745,R003745,Cash,38.42,Success,0
P003746,R003746,Card,93.94,Success,0
P003747,R003747,Card,39.02,Failed,0
P003748,R003748,UPI,67.36,Success,5
P003749,R003749,UPI,164.08,Success,0
P003750,R003750,Card,68.96,Success,5
P003751,R003751,UPI,188.0,Success,0
P003752,R003752,UPI,41.96,Failed,0
P003753,R003753,UPI,36.16,Success,5
P003754,R003754,UPI,52.5,Success,0
P003755,R003755,UPI,56.76,Success,5
P003756,R003756,UPI,68.32,Success,0
P003757,R003757,Card,66.24,Success,5
P003758,R003758,UPI,128.28,Success,0
P003759,R003759,UPI,88.08,Success,20
P003760,R003760,UPI,39.54,Success,0
P003761,R003761,Card,104.84,Success,0
P003762,R003762,UPI,278.64,Success,5
P003763,R003763,UPI,141.5,Success,0
P003764,R003764,UPI,60.28,Success,0
P003765,R003765,UPI,112.2,Success,0
P003766,R003766,Card,55.66,Success,0
P003767,R003767,Cash,30.6,Success,0
P003768,R003768,UPI,35.16,Success,0
P003769,R003769,Cash,276.04,Success,0
P003770,R003770,UPI,142.96,Success,0
P003771,R003771,UPI,93.0,Success,0
P003772,R003772,Card,139.0,Success,20
P003773,R003773,Card,81.96,Success,5
P003774,R003774,Card,121.16,Success,0
P003775,R003775,Cash,124.96,Success,0
P003776,R003776,Card,95.64,Success,10
P003777,R003777,UPI,119.56,Success,0
P003778,R003778,Card,88.88,Failed,5
P003779,R003779,Card,98.92,Success,0
P003780,R003780,UPI,71.72,Success,10
P003781,R003781,UPI,64.44,Success,0
P003782,R003782,UPI,90.16,Success,5
P003783,R003783,UPI,70.04,Success,0
P003784,R003784,UPI,130.2,Success,5
P003785,R003785,UPI,39.04,Success,5
P003786,R003786,Card,37.58,Success,0
P003787,R003787,UPI,78.64,Success,0
P003788,R003788,UPI,37.4,Success,0
P003789,R003789,UPI,113.2,Success,0
P003790,R003790,Cash,99.56,Success,10
P003791,R003791,UPI,78.52,Success,0
P003792,R003792,UPI,80.84,Success,0
P003793,R003793,UPI,38.06,Success,0
P003794,R003794,Wallet,81.84,Success,10
P003795,R003795,Card,100.92,Success,0
P003796,R003796,Wallet,120.76,Success,0
P003797,R003797,UPI,66.84,Success,0
P003798,R003798,UPI,93.12,Success,5
P003799,R003799,UPI,59.96,Success,20
P003800,R003800,UPI,40.26,Success,0
P003801,R003801,Card,76.04,Success,0
P003802,R003802,UPI,120.04,Success,0
P003803,R003803,Wallet,84.88,Success,0
P003804,R003804,UPI,83.88,Success,0
P003805,R003805,Cash,88.8,Success,5
P003806,R003806,Cash,54.68,Success,0
P003807,R003807,UPI,87.04,Pending,0
P003808,R003808,Cash,87.76,Success,0
P003809,R003809,Cash,69.8,Success,0
P003810,R003810,Cash,46.76,Success,0
P003811,R003811,UPI,98.68,Success,0
P003812,R003812,UPI,121.72,Success,0
P003813,R003813,UPI,46.78,Success,5
P003814,R003814,Card,61.0,Success,0
P003815,R003815,Card,173.48,Success,0
P003816,R003816,Card,35.8,Success,0
P003817,R003817,UPI,60.2,Success,0
P003818,R003818,UPI,63.4,Success,0
P003819,R003819,Card,40.3,Success,5
P003820,R003820,Cash,63.4,Success,0
P003821,R003821,Card,129.84,Success,5
P003822,R003822,Wallet,25.16,Success,0
P003823,R003823,Card,66.52,Success,0
P003824,R003824,UPI,73.84,Success,0
P003825,R003825,UPI,43.14,Success,10
P003826,R003826,UPI,70.72,Success,0
P003827,R003827,UPI,77.56,Success,0
P003828,R003828,Cash,73.52,Success,0
P003829,R003829,UPI,117.88,Success,0
P003830,R003830,Wallet,79.4,Success,0
P003831,R003831,UPI,47.96,Success,0
P003832,R003832,UPI,95.48,Success,10
P003833,R003833,Card,130.68,Success,20
P003834,R003834,UPI,111.56,Success,0
P003835,R003835,UPI,71.36,Success,5
P003836,R003836,UPI,139.12,Success,0
P003837,R003837,Card,55.6,Success,0
P003838,R003838,Card,84.28,Success,0
P003839,R003839,UPI,128.46,Success,0
P003840,R003840,UPI,85.84,Success,0
P003841,R003841,UPI,149.5,Success,20
P003842,R003842,UPI,32.3,Success,0
P003843,R003843,UPI,126.08,Success,0
P003844,R003844,UPI,63.68,Success,0
P003845,R003845,Card,75.52,Success,0
P003846,R003846,Card,29.3,Success,0
P003847,R003847,Card,74.08,Success,0
P003848,R003848,UPI,50.58,Success,10
P003849,R003849,Card,42.36,Success,0
P003850,R003850,UPI,40.74,Success,10
P003851,R003851,UPI,82.08,Success,20
P003852,R003852,UPI,75.8,Success,0
P003853,R003853,UPI,34.82,Success,0
P003854,R003854,Wallet,68.56,Success,0
P003855,R003855,Card,48.8,Success,5
P003856,R003856,Card,57.04,Success,0
P003857,R003857,UPI,53.08,Success,0
P003858,R003858,Card,112.48,Success,5
P003859,R003859,Card,62.26,Success,0
P003860,R003860,Card,184.16,Success,0
P003861,R003861,UPI,50.8,Success,0
P003862,R003862,Cash,49.52,Success,0
P003863,R003863,Cash,35.36,Success,0
P003864,R003864,UPI,156.64,Success,0
P003865,R003865,UPI,51.98,Success,5
P003866,R003866,Card,68.92,Success,0
P003867,R003867,UPI,158.68,Success,0
P003868,R003868,UPI,60.6,Success,5
P003869,R003869,Cash,37.96,Success,0
P003870,R003870,UPI,35.16,Success,0
P003871,R003871,Card,131.08,Success,0
P003872,R003872,UPI,38.06,Success,0
P003873,R003873,Card,61.0,Success,0
P003874,R003874,UPI,233.68,Success,0
P003875,R003875,UPI,36.92,Success,0
P003876,R003876,UPI,56.32,Success,0
P003877,R003877,UPI,114.88,Success,0
P003878,R003878,Wallet,37.98,Success,10
P003879,R003879,UPI,48.76,Success,0
P003880,R003880,Card,56.44,Success,0
P003881,R003881,UPI,54.64,Failed,0
P003882,R003882,Wallet,107.72,Success,10
P003883,R003883,UPI,45.34,Success,0
P003884,R003884,Card,78.64,Success,0
P003885,R003885,UPI,216.28,Success,0
P003886,R003886,UPI,63.56,Success,10
P003887,R003887,UPI,145.08,Success,5
P003888,R003888,UPI,76.98,Success,10
P003889,R003889,Card,63.68,Success,5
P003890,R003890,Wallet,48.44,Success,10
P003891,R003891,UPI,68.92,Success,0
P003892,R003892,UPI,64.36,Success,0
P003893,R003893,UPI,101.8,Success,20
P003894,R003894,Cash,46.28,Success,0
P003895,R003895,Card,35.96,Success,0
P003896,R003896,UPI,63.04,Success,0
P003897,R003897,UPI,78.84,Success,10
P003898,R003898,UPI,86.08,Success,0
P003899,R003899,UPI,29.54,Success,0
P003900,R003900,UPI,120.0,Success,10
P003901,R003901,Cash,127.64,Success,10
P003902,R003902,UPI,38.48,Success,0
P003903,R003903,Card,103.36,Success,0
P003904,R003904,UPI,56.34,Success,0
P003905,R003905,UPI,52.48,Success,0
P003906,R003906,UPI,41.24,Success,0
P003907,R003907,UPI,187.92,Success,5
P003908,R003908,Card,137.04,Success,20
P003909,R003909,Cash,67.7,Success,0
P003910,R003910,UPI,99.56,Success,0
P003911,R003911,UPI,36.76,Failed,0
P003912,R003912,UPI,65.9,Success,0
P003913,R003913,UPI,49.22,Success,0
P003914,R003914,UPI,37.2,Success,10
P003915,R003915,UPI,196.84,Success,0
P003916,R003916,Card,76.16,Success,10
P003917,R003917,UPI,51.66,Success,10
P003918,R003918,Card,92.92,Success,0
P003919,R003919,UPI,76.12,Success,0
P003920,R003920,Card,104.12,Success,10
P003921,R003921,Cash,94.4,Success,10
P003922,R003922,UPI,57.9,Failed,0
P003923,R003923,Cash,185.04,Success,5
P003924,R003924,UPI,35.88,Success,0
P003925,R003925,Wallet,73.48,Success,0
P003926,R003926,UPI,91.2,Success,5
P003927,R003927,UPI,94.76,Success,10
P003928,R003928,Wallet,43.64,Failed,0
P003929,R003929,Card,58.92,Pending,0
P003930,R003930,Card,85.0,Success,0
P003931,R003931,UPI,31.08,Success,0
P003932,R003932,UPI,51.0,Success,0
P003933,R003933,Card,102.64,Success,0
P003934,R003934,UPI,51.56,Success,0
P003935,R003935,UPI,189.64,Success,0
P003936,R003936,UPI,34.16,Success,0
P003937,R003937,Cash,75.16,Success,0
P003938,R003938,Card,105.32,Success,0
P003939,R003939,UPI,84.92,Success,0
P003940,R003940,UPI,62.56,Success,0
P003941,R003941,UPI,118.12,Success,0
P003942,R003942,UPI,65.92,Success,0
P003943,R003943,UPI,121.12,Success,0
P003944,R003944,UPI,189.84,Success,5
P003945,R003945,Cash,115.0,Success,0
P003946,R003946,Card,60.4,Success,5
P003947,R003947,UPI,41.8,Success,0
P003948,R003948,Cash,35.32,Success,0
P003949,R003949,Cash,119.92,Success,0
P003950,R003950,UPI,84.62,Success,0
P003951,R003951,Card,103.96,Success,0
P003952,R003952,UPI,47.0,Success,0
P003953,R003953,UPI,63.86,Success,0
P003954,R003954,Card,219.16,Success,0
P003955,R003955,UPI,84.72,Success,5
P003956,R003956,UPI,87.64,Success,0
P003957,R003957,UPI,56.54,Success,0
P003958,R003958,UPI,35.26,Success,5
P003959,R003959,UPI,33.96,Success,0
P003960,R003960,Card,81.52,Success,0
P003961,R003961,UPI,119.48,Success,10
P003962,R003962,Wallet,73.28,Success,0
P003963,R003963,UPI,115.72,Success,0
P003964,R003964,UPI,44.04,Success,0
P003965,R003965,UPI,40.94,Success,0
P003966,R003966,UPI,72.76,Success,0
P003967,R003967,Card,57.76,Success,5
P003968,R003968,UPI,93.44,Success,5
P003969,R003969,UPI,38.32,Success,5
P003970,R003970,UPI,73.28,Success,10
P003971,R003971,UPI,61.88,Success,10
P003972,R003972,UPI,73.96,Success,0
P003973,R003973,UPI,43.5,Success,0
P003974,R003974,Cash,81.28,Success,0
P003975,R003975,Card,47.12,Success,0
P003976,R003976,UPI,46.24,Success,5
P003977,R003977,UPI,57.2,Success,0
P003978,R003978,Card,71.68,Success,0
P003979,R003979,UPI,63.64,Success,0
P003980,R003980,UPI,93.04,Success,0
P003981,R003981,UPI,99.52,Success,0
P003982,R003982,UPI,44.6,Success,10
P003983,R003983,UPI,159.32,Success,0
P003984,R003984,UPI,246.88,Success,0
P003985,R003985,UPI,132.0,Success,10
P003986,R003986,Cash,97.84,Success,0
P003987,R003987,UPI,43.32,Success,0
P003988,R003988,UPI,112.0,Success,0
P003989,R003989,UPI,99.92,Success,0
P003990,R003990,UPI,129.36,Success,0
P003991,R003991,UPI,104.84,Success,0
P003992,R003992,Card,146.2,Success,20
P003993,R003993,Card,102.16,Success,0
P003994,R003994,Cash,121.96,Success,0
P003995,R003995,UPI,102.16,Success,0
P003996,R003996,UPI,50.02,Success,5
P003997,R003997,UPI,62.2,Success,0
P003998,R003998,UPI,223.32,Success,20
P003999,R003999,Cash,57.96,Success,10
P004000,R004000,UPI,27.08,Success,0
P004001,R004001,UPI,37.24,Success,0
P004002,R004002,UPI,93.8,Success,20
P004003,R004003,Wallet,131.12,Success,0
P004004,R004004,UPI,89.12,Success,0
P004005,R004005,Card,101.92,Success,5
P004006,R004006,UPI,166.76,Success,10
P004007,R004007,UPI,77.92,Success,5
P004008,R004008,UPI,193.16,Success,0
P004009,R004009,Card,56.92,Success,0
P004010,R004010,UPI,38.06,Failed,0
P004011,R004011,Card,90.76,Success,0
P004012,R004012,Card,27.74,Success,0
P004013,R004013,Card,84.36,Success,0
P004014,R004014,UPI,120.96,Success,20
P004015,R004015,Cash,103.76,Success,0
P004016,R004016,Card,77.92,Success,0
P004017,R004017,UPI,169.92,Success,10
P004018,R004018,Wallet,61.24,Success,0
P004019,R004019,Card,43.62,Success,0
P004020,R004020,UPI,141.72,Success,10
P004021,R004021,Card,127.12,Success,0
P004022,R004022,UPI,138.04,Success,0
P004023,R004023,UPI,123.16,Pending,0
P004024,R004024,UPI,135.96,Success,5
P004025,R004025,UPI,85.12,Failed,0
P004026,R004026,UPI,69.48,Success,0
P004027,R004027,UPI,92.66,Success,0
P004028,R004028,UPI,35.6,Success,0
P004029,R004029,Card,31.7,Success,0
P004030,R004030,Wallet,44.18,Success,0
P004031,R004031,UPI,82.2,Success,20
P004032,R004032,Card,76.24,Success,0
P004033,R004033,Cash,157.32,Success,0
P004034,R004034,UPI,92.72,Success,5
P004035,R004035,UPI,97.48,Success,0
P004036,R004036,UPI,64.84,Success,0
P004037,R004037,UPI,73.44,Success,10
P004038,R004038,Card,101.12,Success,10
P004039,R004039,UPI,83.68,Success,0
P004040,R004040,Cash,29.06,Success,0
P004041,R004041,Card,73.48,Success,0
P004042,R004042,Card,140.64,Success,0
P004043,R004043,UPI,112.84,Success,0
P004044,R004044,UPI,383.0,Success,10
P004045,R004045,UPI,42.2,Success,0
P004046,R004046,UPI,85.96,Success,0
P004047,R004047,Cash,49.4,Success,0
P004048,R004048,UPI,65.14,Success,20
P004049,R004049,UPI,54.88,Success,0
P004050,R004050,UPI,40.04,Success,0
P004051,R004051,UPI,105.96,Success,5
P004052,R004052,Cash,138.5,Success,0
P004053,R004053,Card,95.44,Success,0
P004054,R004054,UPI,31.04,Success,0
P004055,R004055,Card,141.28,Success,0
P004056,R004056,UPI,52.24,Success,0
P004057,R004057,Card,88.24,Success,0
P004058,R004058,Card,96.2,Success,0
P004059,R004059,UPI,133.16,Success,0
P004060,R004060,Card,177.84,Success,0
P004061,R004061,Cash,81.4,Success,5
P004062,R004062,Cash,37.74,Failed,0
P004063,R004063,Card,217.36,Success,0
P004064,R004064,UPI,130.2,Success,0
P004065,R004065,UPI,32.52,Success,0
P004066,R004066,UPI,114.12,Success,5
P004067,R004067,UPI,108.32,Success,10
P004068,R004068,UPI,189.28,Success,0
P004069,R004069,Card,51.36,Success,5
P004070,R004070,UPI,61.8,Success,5
P004071,R004071,Cash,51.4,Success,0
P004072,R004072,Cash,58.6,Success,0
P004073,R004073,UPI,122.52,Failed,5
P004074,R004074,Card,113.36,Success,10
P004075,R004075,UPI,70.12,Success,0
P004076,R004076,Cash,73.84,Success,0
P004077,R004077,UPI,74.8,Success,0
P004078,R004078,Wallet,105.16,Pending,0
P004079,R004079,UPI,44.34,Success,10
P004080,R004080,UPI,127.92,Success,20
P004081,R004081,UPI,68.42,Success,0
P004082,R004082,UPI,174.16,Success,0
P004083,R004083,Card,181.72,Success,0
P004084,R004084,UPI,81.48,Failed,10
P004085,R004085,UPI,28.88,Success,0
P004086,R004086,UPI,90.54,Success,10
P004087,R004087,Wallet,61.72,Success,0
P004088,R004088,Card,80.56,Success,0
P004089,R004089,Cash,67.88,Success,0
P004090,R004090,UPI,36.2,Success,0
P004091,R004091,Card,127.92,Success,20
P004092,R004092,UPI,67.92,Success,5
P004093,R004093,Wallet,88.16,Success,10
P004094,R004094,UPI,53.66,Success,0
P004095,R004095,Wallet,109.0,Success,20
P004096,R004096,UPI,195.56,Success,10
P004097,R004097,Card,70.68,Success,0
P004098,R004098,Card,74.72,Success,0
P004099,R004099,Card,41.66,Success,0
P004100,R004100,Card,86.88,Success,5
P004101,R004101,Card,109.76,Success,10
P004102,R004102,Cash,68.8,Success,0
P004103,R004103,UPI,75.68,Success,10
P004104,R004104,UPI,110.6,Success,10
P004105,R004105,UPI,89.24,Success,20
P004106,R004106,UPI,95.32,Success,0
P004107,R004107,Card,129.52,Success,0
P004108,R004108,Cash,52.62,Success,10
P004109,R004109,UPI,66.2,Success,10
P004110,R004110,UPI,93.0,Success,0
P004111,R004111,Card,34.42,Success,5
P004112,R004112,Card,140.92,Success,0
P004113,R004113,UPI,131.4,Success,10
P004114,R004114,UPI,66.88,Success,0
P004115,R004115,UPI,151.32,Success,5
P004116,R004116,UPI,131.84,Success,5
P004117,R004117,UPI,58.96,Success,0
P004118,R004118,UPI,59.4,Success,0
P004119,R004119,Cash,47.62,Success,5
P004120,R004120,UPI,55.4,Success,0
P004121,R004121,UPI,64.8,Success,5
P004122,R004122,Card,123.76,Success,0
P004123,R004123,UPI,42.2,Success,0
P004124,R004124,UPI,112.6,Success,0
P004125,R004125,Card,57.4,Success,0
P004126,R004126,UPI,98.2,Success,0
P004127,R004127,UPI,71.08,Success,0
P004128,R004128,Card,72.48,Success,5
P004129,R004129,UPI,56.68,Success,0
P004130,R004130,Cash,68.44,Success,10
P004131,R004131,UPI,95.16,Success,10
P004132,R004132,UPI,42.84,Success,0
P004133,R004133,UPI,141.24,Success,5
P004134,R004134,UPI,58.82,Success,0
P004135,R004135,UPI,181.48,Success,0
P004136,R004136,UPI,70.64,Success,10
P004137,R004137,UPI,103.32,Success,0
P004138,R004138,Card,162.28,Success,0
P004139,R004139,Card,167.76,Success,0
P004140,R004140,Card,79.64,Success,0
P004141,R004141,UPI,54.76,Success,0
P004142,R004142,Card,53.08,Success,0
P004143,R004143,Card,66.2,Success,0
P004144,R004144,UPI,84.2,Success,0
P004145,R004145,UPI,94.72,Success,5
P004146,R004146,Card,96.92,Success,0
P004147,R004147,UPI,32.12,Failed,0
P004148,R004148,UPI,34.22,Success,0
P004149,R004149,UPI,148.92,Success,10
P004150,R004150,Cash,52.12,Success,0
P004151,R004151,UPI,94.6,Success,0
P004152,R004152,UPI,85.56,Success,10
P004153,R004153,UPI,37.84,Success,5
P004154,R004154,UPI,80.36,Success,10
P004155,R004155,UPI,43.32,Success,0
P004156,R004156,Cash,145.24,Success,0
P004157,R004157,UPI,89.88,Success,10
P004158,R004158,UPI,75.8,Pending,10
P004159,R004159,Card,203.64,Success,10
P004160,R004160,Card,65.32,Success,0
P004161,R004161,UPI,110.44,Success,0
P004162,R004162,UPI,35.12,Success,0
P004163,R004163,UPI,81.88,Success,0
P004164,R004164,Wallet,40.12,Success,0
P004165,R004165,UPI,207.12,Success,5
P004166,R004166,UPI,104.92,Success,0
P004167,R004167,UPI,114.88,Success,0
P004168,R004168,UPI,63.16,Success,10
P004169,R004169,UPI,111.24,Success,20
P004170,R004170,UPI,189.52,Success,0
P004171,R004171,Card,171.36,Success,0
P004172,R004172,Cash,169.08,Success,10
P004173,R004173,Card,257.56,Success,5
P004174,R004174,Cash,85.24,Success,0
P004175,R004175,Card,85.64,Success,0
P004176,R004176,Card,72.0,Success,5
P004177,R004177,UPI,55.48,Success,0
P004178,R004178,Cash,31.16,Success,0
P004179,R004179,UPI,94.12,Success,0
P004180,R004180,Wallet,51.54,Success,0
P004181,R004181,UPI,32.12,Success,0
P004182,R004182,UPI,124.4,Success,10
P004183,R004183,UPI,108.8,Success,10
P004184,R004184,UPI,76.0,Success,0
P004185,R004185,UPI,32.48,Pending,0
P004186,R004186,UPI,42.12,Success,0
P004187,R004187,UPI,31.76,Success,0
P004188,R004188,UPI,99.12,Success,0
P004189,R004189,Cash,35.56,Success,0
P004190,R004190,UPI,59.64,Success,0
P004191,R004191,UPI,62.68,Success,0
P004192,R004192,Card,56.2,Success,0
P004193,R004193,Card,37.98,Success,10
P004194,R004194,Card,58.44,Success,0
P004195,R004195,UPI,104.52,Success,10
P004196,R004196,UPI,106.18,Success,5
P004197,R004197,UPI,90.4,Success,5
P004198,R004198,UPI,93.72,Success,20
P004199,R004199,UPI,45.56,Success,0
P004200,R004200,UPI,79.56,Success,0
P004201,R004201,UPI,74.32,Success,5
P004202,R004202,UPI,52.6,Success,0
P004203,R004203,UPI,36.76,Success,0
P004204,R004204,Card,141.76,Success,0
P004205,R004205,UPI,118.06,Success,5
P004206,R004206,UPI,69.64,Success,0
P004207,R004207,UPI,149.32,Success,0
P004208,R004208,UPI,81.08,Success,0
P004209,R004209,UPI,58.0,Success,0
P004210,R004210,UPI,63.96,Success,5
P004211,R004211,UPI,109.24,Success,0
P004212,R004212,Card,81.56,Success,0
P004213,R004213,UPI,98.04,Success,5
P004214,R004214,Card,98.92,Success,5
P004215,R004215,Cash,51.32,Success,0
P004216,R004216,UPI,148.48,Success,0
P004217,R004217,UPI,25.94,Success,0
P004218,R004218,Cash,53.76,Success,0
P004219,R004219,UPI,70.84,Success,0
P004220,R004220,UPI,138.12,Success,20
P004221,R004221,Cash,101.44,Failed,0
P004222,R004222,Card,154.72,Success,0
P004223,R004223,UPI,37.82,Success,0
P004224,R004224,Card,43.5,Success,0
P004225,R004225,Card,46.78,Success,0
P004226,R004226,UPI,154.48,Success,0
P004227,R004227,Card,46.72,Success,5
P004228,R004228,UPI,34.52,Success,0
P004229,R004229,UPI,33.82,Success,5
P004230,R004230,Card,129.72,Success,5
P004231,R004231,UPI,38.24,Success,0
P004232,R004232,Cash,31.08,Pending,0
P004233,R004233,UPI,45.18,Success,10
P004234,R004234,Card,38.44,Failed,5
P004235,R004235,UPI,29.06,Success,0
P004236,R004236,UPI,48.76,Success,0
P004237,R004237,UPI,82.04,Success,20
P004238,R004238,Cash,110.44,Success,0
P004239,R004239,UPI,48.4,Success,5
P004240,R004240,UPI,83.88,Success,0
P004241,R004241,UPI,89.68,Success,0
P004242,R004242,Cash,94.76,Success,0
P004243,R004243,Card,68.08,Success,0
P004244,R004244,UPI,67.66,Pending,0
P004245,R004245,Card,118.0,Success,0
P004246,R004246,Wallet,58.36,Success,0
P004247,R004247,Cash,53.04,Success,5
P004248,R004248,UPI,105.64,Success,0
P004249,R004249,Card,83.56,Success,0
P004250,R004250,Cash,123.16,Success,0
P004251,R004251,UPI,56.62,Success,0
P004252,R004252,UPI,126.76,Success,0
P004253,R004253,UPI,54.52,Success,0
P004254,R004254,UPI,37.7,Success,0
P004255,R004255,UPI,36.52,Success,5
P004256,R004256,UPI,146.2,Success,0
P004257,R004257,UPI,92.04,Success,5
P004258,R004258,Cash,41.4,Success,0
P004259,R004259,Card,54.68,Success,0
P004260,R004260,UPI,130.0,Success,0
P004261,R004261,UPI,87.8,Success,0
P004262,R004262,UPI,142.52,Success,10
P004263,R004263,UPI,57.0,Success,20
P004264,R004264,UPI,74.08,Success,5
P004265,R004265,Cash,46.8,Success,0
P004266,R004266,UPI,67.5,Pending,10
P004267,R004267,Cash,36.34,Failed,5
P004268,R004268,Card,41.6,Success,0
P004269,R004269,UPI,64.7,Success,0
P004270,R004270,UPI,131.72,Success,0
P004271,R004271,Card,68.32,Success,0
P004272,R004272,Cash,46.96,Success,0
P004273,R004273,UPI,78.96,Success,5
P004274,R004274,UPI,208.52,Success,0
P004275,R004275,UPI,49.24,Success,0
P004276,R004276,UPI,53.44,Success,0
P004277,R004277,UPI,34.84,Success,5
P004278,R004278,UPI,52.12,Success,0
P004279,R004279,Cash,55.4,Success,0
P004280,R004280,Card,119.32,Success,0
P004281,R004281,UPI,64.12,Success,0
P004282,R004282,UPI,93.8,Success,0
P004283,R004283,Card,68.78,Success,0
P004284,R004284,UPI,55.72,Success,0
P004285,R004285,Card,135.4,Success,0
P004286,R004286,UPI,186.64,Success,0
P004287,R004287,UPI,62.8,Success,0
P004288,R004288,UPI,146.92,Success,0
P004289,R004289,UPI,57.48,Success,0
P004290,R004290,UPI,114.24,Success,20
P004291,R004291,Wallet,198.36,Success,5
P004292,R004292,UPI,106.48,Success,0
P004293,R004293,UPI,76.16,Success,5
P004294,R004294,UPI,73.84,Success,0
P004295,R004295,Card,78.28,Success,0
P004296,R004296,Card,38.34,Success,10
P004297,R004297,Card,53.56,Success,0
P004298,R004298,UPI,62.12,Success,0
P004299,R004299,Card,47.28,Success,0
P004300,R004300,UPI,74.56,Success,5
P004301,R004301,UPI,67.8,Success,0
P004302,R004302,Card,42.68,Success,0
P004303,R004303,Wallet,31.88,Failed,0
P004304,R004304,UPI,68.52,Success,0
P004305,R004305,UPI,78.4,Success,0
P004306,R004306,UPI,59.32,Success,10
P004307,R004307,UPI,40.16,Success,0
P004308,R004308,UPI,54.74,Success,0
P004309,R004309,UPI,136.96,Success,0
P004310,R004310,UPI,24.98,Success,0
P004311,R004311,UPI,40.68,Success,0
P004312,R004312,UPI,57.64,Success,0
P004313,R004313,UPI,119.96,Success,0
P004314,R004314,Cash,156.68,Success,0
P004315,R004315,UPI,126.16,Success,0
P004316,R004316,UPI,76.18,Success,20
P004317,R004317,UPI,115.92,Success,5
P004318,R004318,UPI,121.88,Success,0
P004319,R004319,UPI,63.72,Success,0
P004320,R004320,UPI,128.04,Success,10
P004321,R004321,UPI,70.96,Success,0
P004322,R004322,Wallet,43.1,Success,0
P004323,R004323,Card,44.62,Success,5
P004324,R004324,Cash,118.24,Success,0
P004325,R004325,UPI,39.62,Success,0
P004326,R004326,UPI,50.2,Success,0
P004327,R004327,UPI,28.82,Success,0
P004328,R004328,Cash,56.28,Success,0
P004329,R004329,UPI,109.72,Success,0
P004330,R004330,UPI,55.7,Success,0
P004331,R004331,Card,90.76,Success,0
P004332,R004332,Cash,95.76,Success,5
P004333,R004333,UPI,83.36,Success,0
P004334,R004334,Cash,33.1,Success,5
P004335,R004335,UPI,57.76,Success,5
P004336,R004336,Cash,49.86,Success,10
P004337,R004337,UPI,118.24,Success,0
P004338,R004338,Card,43.28,Success,5
P004339,R004339,UPI,47.38,Failed,0
P004340,R004340,UPI,91.24,Success,0
P004341,R004341,UPI,194.12,Success,0
P004342,R004342,UPI,80.2,Success,0
P004343,R004343,UPI,121.48,Success,0
P004344,R004344,UPI,172.12,Success,0
P004345,R004345,UPI,175.52,Success,0
P004346,R004346,UPI,116.56,Success,0
P004347,R004347,UPI,110.36,Success,0
P004348,R004348,UPI,99.8,Success,0
P004349,R004349,UPI,31.28,Success,0
P004350,R004350,UPI,242.92,Success,5
P004351,R004351,Card,91.24,Success,0
P004352,R004352,Card,117.68,Success,10
P004353,R004353,UPI,60.92,Success,0
P004354,R004354,UPI,112.52,Success,0
P004355,R004355,Card,50.68,Success,20
P004356,R004356,UPI,58.12,Success,0
P004357,R004357,UPI,70.48,Success,0
P004358,R004358,UPI,109.24,Success,0
P004359,R004359,Card,94.36,Success,0
P004360,R004360,UPI,41.62,Success,5
P004361,R004361,UPI,33.64,Success,0
P004362,R004362,UPI,74.24,Success,10
P004363,R004363,UPI,160.28,Success,0
P004364,R004364,UPI,97.0,Success,5
P004365,R004365,Cash,106.84,Success,0
P004366,R004366,UPI,73.52,Success,10
P004367,R004367,UPI,83.44,Success,0
P004368,R004368,Card,79.16,Success,10
P004369,R004369,UPI,103.84,Success,0
P004370,R004370,UPI,79.68,Success,5
P004371,R004371,Card,143.36,Success,10
P004372,R004372,UPI,71.4,Success,0
P004373,R004373,Cash,37.58,Success,0
P004374,R004374,Card,62.2,Success,0
P004375,R004375,UPI,114.96,Success,0
P004376,R004376,UPI,34.2,Success,0
P004377,R004377,UPI,77.32,Success,0
P004378,R004378,UPI,178.8,Success,10
P004379,R004379,Cash,115.36,Failed,20
P004380,R004380,Card,79.24,Success,10
P004381,R004381,Card,127.6,Success,5
P004382,R004382,UPI,58.92,Success,5
P004383,R004383,Card,39.56,Success,0
P004384,R004384,Cash,95.64,Success,10
P004385,R004385,UPI,46.28,Success,10
P004386,R004386,Cash,48.46,Success,0
P004387,R004387,Card,65.0,Success,10
P004388,R004388,Card,78.68,Success,10
P004389,R004389,UPI,66.6,Success,0
P004390,R004390,UPI,171.96,Success,0
P004391,R004391,UPI,92.44,Success,0
P004392,R004392,UPI,32.62,Success,5
P004393,R004393,Card,118.28,Success,10
P004394,R004394,UPI,73.76,Success,0
P004395,R004395,UPI,37.24,Success,0
P004396,R004396,UPI,47.96,Success,0
P004397,R004397,UPI,50.52,Success,10
P004398,R004398,Cash,43.14,Success,10
P004399,R004399,Wallet,54.68,Success,0
P004400,R004400,Cash,69.32,Pending,0
P004401,R004401,Wallet,78.0,Success,5
P004402,R004402,Cash,70.28,Success,10
P004403,R004403,UPI,33.86,Success,0
P004404,R004404,UPI,49.08,Success,0
P004405,R004405,UPI,74.16,Success,5
P004406,R004406,UPI,155.08,Success,0
P004407,R004407,Cash,79.48,Success,0
P004408,R004408,UPI,38.2,Success,0
P004409,R004409,UPI,144.4,Pending,0
P004410,R004410,UPI,86.6,Success,0
P004411,R004411,UPI,34.68,Success,0
P004412,R004412,Card,53.96,Success,0
P004413,R004413,UPI,39.16,Success,5
P004414,R004414,UPI,127.4,Success,0
P004415,R004415,UPI,64.6,Success,0
P004416,R004416,UPI,146.76,Success,20
P004417,R004417,UPI,101.4,Success,5
P004418,R004418,UPI,92.04,Success,0
P004419,R004419,UPI,127.24,Success,0
P004420,R004420,Card,39.3,Success,0
P004421,R004421,UPI,64.24,Success,0
P004422,R004422,UPI,76.64,Success,10
P004423,R004423,UPI,102.44,Success,0
P004424,R004424,UPI,35.12,Success,0
P004425,R004425,UPI,83.52,Success,5
P004426,R004426,Wallet,81.28,Success,0
P004427,R004427,Cash,63.34,Success,5
P004428,R004428,UPI,50.68,Success,0
P004429,R004429,UPI,59.24,Success,20
P004430,R004430,Card,66.04,Success,0
P004431,R004431,UPI,119.08,Success,0
P004432,R004432,UPI,93.4,Success,0
P004433,R004433,UPI,74.72,Success,20
P004434,R004434,UPI,105.6,Success,5
P004435,R004435,Card,104.78,Success,0
P004436,R004436,Cash,72.28,Success,0
P004437,R004437,Card,63.4,Success,0
P004438,R004438,UPI,36.44,Success,0
P004439,R004439,UPI,53.48,Success,0
P004440,R004440,UPI,151.64,Success,0
P004441,R004441,Card,52.48,Success,5
P004442,R004442,Cash,153.12,Success,5
P004443,R004443,Wallet,68.2,Success,0
P004444,R004444,UPI,129.2,Success,10
P004445,R004445,Cash,70.0,Success,5
P004446,R004446,UPI,71.64,Success,20
P004447,R004447,Card,35.64,Success,0
P004448,R004448,UPI,63.04,Success,0
P004449,R004449,UPI,30.14,Success,0
P004450,R004450,Card,131.32,Success,0
P004451,R004451,Card,41.14,Success,5
P004452,R004452,UPI,26.06,Success,0
P004453,R004453,Cash,36.48,Success,0
P004454,R004454,Card,25.7,Success,0
P004455,R004455,UPI,61.8,Success,0
P004456,R004456,Card,163.68,Success,5
P004457,R004457,UPI,169.16,Success,10
P004458,R004458,UPI,162.8,Success,0
P004459,R004459,UPI,51.88,Success,0
P004460,R004460,UPI,30.38,Failed,0
P004461,R004461,Card,94.2,Success,0
P004462,R004462,UPI,43.32,Success,0
P004463,R004463,UPI,41.36,Success,0
P004464,R004464,UPI,88.2,Success,5
P004465,R004465,UPI,120.0,Success,0
P004466,R004466,UPI,81.04,Success,0
P004467,R004467,UPI,128.84,Success,0
P004468,R004468,Card,28.76,Success,0
P004469,R004469,UPI,47.24,Success,10
P004470,R004470,UPI,50.6,Success,0
P004471,R004471,Cash,52.1,Success,0
P004472,R004472,UPI,59.04,Success,5
P004473,R004473,UPI,114.4,Success,0
P004474,R004474,UPI,62.56,Success,0
P004475,R004475,UPI,38.78,Success,0
P004476,R004476,Cash,89.36,Success,0
P004477,R004477,UPI,73.52,Success,0
P004478,R004478,UPI,91.08,Success,0
P004479,R004479,Card,99.88,Success,0
P004480,R004480,UPI,51.86,Success,0
P004481,R004481,UPI,47.96,Success,0
P004482,R004482,Card,140.32,Success,0
P004483,R004483,Card,105.48,Success,5
P004484,R004484,Card,37.28,Success,0
P004485,R004485,UPI,80.28,Success,5
P004486,R004486,UPI,78.94,Success,0
P004487,R004487,Cash,99.08,Success,10
P004488,R004488,UPI,112.56,Success,5
P004489,R004489,UPI,73.32,Success,5
P004490,R004490,UPI,85.72,Success,5
P004491,R004491,UPI,40.24,Success,5
P004492,R004492,UPI,58.16,Success,5
P004493,R004493,Card,60.66,Success,0
P004494,R004494,UPI,27.08,Success,0
P004495,R004495,Cash,93.4,Success,0
P004496,R004496,UPI,71.16,Success,5
P004497,R004497,Card,56.8,Success,0
P004498,R004498,UPI,80.76,Success,10
P004499,R004499,UPI,83.24,Success,0
P004500,R004500,UPI,142.96,Success,0
P004501,R004501,Card,89.2,Success,0
P004502,R004502,UPI,36.12,Success,0
P004503,R004503,UPI,67.64,Success,10
P004504,R004504,UPI,79.2,Success,5
P004505,R004505,UPI,61.96,Success,0
P004506,R004506,UPI,164.92,Failed,0
P004507,R004507,UPI,134.36,Success,10
P004508,R004508,UPI,80.32,Success,0
P004509,R004509,Card,96.08,Success,0
P004510,R004510,Card,57.52,Success,0
P004511,R004511,UPI,48.52,Pending,0
P004512,R004512,Card,152.32,Success,0
P004513,R004513,UPI,59.8,Success,0
P004514,R004514,Cash,83.72,Success,0
P004515,R004515,Card,90.24,Success,0
P004516,R004516,UPI,100.72,Success,0
P004517,R004517,UPI,120.52,Success,0
P004518,R004518,Card,34.28,Success,0
P004519,R004519,Card,38.6,Success,0
P004520,R004520,UPI,58.72,Success,0
P004521,R004521,Cash,135.88,Success,0
P004522,R004522,UPI,91.24,Success,0
P004523,R004523,Card,72.64,Success,0
P004524,R004524,Card,168.04,Success,0
P004525,R004525,Cash,53.96,Success,0
P004526,R004526,UPI,98.56,Success,0
P004527,R004527,Card,65.56,Success,0
P004528,R004528,Wallet,90.6,Success,10
P004529,R004529,UPI,78.4,Success,0
P004530,R004530,Card,49.3,Success,20
P004531,R004531,Card,36.08,Success,0
P004532,R004532,UPI,76.28,Success,0
P004533,R004533,UPI,66.94,Success,0
P004534,R004534,UPI,55.6,Success,0
P004535,R004535,Card,43.96,Success,0
P004536,R004536,UPI,90.52,Success,0
P004537,R004537,UPI,71.7,Success,0
P004538,R004538,UPI,31.34,Success,0
P004539,R004539,Card,88.1,Success,0
P004540,R004540,UPI,135.56,Success,10
P004541,R004541,Card,59.4,Success,10
P004542,R004542,Cash,46.04,Success,0
P004543,R004543,UPI,54.22,Success,0
P004544,R004544,UPI,44.58,Success,10
P004545,R004545,Cash,134.56,Success,5
P004546,R004546,UPI,92.56,Success,0
P004547,R004547,UPI,138.36,Success,0
P004548,R004548,UPI,209.52,Success,5
P004549,R004549,UPI,77.42,Success,0
P004550,R004550,UPI,83.68,Success,0
P004551,R004551,Card,71.96,Success,0
P004552,R004552,Wallet,109.16,Success,10
P004553,R004553,UPI,52.84,Failed,0
P004554,R004554,Card,40.2,Failed,0
P004555,R004555,UPI,78.92,Success,10
P004556,R004556,UPI,70.04,Success,0
P004557,R004557,UPI,193.04,Success,0
P004558,R004558,UPI,107.52,Success,5
P004559,R004559,Cash,81.32,Success,10
P004560,R004560,Card,105.72,Failed,0
P004561,R004561,UPI,233.2,Success,10
P004562,R004562,UPI,40.4,Success,0
P004563,R004563,UPI,55.0,Success,0
P004564,R004564,UPI,29.06,Success,0
P004565,R004565,UPI,143.08,Success,0
P004566,R004566,Card,77.28,Success,10
P004567,R004567,UPI,61.16,Success,0
P004568,R004568,Card,36.92,Success,0
P004569,R004569,Card,83.52,Success,10
P004570,R004570,UPI,61.0,Success,0
P004571,R004571,Card,124.8,Success,0
P004572,R004572,Cash,110.4,Failed,5
P004573,R004573,Card,92.96,Success,0
P004574,R004574,UPI,127.56,Success,20
P004575,R004575,UPI,86.12,Success,0
P004576,R004576,UPI,96.16,Success,0
P004577,R004577,UPI,32.3,Success,0
P004578,R004578,UPI,52.6,Success,0
P004579,R004579,UPI,61.84,Success,0
P004580,R004580,Card,37.32,Success,0
P004581,R004581,UPI,61.72,Success,0
P004582,R004582,UPI,68.04,Success,0
P004583,R004583,Cash,35.14,Success,5
P004584,R004584,Card,64.2,Success,0
P004585,R004585,UPI,76.68,Success,0
P004586,R004586,UPI,77.48,Success,0
P004587,R004587,UPI,110.84,Success,0
P004588,R004588,Card,57.16,Success,10
P004589,R004589,Wallet,77.84,Pending,10
P004590,R004590,UPI,119.28,Failed,20
P004591,R004591,UPI,58.82,Success,0
P004592,R004592,UPI,211.0,Success,0
P004593,R004593,UPI,54.68,Success,10
P004594,R004594,Wallet,56.8,Success,0
P004595,R004595,Card,74.44,Success,0
P004596,R004596,Card,60.82,Success,20
P004597,R004597,UPI,55.8,Success,20
P004598,R004598,UPI,44.44,Success,0
P004599,R004599,Card,95.44,Success,0
P004600,R004600,Cash,57.52,Success,0
P004601,R004601,UPI,35.0,Success,0
P004602,R004602,UPI,102.2,Success,0
P004603,R004603,Card,57.04,Success,0
P004604,R004604,UPI,142.48,Success,0
P004605,R004605,UPI,67.12,Success,0
P004606,R004606,UPI,42.36,Success,0
P004607,R004607,UPI,58.08,Success,5
P004608,R004608,Card,160.36,Success,10
P004609,R004609,Card,47.48,Success,0
P004610,R004610,Card,75.64,Success,0
P004611,R004611,UPI,89.68,Success,0
P004612,R004612,UPI,61.2,Success,5
P004613,R004613,UPI,208.64,Success,0
P004614,R004614,UPI,160.08,Success,20
P004615,R004615,Card,59.16,Success,0
P004616,R004616,Card,37.82,Success,0
P004617,R004617,Card,31.8,Success,0
P004618,R004618,UPI,56.8,Success,0
P004619,R004619,UPI,57.7,Success,5
P004620,R004620,UPI,40.44,Success,0
P004621,R004621,UPI,47.54,Success,0
P004622,R004622,UPI,61.12,Success,5
P004623,R004623,Card,50.28,Success,0
P004624,R004624,Card,181.06,Pending,0
P004625,R004625,UPI,48.8,Success,0
P004626,R004626,Card,76.84,Success,0
P004627,R004627,UPI,44.98,Success,20
P004628,R004628,Card,71.2,Success,0
P004629,R004629,UPI,93.4,Success,5
P004630,R004630,UPI,39.56,Success,0
P004631,R004631,Cash,75.4,Success,0
P004632,R004632,UPI,60.84,Success,0
P004633,R004633,Card,91.64,Success,10
P004634,R004634,UPI,75.88,Success,20
P004635,R004635,Cash,87.28,Success,0
P004636,R004636,UPI,73.44,Failed,20
P004637,R004637,UPI,52.68,Success,0
P004638,R004638,UPI,87.08,Success,0
P004639,R004639,UPI,84.6,Success,0
P004640,R004640,Card,78.16,Success,0
P004641,R004641,UPI,98.2,Success,0
P004642,R004642,Card,110.96,Success,5
P004643,R004643,Card,66.16,Success,0
P004644,R004644,UPI,98.84,Pending,0
P004645,R004645,UPI,53.46,Success,0
P004646,R004646,UPI,107.64,Success,5
P004647,R004647,Card,62.28,Success,0
P004648,R004648,Card,72.76,Success,5
P004649,R004649,Card,281.44,Success,0
P004650,R004650,UPI,39.0,Success,0
P004651,R004651,Cash,96.12,Success,0
P004652,R004652,Card,37.16,Success,0
P004653,R004653,Card,39.52,Success,5
P004654,R004654,Wallet,200.16,Success,5
P004655,R004655,Card,86.76,Success,0
P004656,R004656,UPI,60.7,Success,20
P004657,R004657,UPI,74.0,Success,0
P004658,R004658,Card,73.94,Success,0
P004659,R004659,Card,44.82,Success,10
P004660,R004660,UPI,85.74,Success,10
P004661,R004661,UPI,127.44,Success,0
P004662,R004662,UPI,84.44,Success,0
P004663,R004663,UPI,68.92,Success,0
P004664,R004664,UPI,131.8,Success,0
P004665,R004665,UPI,149.8,Success,10
P004666,R004666,UPI,28.52,Success,0
P004667,R004667,Cash,81.64,Success,0
P004668,R004668,Wallet,36.92,Success,0
P004669,R004669,UPI,138.92,Success,10
P004670,R004670,UPI,65.52,Success,5
P004671,R004671,UPI,136.84,Success,0
P004672,R004672,Card,72.16,Success,5
P004673,R004673,UPI,59.56,Success,0
P004674,R004674,UPI,85.6,Success,0
P004675,R004675,UPI,34.76,Success,0
P004676,R004676,Cash,136.24,Success,0
P004677,R004677,Card,46.6,Success,10
P004678,R004678,UPI,39.86,Success,0
P004679,R004679,UPI,81.24,Success,0
P004680,R004680,UPI,46.66,Success,0
P004681,R004681,UPI,65.48,Success,10
P004682,R004682,UPI,69.64,Success,0
P004683,R004683,UPI,76.6,Success,20
P004684,R004684,UPI,102.04,Success,0
P004685,R004685,UPI,127.2,Success,20
P004686,R004686,Cash,64.52,Success,0
P004687,R004687,Card,79.52,Success,0
P004688,R004688,Card,60.16,Success,0
P004689,R004689,UPI,48.92,Success,0
P004690,R004690,UPI,54.52,Success,0
P004691,R004691,UPI,42.32,Success,0
P004692,R004692,UPI,69.88,Success,0
P004693,R004693,UPI,64.72,Success,0
P004694,R004694,UPI,66.1,Success,20
P004695,R004695,UPI,66.64,Success,0
P004696,R004696,UPI,125.2,Success,0
P004697,R004697,Card,42.5,Success,0
P004698,R004698,UPI,165.72,Success,5
P004699,R004699,UPI,50.26,Success,20
P004700,R004700,UPI,90.88,Success,0
P004701,R004701,UPI,55.16,Success,0
P004702,R004702,UPI,65.06,Success,0
P004703,R004703,UPI,92.68,Success,0
P004704,R004704,UPI,81.16,Success,0
P004705,R004705,Cash,76.72,Success,0
P004706,R004706,UPI,35.24,Success,0
P004707,R004707,UPI,39.22,Success,5
P004708,R004708,Card,70.4,Success,10
P004709,R004709,UPI,82.4,Success,10
P004710,R004710,UPI,67.28,Success,10
P004711,R004711,Card,43.0,Success,0
P004712,R004712,Cash,28.7,Success,0
P004713,R004713,Wallet,163.16,Success,0
P004714,R004714,Card,50.74,Success,20
P004715,R004715,UPI,51.96,Success,5
P004716,R004716,Card,49.48,Success,0
P004717,R004717,UPI,63.26,Success,0
P004718,R004718,Card,112.2,Success,0
P004719,R004719,Card,80.56,Success,0
P004720,R004720,UPI,159.04,Success,0
P004721,R004721,UPI,106.12,Success,0
P004722,R004722,Card,93.16,Success,0
P004723,R004723,UPI,107.08,Success,0
P004724,R004724,Cash,104.68,Success,5
P004725,R004725,Wallet,73.32,Success,20
P004726,R004726,UPI,307.76,Success,10
P004727,R004727,UPI,231.04,Success,0
P004728,R004728,UPI,152.92,Success,0
P004729,R004729,UPI,27.68,Success,0
P004730,R004730,UPI,87.28,Success,20
P004731,R004731,Card,92.32,Success,0
P004732,R004732,Card,27.5,Success,0
P004733,R004733,UPI,64.84,Failed,0
P004734,R004734,Cash,53.88,Failed,10
P004735,R004735,UPI,96.04,Success,0
P004736,R004736,Card,228.44,Success,10
P004737,R004737,UPI,106.44,Success,0
P004738,R004738,Card,44.94,Success,0
P004739,R004739,UPI,69.16,Success,0
P004740,R004740,UPI,62.48,Success,0
P004741,R004741,UPI,142.28,Success,10
P004742,R004742,UPI,99.72,Success,20
P004743,R004743,Cash,34.06,Success,5
P004744,R004744,UPI,54.32,Success,5
P004745,R004745,UPI,68.32,Success,0
P004746,R004746,Card,87.08,Success,0
P004747,R004747,UPI,75.46,Success,10
P004748,R004748,Card,96.76,Success,0
P004749,R004749,Card,46.48,Success,0
P004750,R004750,Card,95.72,Success,0
P004751,R004751,Card,45.26,Success,0
P004752,R004752,Card,130.48,Success,0
P004753,R004753,UPI,130.4,Success,0
P004754,R004754,UPI,90.28,Success,0
P004755,R004755,UPI,86.2,Success,0
P004756,R004756,UPI,146.36,Success,0
P004757,R004757,Card,61.8,Success,5
P004758,R004758,UPI,43.16,Success,0
P004759,R004759,UPI,38.92,Success,5
P004760,R004760,Card,118.16,Success,0
P004761,R004761,Card,62.44,Success,0
P004762,R004762,UPI,255.64,Success,0
P004763,R004763,UPI,33.56,Success,0
P004764,R004764,UPI,142.0,Success,0
P004765,R004765,Card,36.64,Success,5
P004766,R004766,UPI,81.52,Success,0
P004767,R004767,UPI,36.44,Success,0
P004768,R004768,Card,58.76,Success,20
P004769,R004769,UPI,109.0,Success,0
P004770,R004770,UPI,37.8,Success,10
P004771,R004771,UPI,114.04,Success,0
P004772,R004772,UPI,49.66,Success,5
P004773,R004773,UPI,86.2,Success,0
P004774,R004774,Card,88.28,Success,10
P004775,R004775,UPI,97.08,Success,0
P004776,R004776,UPI,143.0,Success,0
P004777,R004777,Card,68.44,Success,0
P004778,R004778,UPI,52.98,Success,10
P004779,R004779,Card,77.68,Success,0
P004780,R004780,UPI,50.24,Success,0
P004781,R004781,UPI,45.84,Success,0
P004782,R004782,Card,75.52,Success,0
P004783,R004783,UPI,132.24,Success,5
P004784,R004784,Card,29.72,Success,0
P004785,R004785,UPI,82.82,Failed,0
P004786,R004786,UPI,118.96,Success,0
P004787,R004787,Cash,39.42,Success,0
P004788,R004788,UPI,84.72,Success,5
P004789,R004789,UPI,183.32,Success,10
P004790,R004790,UPI,73.68,Success,20
P004791,R004791,UPI,75.88,Success,0
P004792,R004792,UPI,98.48,Success,0
P004793,R004793,UPI,56.92,Success,0
P004794,R004794,Wallet,59.2,Success,0
P004795,R004795,UPI,64.16,Success,0
P004796,R004796,UPI,71.0,Success,10
P004797,R004797,UPI,63.5,Success,0
P004798,R004798,UPI,202.76,Success,0
P004799,R004799,Card,45.96,Success,0
P004800,R004800,UPI,78.26,Success,0
P004801,R004801,UPI,91.2,Success,5
P004802,R004802,UPI,49.94,Success,5
P004803,R004803,UPI,140.76,Success,0
P004804,R004804,Card,30.74,Success,0
P004805,R004805,Card,47.56,Success,0
P004806,R004806,UPI,56.2,Success,0
P004807,R004807,Card,71.08,Success,5
P004808,R004808,Card,33.1,Success,5
P004809,R004809,UPI,65.98,Success,10
P004810,R004810,Card,58.08,Success,5
P004811,R004811,Wallet,119.24,Failed,20
P004812,R004812,UPI,101.64,Success,0
P004813,R004813,UPI,55.84,Success,0
P004814,R004814,Card,53.18,Success,0
P004815,R004815,UPI,134.04,Success,5
P004816,R004816,UPI,70.36,Pending,0
P004817,R004817,UPI,89.08,Success,0
P004818,R004818,Card,83.32,Success,0
P004819,R004819,Card,24.68,Success,0
P004820,R004820,UPI,89.12,Success,5
P004821,R004821,UPI,59.56,Success,0
P004822,R004822,Card,34.68,Success,0
P004823,R004823,UPI,36.52,Success,0
P004824,R004824,UPI,138.0,Success,20
P004825,R004825,UPI,124.32,Success,0
P004826,R004826,UPI,72.88,Success,0
P004827,R004827,Cash,64.08,Success,5
P004828,R004828,UPI,89.68,Success,5
P004829,R004829,Card,116.52,Success,0
P004830,R004830,UPI,45.8,Success,0
P004831,R004831,UPI,59.2,Success,20
P004832,R004832,Card,69.26,Success,0
P004833,R004833,UPI,57.36,Success,5
P004834,R004834,UPI,67.88,Success,0
P004835,R004835,Card,67.84,Success,0
P004836,R004836,UPI,94.84,Success,5
P004837,R004837,UPI,82.0,Success,0
P004838,R004838,UPI,50.12,Success,0
P004839,R004839,UPI,82.64,Success,5
P004840,R004840,UPI,43.72,Success,5
P004841,R004841,Cash,53.36,Success,0
P004842,R004842,Cash,39.64,Success,0
P004843,R004843,UPI,43.38,Success,0
P004844,R004844,UPI,99.52,Success,0
P004845,R004845,Card,103.8,Success,0
P004846,R004846,UPI,36.44,Success,0
P004847,R004847,UPI,126.88,Success,0
P004848,R004848,UPI,123.0,Success,5
P004849,R004849,UPI,84.16,Success,5
P004850,R004850,UPI,123.48,Success,20
P004851,R004851,UPI,51.6,Success,5
P004852,R004852,UPI,98.88,Success,5
P004853,R004853,UPI,51.4,Success,0
P004854,R004854,Card,94.46,Success,0
P004855,R004855,Card,182.8,Success,20
P004856,R004856,UPI,77.88,Success,0
P004857,R004857,UPI,29.0,Success,0
P004858,R004858,UPI,98.32,Success,0
P004859,R004859,UPI,84.04,Success,0
P004860,R004860,UPI,55.32,Success,5
P004861,R004861,UPI,67.04,Success,0
P004862,R004862,UPI,35.16,Success,0
P004863,R004863,Cash,65.8,Success,0
P004864,R004864,UPI,138.92,Success,0
P004865,R004865,Wallet,60.52,Success,0
P004866,R004866,UPI,59.74,Success,5
P004867,R004867,Cash,67.88,Failed,0
P004868,R004868,UPI,95.72,Success,10
P004869,R004869,UPI,85.96,Success,5
P004870,R004870,UPI,41.64,Success,0
P004871,R004871,Cash,36.46,Success,5
P004872,R004872,Card,98.34,Success,0
P004873,R004873,UPI,84.52,Success,0
P004874,R004874,UPI,90.52,Success,5
P004875,R004875,UPI,108.6,Success,0
P004876,R004876,UPI,114.38,Success,0
P004877,R004877,Card,97.0,Success,5
P004878,R004878,UPI,57.08,Success,0
P004879,R004879,UPI,48.52,Success,0
P004880,R004880,UPI,45.24,Success,0
P004881,R004881,UPI,67.36,Success,0
P004882,R004882,UPI,66.36,Success,0
P004883,R004883,Cash,49.76,Failed,5
P004884,R004884,UPI,106.76,Success,0
P004885,R004885,UPI,42.44,Success,0
P004886,R004886,UPI,53.0,Success,0
P004887,R004887,UPI,83.28,Success,10
P004888,R004888,Card,65.24,Success,10
P004889,R004889,UPI,111.04,Success,0
P004890,R004890,UPI,77.36,Success,10
P004891,R004891,Cash,96.24,Success,5
P004892,R004892,UPI,74.16,Failed,10
P004893,R004893,UPI,74.84,Success,0
P004894,R004894,UPI,75.68,Success,0
P004895,R004895,Cash,45.12,Success,5
P004896,R004896,Card,60.2,Success,0
P004897,R004897,UPI,70.84,Success,0
P004898,R004898,UPI,64.7,Success,0
P004899,R004899,Card,44.06,Success,0
P004900,R004900,UPI,39.98,Success,0
P004901,R004901,Card,81.96,Success,0
P004902,R004902,UPI,74.84,Success,0
P004903,R004903,Card,56.28,Success,0
P004904,R004904,Card,34.86,Success,10
P004905,R004905,Card,64.48,Success,0
P004906,R004906,Cash,163.24,Failed,0
P004907,R004907,UPI,169.32,Success,0
P004908,R004908,UPI,48.28,Success,5
P004909,R004909,Card,65.96,Success,0
P004910,R004910,Card,166.36,Success,0
P004911,R004911,Card,92.3,Success,0
P004912,R004912,Cash,39.4,Success,0
P004913,R004913,Card,101.56,Success,0
P004914,R004914,Cash,157.84,Success,0
P004915,R004915,UPI,115.84,Success,0
P004916,R004916,Wallet,108.96,Success,20
P004917,R004917,Cash,93.64,Success,0
P004918,R004918,UPI,36.8,Success,5
P004919,R004919,UPI,32.84,Failed,0
P004920,R004920,UPI,34.84,Success,0
P004921,R004921,Card,65.32,Success,0
P004922,R004922,UPI,72.32,Success,5
P004923,R004923,Card,49.24,Success,0
P004924,R004924,Card,81.08,Success,0
P004925,R004925,UPI,69.76,Success,0
P004926,R004926,UPI,50.56,Success,5
P004927,R004927,Card,92.2,Success,0
P004928,R004928,Card,69.68,Success,0
P004929,R004929,UPI,150.52,Success,0
P004930,R004930,UPI,40.76,Success,0
P004931,R004931,UPI,76.52,Success,0
P004932,R004932,UPI,171.0,Success,0
P004933,R004933,UPI,85.08,Success,5
P004934,R004934,UPI,42.12,Success,0
P004935,R004935,UPI,89.96,Success,0
P004936,R004936,UPI,59.44,Success,0
P004937,R004937,UPI,159.76,Success,0
P004938,R004938,UPI,106.36,Success,0
P004939,R004939,Card,54.36,Success,0
P004940,R004940,UPI,154.36,Success,0
P004941,R004941,UPI,133.64,Success,0
P004942,R004942,Card,95.0,Success,0
P004943,R004943,UPI,93.64,Failed,0
P004944,R004944,UPI,41.52,Success,5
P004945,R004945,Card,71.16,Success,10
P004946,R004946,Card,41.0,Success,0
P004947,R004947,Cash,67.34,Success,0
P004948,R004948,UPI,75.38,Success,0
P004949,R004949,UPI,80.64,Success,5
P004950,R004950,UPI,117.68,Success,20
P004951,R004951,Cash,79.12,Success,0
P004952,R004952,UPI,123.52,Success,0
P004953,R004953,UPI,52.34,Success,0
P004954,R004954,UPI,53.18,Success,0
P004955,R004955,Card,77.16,Success,5
P004956,R004956,Wallet,38.06,Success,0
P004957,R004957,Wallet,130.84,Success,0
P004958,R004958,UPI,45.72,Success,0
P004959,R004959,UPI,57.76,Failed,0
P004960,R004960,UPI,47.96,Success,0
P004961,R004961,Wallet,54.52,Success,0
P004962,R004962,Card,155.56,Success,0
P004963,R004963,UPI,72.52,Success,0
P004964,R004964,Card,73.6,Success,5
P004965,R004965,UPI,70.12,Success,0
P004966,R004966,UPI,76.76,Success,10
P004967,R004967,UPI,75.32,Success,0
P004968,R004968,UPI,50.22,Success,10
P004969,R004969,Cash,269.24,Success,0
P004970,R004970,Card,83.4,Success,0
P004971,R004971,Card,52.5,Success,0
P004972,R004972,Card,85.96,Success,20
P004973,R004973,UPI,43.48,Success,0
P004974,R004974,UPI,81.28,Success,0
P004975,R004975,Wallet,87.88,Success,0
P004976,R004976,UPI,35.72,Success,0
P004977,R004977,UPI,97.76,Success,0
P004978,R004978,Card,137.28,Success,20
P004979,R004979,UPI,121.56,Success,5
P004980,R004980,Card,51.54,Success,0
P004981,R004981,UPI,86.36,Success,0
P004982,R004982,UPI,113.24,Success,20
P004983,R004983,Cash,28.22,Success,0
P004984,R004984,UPI,23.9,Success,0
P004985,R004985,Wallet,36.38,Success,0
P004986,R004986,Card,162.22,Success,20
P004987,R004987,UPI,157.44,Success,10
P004988,R004988,UPI,36.56,Success,0
P004989,R004989,Cash,141.48,Success,10
P004990,R004990,Card,117.2,Success,0
P004991,R004991,UPI,63.56,Success,0
P004992,R004992,UPI,163.8,Success,0
P004993,R004993,UPI,83.32,Success,0
P004994,R004994,UPI,109.48,Success,0
P004995,R004995,UPI,140.28,Success,5
P004996,R004996,UPI,53.72,Success,5
P004997,R004997,UPI,105.08,Success,0
P004998,R004998,Cash,55.88,Success,0
P004999,R004999,Card,126.44,Success,0
P005000,R005000,UPI,47.52,Success,0
